frame,z,height,intensity
0,0,0,0
0,1,0,0
0,2,0,0
0,3,0,0
0,4,0,0
0,5,0,0
0,6,0,0
0,7,0,0
0,8,0,0
0,9,0,0
0,10,0,0
0,11,0,0
0,12,0,0
0,13,0,0
0,14,0,0
0,15,0,0
0,16,0,0
0,17,0,0
0,18,0,0
0,19,0,0
0,20,0,0
0,21,0,0
0,22,0,0
0,23,0,0
0,24,0,0
0,25,0,0
0,26,0,0
0,27,0,0
0,28,0,0
0,29,0,0
0,30,0,0
0,31,0,0
0,32,0,0
0,33,0,0
0,34,0,0
0,35,0,0
0,36,0,0
0,37,0,0
0,38,0,0
0,39,0,0
0,40,0,0
0,41,0,0
0,42,0,0
0,43,0,0
0,44,0,0
0,45,0,0
0,46,0,0
0,47,0,0
0,48,0,0
0,49,0,0
0,50,0,0
0,51,0,0
0,52,0,0
0,53,0,0
0,54,0,0
0,55,0,0
0,56,0,0
0,57,0,0
0,58,0,0
0,59,0,0
0,60,0,0
0,61,0,0
0,62,0,0
0,63,0,0
0,64,0,0
0,65,0,0
0,66,0,0
0,67,0,0
0,68,0,0
0,69,0,0
0,70,0,0
0,71,0,0
0,72,0,0
0,73,0,0
0,74,0,0
0,75,0,0
0,76,0,0
0,77,0,0
0,78,0,0
0,79,0,0
0,80,0,0
0,81,0,0
0,82,0,0
0,83,0,0
0,84,0,0
0,85,0,0
0,86,0,0
0,87,0,0
0,88,0,0
0,89,0,0
0,90,0,0
0,91,0,0
0,92,0,0
0,93,0,0
0,94,0,0
0,95,0,0
0,96,0,0
0,97,0,0
0,98,0,0
0,99,0,0
10,0,0,0
10,1,0,0
10,2,0,0
10,3,0,0
10,4,0,0
10,5,0,0
10,6,0,0
10,7,0,0
10,8,0,0
10,9,0,0
10,10,0,0
10,11,0,0
10,12,0,0
10,13,0,0
10,14,0,0
10,15,0,0
10,16,0,0
10,17,0,0
10,18,0,0
10,19,0,0
10,20,0,0
10,21,0,0
10,22,0,0
10,23,0,0
10,24,0,0
10,25,0,0
10,26,0,0
10,27,0,0
10,28,0,0
10,29,0,0
10,30,0,0
10,31,0,0
10,32,0,0
10,33,0,0
10,34,0,0
10,35,0,0
10,36,0,0
10,37,0,0
10,38,0,0
10,39,0,0
10,40,0,0
10,41,0,0
10,42,0,0
10,43,0,0
10,44,0,0
10,45,0,0
10,46,0,0
10,47,0,0
10,48,0,0
10,49,0,0
10,50,0,0
10,51,0,0
10,52,0,0
10,53,0,0
10,54,0,0
10,55,0,0
10,56,0,0
10,57,0,0
10,58,0,0
10,59,0,0
10,60,0,0
10,61,0,0
10,62,0,0
10,63,0,0
10,64,0,0
10,65,0,0
10,66,0,0
10,67,0,0
10,68,0,0
10,69,0,0
10,70,0,0
10,71,0,0
10,72,0,0
10,73,0,0
10,74,0,0
10,75,0,0
10,76,0,0
10,77,0,0
10,78,0,0
10,79,0,0
10,80,0,0
10,81,0,0
10,82,0,0
10,83,0,0
10,84,0,0
10,85,0,0
10,86,0,0
10,87,0,0
10,88,0,0
10,89,0,0
10,90,0,0
10,91,0,0
10,92,0,0
10,93,0,0
10,94,0,0
10,95,0,0
10,96,0,0
10,97,0,0
10,98,0,0
10,99,0,0
20,0,0,0
20,1,0,0
20,2,0,0
20,3,0,0
20,4,0,0
20,5,0,0
20,6,0,0
20,7,0,0
20,8,0,0
20,9,0,0
20,10,0,0
20,11,0,0
20,12,0,0
20,13,0,0
20,14,0,0
20,15,0,0
20,16,0,0
20,17,0,0
20,18,0,0
20,19,0,0
20,20,0,0
20,21,0,0
20,22,0,0
20,23,0,0
20,24,0,0
20,25,0,0
20,26,0,0
20,27,0,0
20,28,0,0
20,29,0,0
20,30,0,0
20,31,0,0
20,32,0,0
20,33,0,0
20,34,0,0
20,35,0,0
20,36,0,0
20,37,0,0
20,38,0,0
20,39,0,0
20,40,0,0
20,41,0,0
20,42,0,0
20,43,0,0
20,44,0,0
20,45,0,0
20,46,0,0
20,47,0,0
20,48,0,0
20,49,0,0
20,50,0,0
20,51,0,0
20,52,0,0
20,53,0,0
20,54,0,0
20,55,0,0
20,56,0,0
20,57,0,0
20,58,0,0
20,59,0,0
20,60,0,0
20,61,0,0
20,62,0,0
20,63,0,0
20,64,0,0
20,65,0,0
20,66,0,0
20,67,0,0
20,68,0,0
20,69,0,0
20,70,0,0
20,71,0,0
20,72,0,0
20,73,0,0
20,74,0,0
20,75,0,0
20,76,0,0
20,77,0,0
20,78,0,0
20,79,0,0
20,80,0,0
20,81,0,0
20,82,0,0
20,83,0,0
20,84,0,0
20,85,0,0
20,86,0,0
20,87,0,0
20,88,0,0
20,89,0,0
20,90,0,0
20,91,0,0
20,92,0,0
20,93,0,0
20,94,0,0
20,95,0,0
20,96,0,0
20,97,0,0
20,98,0,0
20,99,0,0
30,0,0,0
30,1,0,0
30,2,0,0
30,3,0,0
30,4,0,0
30,5,0,0
30,6,0,0
30,7,0,0
30,8,0,0
30,9,0,0
30,10,0,0
30,11,0,0
30,12,0,0
30,13,0,0
30,14,0,0
30,15,0,0
30,16,0,0
30,17,0,0
30,18,0,0
30,19,0,0
30,20,0,0
30,21,0,0
30,22,0,0
30,23,0,0
30,24,0,0
30,25,0,0
30,26,0,0
30,27,0,0
30,28,0,0
30,29,0,0
30,30,0,0
30,31,0,0
30,32,0,0
30,33,0,0
30,34,0,0
30,35,0,0
30,36,0,0
30,37,0,0
30,38,0,0
30,39,0,0
30,40,0,0
30,41,0,0
30,42,0,0
30,43,0,0
30,44,0,0
30,45,0,0
30,46,0,0
30,47,0,0
30,48,0,0
30,49,0,0
30,50,0,0
30,51,0,0
30,52,0,0
30,53,0,0
30,54,0,0
30,55,0,0
30,56,0,0
30,57,0,0
30,58,0,0
30,59,0,0
30,60,0,0
30,61,0,0
30,62,0,0
30,63,0,0
30,64,0,0
30,65,0,0
30,66,0,0
30,67,0,0
30,68,0,0
30,69,0,0
30,70,0,0
30,71,0,0
30,72,0,0
30,73,0,0
30,74,0,0
30,75,0,0
30,76,0,0
30,77,0,0
30,78,0,0
30,79,0,0
30,80,0,0
30,81,0,0
30,82,0,0
30,83,0,0
30,84,0,0
30,85,0,0
30,86,0,0
30,87,0,0
30,88,0,0
30,89,0,0
30,90,0,0
30,91,0,0
30,92,0,0
30,93,0,0
30,94,0,0
30,95,0,0
30,96,0,0
30,97,0,0
30,98,0,0
30,99,0,0
40,0,0,0
40,1,0,0
40,2,0,0
40,3,0,0
40,4,0,0
40,5,0,0
40,6,0,0
40,7,0,0
40,8,0,0
40,9,0,0
40,10,0,0
40,11,0,0
40,12,0,0
40,13,0,0
40,14,0,0
40,15,0,0
40,16,0,0
40,17,0,0
40,18,0,0
40,19,0,0
40,20,0,0
40,21,0,0
40,22,0,0
40,23,0,0
40,24,0,0
40,25,0,0
40,26,0,0
40,27,0,0
40,28,0,0
40,29,0,0
40,30,0,0
40,31,0,0
40,32,0,0
40,33,0,0
40,34,0,0
40,35,0,0
40,36,0,0
40,37,0,0
40,38,0,0
40,39,0,0
40,40,0,0
40,41,0,0
40,42,0,0
40,43,0,0
40,44,0,0
40,45,0,0
40,46,0,0
40,47,0,0
40,48,0,0
40,49,0,0
40,50,0,0
40,51,0,0
40,52,0,0
40,53,0,0
40,54,0,0
40,55,0,0
40,56,0,0
40,57,0,0
40,58,0,0
40,59,0,0
40,60,0,0
40,61,0,0
40,62,0,0
40,63,0,0
40,64,0,0
40,65,0,0
40,66,0,0
40,67,0,0
40,68,0,0
40,69,0,0
40,70,0,0
40,71,0,0
40,72,0,0
40,73,0,0
40,74,0,0
40,75,0,0
40,76,0,0
40,77,0,0
40,78,0,0
40,79,0,0
40,80,0,0
40,81,0,0
40,82,0,0
40,83,0,0
40,84,0,0
40,85,0,0
40,86,0,0
40,87,0,0
40,88,0,0
40,89,0,0
40,90,0,0
40,91,0,0
40,92,0,0
40,93,0,0
40,94,0,0
40,95,0,0
40,96,0,0
40,97,0,0
40,98,0,0
40,99,0,0
50,0,0,0
50,1,0,0
50,2,0,0
50,3,0,0
50,4,0,0
50,5,0,0
50,6,0,0
50,7,0,0
50,8,0,0
50,9,0,0
50,10,0,0
50,11,0,0
50,12,0,0
50,13,0,0
50,14,0,0
50,15,0,0
50,16,0,0
50,17,0,0
50,18,0,0
50,19,0,0
50,20,0,0
50,21,0,0
50,22,0,0
50,23,0,0
50,24,0,0
50,25,0,0
50,26,0,0
50,27,0,0
50,28,0,0
50,29,0,0
50,30,0,0
50,31,0,0
50,32,0,0
50,33,0,0
50,34,0,0
50,35,0,0
50,36,0,0
50,37,0,0
50,38,0,0
50,39,0,0
50,40,0,0
50,41,0,0
50,42,0,0
50,43,0,0
50,44,0,0
50,45,0,0
50,46,0,0
50,47,0,0
50,48,0,0
50,49,0,0
50,50,0,0
50,51,0,0
50,52,0,0
50,53,0,0
50,54,0,0
50,55,0,0
50,56,0,0
50,57,0,0
50,58,0,0
50,59,0,0
50,60,0,0
50,61,0,0
50,62,0,0
50,63,0,0
50,64,0,0
50,65,0,0
50,66,0,0
50,67,0,0
50,68,0,0
50,69,0,0
50,70,0,0
50,71,0,0
50,72,0,0
50,73,0,0
50,74,0,0
50,75,0,0
50,76,0,0
50,77,0,0
50,78,0,0
50,79,0,0
50,80,0,0
50,81,0,0
50,82,0,0
50,83,0,0
50,84,0,0
50,85,0,0
50,86,0,0
50,87,0,0
50,88,0,0
50,89,0,0
50,90,0,0
50,91,0,0
50,92,0,0
50,93,0,0
50,94,0,0
50,95,0,0
50,96,0,0
50,97,0,0
50,98,0,0
50,99,0,0
60,0,0,0
60,1,0,0
60,2,0,0
60,3,0,0
60,4,0,0
60,5,0,0
60,6,0,0
60,7,0,0
60,8,0,0
60,9,0,0
60,10,0,0
60,11,0,0
60,12,0,0
60,13,0,0
60,14,0,0
60,15,0,0
60,16,0,0
60,17,0,0
60,18,0,0
60,19,0,0
60,20,0,0
60,21,0,0
60,22,0,0
60,23,0,0
60,24,0,0
60,25,0,0
60,26,0,0
60,27,0,0
60,28,0,0
60,29,0,0
60,30,0,0
60,31,0,0
60,32,0,0
60,33,0,0
60,34,0,0
60,35,0,0
60,36,0,0
60,37,0,0
60,38,0,0
60,39,0,0
60,40,0,0
60,41,0,0
60,42,0,0
60,43,0,0
60,44,0,0
60,45,0,0
60,46,0,0
60,47,0,0
60,48,0,0
60,49,0,0
60,50,0,0
60,51,0,0
60,52,0,0
60,53,0,0
60,54,0,0
60,55,0,0
60,56,0,0
60,57,0,0
60,58,0,0
60,59,0,0
60,60,0,0
60,61,0,0
60,62,0,0
60,63,0,0
60,64,0,0
60,65,0,0
60,66,0,0
60,67,0,0
60,68,0,0
60,69,0,0
60,70,0,0
60,71,0,0
60,72,0,0
60,73,0,0
60,74,0,0
60,75,0,0
60,76,0,0
60,77,0,0
60,78,0,0
60,79,0,0
60,80,0,0
60,81,0,0
60,82,0,0
60,83,0,0
60,84,0,0
60,85,0,0
60,86,0,0
60,87,0,0
60,88,0,0
60,89,0,0
60,90,0,0
60,91,0,0
60,92,0,0
60,93,0,0
60,94,0,0
60,95,0,0
60,96,0,0
60,97,0,0
60,98,0,0
60,99,0,0
70,0,0,0
70,1,0,0
70,2,0,0
70,3,0,0
70,4,0,0
70,5,0,0
70,6,0,0
70,7,0,0
70,8,0,0
70,9,0,0
70,10,0,0
70,11,0,0
70,12,0,0
70,13,0,0
70,14,0,0
70,15,0,0
70,16,0,0
70,17,0,0
70,18,0,0
70,19,0,0
70,20,0,0
70,21,0,0
70,22,0,0
70,23,0,0
70,24,0,0
70,25,0,0
70,26,0,0
70,27,0,0
70,28,0,0
70,29,0,0
70,30,0,0
70,31,0,0
70,32,0,0
70,33,0,0
70,34,0,0
70,35,0,0
70,36,0,0
70,37,0,0
70,38,0,0
70,39,0,0
70,40,0,0
70,41,0,0
70,42,0,0
70,43,0,0
70,44,0,0
70,45,0,0
70,46,0,0
70,47,0,0
70,48,0,0
70,49,0,0
70,50,0,0
70,51,0,0
70,52,0,0
70,53,0,0
70,54,0,0
70,55,0,0
70,56,0,0
70,57,0,0
70,58,0,0
70,59,0,0
70,60,0,0
70,61,0,0
70,62,0,0
70,63,0,0
70,64,0,0
70,65,0,0
70,66,0,0
70,67,0,0
70,68,0,0
70,69,0,0
70,70,0,0
70,71,0,0
70,72,0,0
70,73,0,0
70,74,0,0
70,75,0,0
70,76,0,0
70,77,0,0
70,78,0,0
70,79,0,0
70,80,0,0
70,81,0,0
70,82,0,0
70,83,0,0
70,84,0,0
70,85,0,0
70,86,0,0
70,87,0,0
70,88,0,0
70,89,0,0
70,90,0,0
70,91,0,0
70,92,0,0
70,93,0,0
70,94,0,0
70,95,0,0
70,96,0,0
70,97,0,0
70,98,0,0
70,99,0,0
80,0,0,0
80,1,0,0
80,2,0,0
80,3,0,0
80,4,0,0
80,5,0,0
80,6,0,0
80,7,0,0
80,8,0,0
80,9,0,0
80,10,0,0
80,11,0,0
80,12,0,0
80,13,0,0
80,14,0,0
80,15,0,0
80,16,0,0
80,17,0,0
80,18,0,0
80,19,0,0
80,20,0,0
80,21,0,0
80,22,0,0
80,23,0,0
80,24,0,0
80,25,0,0
80,26,0,0
80,27,0,0
80,28,0,0
80,29,0,0
80,30,0,0
80,31,0,0
80,32,0,0
80,33,0,0
80,34,0,0
80,35,0,0
80,36,0,0
80,37,0,0
80,38,8.87933e-20,7.88425e-39
80,39,1.87523e-18,3.51649e-36
80,40,1.82673e-17,3.33695e-34
80,41,1.09782e-16,1.20521e-32
80,42,4.60252e-16,2.11832e-31
80,43,1.44553e-15,2.08955e-30
80,44,3.57033e-15,1.27472e-29
80,45,7.1902e-15,5.1699e-29
80,46,1.21464e-14,1.47534e-28
80,47,1.76097e-14,3.10102e-28
80,48,2.23114e-14,4.97798e-28
80,49,2.50274e-14,6.26372e-28
80,50,2.50274e-14,6.26372e-28
80,51,2.23114e-14,4.97798e-28
80,52,1.76097e-14,3.10102e-28
80,53,1.21464e-14,1.47534e-28
80,54,7.1902e-15,5.1699e-29
80,55,3.57033e-15,1.27472e-29
80,56,1.44553e-15,2.08955e-30
80,57,4.60252e-16,2.11832e-31
80,58,1.09782e-16,1.20521e-32
80,59,1.82673e-17,3.33695e-34
80,60,1.87523e-18,3.51649e-36
80,61,8.87933e-20,7.88425e-39
80,62,0,0
80,63,0,0
80,64,0,0
80,65,0,0
80,66,0,0
80,67,0,0
80,68,0,0
80,69,0,0
80,70,0,0
80,71,0,0
80,72,0,0
80,73,0,0
80,74,0,0
80,75,0,0
80,76,0,0
80,77,0,0
80,78,0,0
80,79,0,0
80,80,0,0
80,81,0,0
80,82,0,0
80,83,0,0
80,84,0,0
80,85,0,0
80,86,0,0
80,87,0,0
80,88,0,0
80,89,0,0
80,90,0,0
80,91,0,0
80,92,0,0
80,93,0,0
80,94,0,0
80,95,0,0
80,96,0,0
80,97,0,0
80,98,0,0
80,99,0,0
90,0,0,0
90,1,0,0
90,2,0,0
90,3,0,0
90,4,0,0
90,5,0,0
90,6,0,0
90,7,0,0
90,8,0,0
90,9,0,0
90,10,0,0
90,11,0,0
90,12,0,0
90,13,0,0
90,14,0,0
90,15,0,0
90,16,0,0
90,17,0,0
90,18,0,0
90,19,0,0
90,20,0,0
90,21,0,0
90,22,0,0
90,23,0,0
90,24,0,0
90,25,0,0
90,26,0,0
90,27,0,0
90,28,1.40598e-17,1.97678e-34
90,29,5.31298e-16,2.82277e-31
90,30,9.55736e-15,9.13431e-29
90,31,1.09197e-13,1.19239e-26
90,32,8.92608e-13,7.9675e-25
90,33,5.57922e-12,3.11277e-23
90,34,2.785e-11,7.75622e-22
90,35,1.14572e-10,1.31268e-20
90,36,3.98052e-10,1.58446e-19
90,37,1.19132e-09,1.41925e-18
90,38,3.12285e-09,9.75219e-18
90,39,7.27092e-09,5.28663e-17
90,40,1.52157e-08,2.31517e-16
90,41,2.89054e-08,8.35521e-16
90,42,5.02624e-08,2.52631e-15
90,43,8.05433e-08,6.48722e-15
90,44,1.19597e-07,1.43034e-14
90,45,1.65275e-07,2.73159e-14
90,46,2.1329e-07,4.54926e-14
90,47,2.57705e-07,6.64118e-14
90,48,2.92054e-07,8.52955e-14
90,49,3.10819e-07,9.66082e-14
90,50,3.10819e-07,9.66082e-14
90,51,2.92054e-07,8.52955e-14
90,52,2.57705e-07,6.64118e-14
90,53,2.1329e-07,4.54926e-14
90,54,1.65275e-07,2.73159e-14
90,55,1.19597e-07,1.43034e-14
90,56,8.05433e-08,6.48722e-15
90,57,5.02624e-08,2.5263e-15
90,58,2.89054e-08,8.35521e-16
90,59,1.52157e-08,2.31517e-16
90,60,7.27092e-09,5.28663e-17
90,61,3.12285e-09,9.75219e-18
90,62,1.19132e-09,1.41925e-18
90,63,3.98052e-10,1.58446e-19
90,64,1.14572e-10,1.31268e-20
90,65,2.785e-11,7.75622e-22
90,66,5.57922e-12,3.11277e-23
90,67,8.92609e-13,7.9675e-25
90,68,1.09197e-13,1.19239e-26
90,69,9.55736e-15,9.1343e-29
90,70,5.31298e-16,2.82277e-31
90,71,1.40598e-17,1.97678e-34
90,72,0,0
90,73,0,0
90,74,0,0
90,75,0,0
90,76,0,0
90,77,0,0
90,78,0,0
90,79,0,0
90,80,0,0
90,81,0,0
90,82,0,0
90,83,0,0
90,84,0,0
90,85,0,0
90,86,0,0
90,87,0,0
90,88,0,0
90,89,0,0
90,90,0,0
90,91,0,0
90,92,0,0
90,93,0,0
90,94,0,0
90,95,0,0
90,96,0,0
90,97,0,0
90,98,0,0
90,99,0,0
100,0,0,0
100,1,0,0
100,2,0,0
100,3,0,0
100,4,0,0
100,5,0,0
100,6,0,0
100,7,0,0
100,8,0,0
100,9,0,0
100,10,0,0
100,11,0,0
100,12,0,0
100,13,0,0
100,14,0,0
100,15,0,0
100,16,0,0
100,17,0,0
100,18,5.72122e-17,3.27323e-33
100,19,2.91929e-15,8.52226e-30
100,20,7.16076e-14,5.12765e-27
100,21,1.12554e-12,1.26684e-24
100,22,1.27533e-11,1.62647e-22
100,23,1.11144e-10,1.23531e-20
100,24,7.76506e-10,6.02961e-19
100,25,4.47776e-09,2.00503e-17
100,26,2.17878e-08,4.74707e-16
100,27,9.10462e-08,8.28941e-15
100,28,3.31605e-07,1.09962e-13
100,29,1.06624e-06,1.13687e-12
100,30,3.06133e-06,9.37173e-12
100,31,7.92951e-06,6.28771e-11
100,32,1.8703e-05,3.49802e-10
100,33,4.05106e-05,1.64111e-09
100,34,8.11925e-05,6.59223e-09
100,35,0.0001516,2.29826e-08
100,36,0.000265299,7.03836e-08
100,37,0.000437457,1.91368e-07
100,38,0.000682871,4.66313e-07
100,39,0.00101332,1.02683e-06
100,40,0.00143468,2.05832e-06
100,41,0.00194434,3.78046e-06
100,42,0.00252953,6.39854e-06
100,43,0.00316704,1.00301e-05
100,44,0.00382438,1.46259e-05
100,45,0.00446248,1.99137e-05
100,46,0.00503934,2.5395e-05
100,47,0.00551438,3.04084e-05
100,48,0.00585264,3.42534e-05
100,49,0.00602853,3.63432e-05
100,50,0.00602853,3.63432e-05
100,51,0.00585264,3.42534e-05
100,52,0.00551438,3.04084e-05
100,53,0.00503934,2.53949e-05
100,54,0.00446248,1.99137e-05
100,55,0.00382438,1.46259e-05
100,56,0.00316704,1.00301e-05
100,57,0.00252953,6.39854e-06
100,58,0.00194434,3.78046e-06
100,59,0.00143468,2.05832e-06
100,60,0.00101332,1.02683e-06
100,61,0.000682871,4.66313e-07
100,62,0.000437457,1.91368e-07
100,63,0.000265299,7.03836e-08
100,64,0.0001516,2.29826e-08
100,65,8.11925e-05,6.59223e-09
100,66,4.05106e-05,1.64111e-09
100,67,1.8703e-05,3.49802e-10
100,68,7.92951e-06,6.28771e-11
100,69,3.06133e-06,9.37173e-12
100,70,1.06624e-06,1.13687e-12
100,71,3.31605e-07,1.09962e-13
100,72,9.10462e-08,8.2894e-15
100,73,2.17878e-08,4.74707e-16
100,74,4.47776e-09,2.00503e-17
100,75,7.76506e-10,6.02962e-19
100,76,1.11144e-10,1.23531e-20
100,77,1.27533e-11,1.62647e-22
100,78,1.12554e-12,1.26684e-24
100,79,7.16076e-14,5.12765e-27
100,80,2.91929e-15,8.52226e-30
100,81,5.72122e-17,3.27323e-33
100,82,0,0
100,83,0,0
100,84,0,0
100,85,0,0
100,86,0,0
100,87,0,0
100,88,0,0
100,89,0,0
100,90,0,0
100,91,0,0
100,92,0,0
100,93,0,0
100,94,0,0
100,95,0,0
100,96,0,0
100,97,0,0
100,98,0,0
100,99,0,0
110,0,0,0
110,1,0,0
110,2,0,0
110,3,0,0
110,4,0,0
110,5,0,0
110,6,0,0
110,7,0,0
110,8,3.17441e-17,1.00768e-33
110,9,1.97292e-15,3.89241e-30
110,10,5.92586e-14,3.51158e-27
110,11,1.14612e-12,1.31358e-24
110,12,1.6048e-11,2.57539e-22
110,13,1.73428e-10,3.00772e-20
110,14,1.50613e-09,2.26842e-18
110,15,1.08083e-08,1.16819e-16
110,16,6.54197e-08,4.27974e-15
110,17,3.39318e-07,1.15137e-13
110,18,1.5276e-06,2.33356e-12
110,19,6.03363e-06,3.64047e-11
110,20,2.11039e-05,4.45376e-10
110,21,6.59165e-05,4.34498e-09
110,22,0.000185272,3.43256e-08
110,23,0.000471995,2.2278e-07
110,24,0.00109735,1.20417e-06
110,25,0.00234338,5.49143e-06
110,26,0.00462479,2.13887e-05
110,27,0.00848361,7.19717e-05
110,28,0.0145415,0.000211455
110,29,0.0234035,0.000547725
110,30,0.0355228,0.00126187
110,31,0.0510523,0.00260634
110,32,0.0697225,0.00486123
110,33,0.0907842,0.00824177
110,34,0.113042,0.0127785
110,35,0.134982,0.0182201
110,36,0.154971,0.0240159
110,37,0.171482,0.0294062
110,38,0.183311,0.033603
110,39,0.189726,0.0359958
110,40,0.190544,0.036307
110,41,0.18613,0.0346443
110,42,0.177315,0.0314404
110,43,0.165277,0.0273165
110,44,0.1514,0.0229218
110,45,0.137124,0.0188031
110,46,0.123827,0.0153332
110,47,0.112715,0.0127046
110,48,0.104748,0.0109722
110,49,0.100595,0.0101194
110,50,0.100595,0.0101194
110,51,0.104748,0.0109722
110,52,0.112715,0.0127046
110,53,0.123827,0.0153332
110,54,0.137124,0.0188031
110,55,0.1514,0.0229218
110,56,0.165277,0.0273165
110,57,0.177315,0.0314404
110,58,0.18613,0.0346443
110,59,0.190544,0.0363071
110,60,0.189726,0.0359958
110,61,0.183311,0.033603
110,62,0.171482,0.0294062
110,63,0.154971,0.0240159
110,64,0.134982,0.0182201
110,65,0.113042,0.0127785
110,66,0.0907842,0.00824176
110,67,0.0697225,0.00486123
110,68,0.0510523,0.00260634
110,69,0.0355228,0.00126187
110,70,0.0234035,0.000547726
110,71,0.0145415,0.000211455
110,72,0.00848361,7.19717e-05
110,73,0.00462479,2.13887e-05
110,74,0.00234338,5.49143e-06
110,75,0.00109735,1.20417e-06
110,76,0.000471995,2.2278e-07
110,77,0.000185272,3.43256e-08
110,78,6.59165e-05,4.34498e-09
110,79,2.11039e-05,4.45376e-10
110,80,6.03363e-06,3.64047e-11
110,81,1.5276e-06,2.33356e-12
110,82,3.39318e-07,1.15137e-13
110,83,6.54197e-08,4.27974e-15
110,84,1.08083e-08,1.16819e-16
110,85,1.50613e-09,2.26842e-18
110,86,1.73428e-10,3.00773e-20
110,87,1.6048e-11,2.57539e-22
110,88,1.14612e-12,1.31358e-24
110,89,5.92586e-14,3.51158e-27
110,90,1.97292e-15,3.89241e-30
110,91,3.17441e-17,1.00768e-33
110,92,0,0
110,93,0,0
110,94,0,0
110,95,0,0
110,96,0,0
110,97,0,0
110,98,0,0
110,99,0,0
120,0,0,0
120,1,2.75872e-13,7.61051e-26
120,2,4.5237e-12,2.04638e-23
120,3,5.73597e-11,3.29014e-21
120,4,5.86051e-10,3.43456e-19
120,5,4.95815e-09,2.45833e-17
120,6,3.54263e-08,1.25502e-15
120,7,2.16976e-07,4.70786e-14
120,8,1.15242e-06,1.32807e-12
120,9,5.3573e-06,2.87007e-11
120,10,2.19644e-05,4.82435e-10
120,11,7.99274e-05,6.38839e-09
120,12,0.000259564,6.73733e-08
120,13,0.000755851,5.7131e-07
120,14,0.00198205,3.92853e-06
120,15,0.00469825,2.20735e-05
120,16,0.0101012,0.000102035
120,17,0.019756,0.0003903
120,18,0.0352275,0.00124098
120,19,0.0573366,0.00328749
120,20,0.0851316,0.00724739
120,21,0.114882,0.013198
120,22,0.139563,0.0194779
120,23,0.149276,0.0222834
120,24,0.132839,0.0176462
120,25,0.0803525,0.00645653
120,26,-0.0138755,0.000192529
120,27,-0.148954,0.0221872
120,28,-0.316425,0.100125
120,29,-0.501104,0.251106
120,30,-0.683572,0.467271
120,31,-0.843602,0.711665
120,32,-0.963595,0.928515
120,33,-1.03118,1.06334
120,34,-1.04055,1.08274
120,35,-0.992387,0.984831
120,36,-0.892848,0.797177
120,37,-0.751841,0.565266
120,38,-0.58122,0.337817
120,39,-0.393153,0.15457
120,40,-0.1989,0.0395611
120,41,-0.00804583,6.47354e-05
120,42,0.171837,0.0295281
120,43,0.335199,0.112359
120,44,0.478293,0.228764
120,45,0.598838,0.358608
120,46,0.695641,0.483917
120,47,0.768226,0.590171
120,48,0.816525,0.666713
120,49,0.840631,0.706661
120,50,0.840631,0.706661
120,51,0.816525,0.666714
120,52,0.768226,0.590172
120,53,0.695641,0.483917
120,54,0.598839,0.358608
120,55,0.478293,0.228765
120,56,0.3352,0.112359
120,57,0.171838,0.0295282
120,58,-0.0080461,6.47397e-05
120,59,-0.1989,0.0395613
120,60,-0.393154,0.15457
120,61,-0.58122,0.337817
120,62,-0.751842,0.565266
120,63,-0.892848,0.797177
120,64,-0.992387,0.984832
120,65,-1.04055,1.08274
120,66,-1.03118,1.06334
120,67,-0.963594,0.928514
120,68,-0.843602,0.711665
120,69,-0.683572,0.467271
120,70,-0.501104,0.251106
120,71,-0.316425,0.100125
120,72,-0.148954,0.0221872
120,73,-0.0138755,0.000192528
120,74,0.0803525,0.00645652
120,75,0.132839,0.0176462
120,76,0.149276,0.0222835
120,77,0.139563,0.0194779
120,78,0.114882,0.013198
120,79,0.0851316,0.00724739
120,80,0.0573366,0.00328749
120,81,0.0352275,0.00124098
120,82,0.019756,0.0003903
120,83,0.0101012,0.000102035
120,84,0.00469825,2.20735e-05
120,85,0.00198205,3.92853e-06
120,86,0.000755851,5.7131e-07
120,87,0.000259564,6.73733e-08
120,88,7.99274e-05,6.38839e-09
120,89,2.19644e-05,4.82435e-10
120,90,5.3573e-06,2.87007e-11
120,91,1.15242e-06,1.32807e-12
120,92,2.16976e-07,4.70787e-14
120,93,3.54263e-08,1.25502e-15
120,94,4.95815e-09,2.45833e-17
120,95,5.86051e-10,3.43456e-19
120,96,5.73597e-11,3.29014e-21
120,97,4.5237e-12,2.04638e-23
120,98,2.75872e-13,7.61051e-26
120,99,0,0
130,0,0,0
130,1,2.65244e-05,7.03543e-10
130,2,0.000104077,1.0832e-08
130,3,0.000348168,1.21221e-07
130,4,0.00104057,1.0828e-06
130,5,0.00278849,7.77568e-06
130,6,0.00670413,4.49453e-05
130,7,0.014452,0.00020886
130,8,0.0278723,0.000776864
130,9,0.0478636,0.00229093
130,10,0.0724914,0.00525501
130,11,0.094937,0.00901303
130,12,0.102623,0.0105316
130,13,0.079027,0.00624526
130,14,0.00881482,7.7701e-05
130,15,-0.11477,0.013172
130,16,-0.283041,0.0801123
130,17,-0.468933,0.219898
130,18,-0.630478,0.397503
130,19,-0.720924,0.519731
130,20,-0.702671,0.493747
130,21,-0.559869,0.313453
130,22,-0.304242,0.0925632
130,23,0.0285222,0.000813518
130,24,0.390124,0.152196
130,25,0.733541,0.538082
130,26,1.02382,1.04821
130,27,1.24254,1.54392
130,28,1.38616,1.92145
130,29,1.46073,2.13374
130,30,1.47615,2.17902
130,31,1.44198,2.07931
130,32,1.36563,1.86496
130,33,1.25242,1.56855
130,34,1.10659,1.22455
130,35,0.932558,0.869664
130,36,0.73561,0.541121
130,37,0.522128,0.272618
130,38,0.299291,0.0895753
130,39,0.0745178,0.00555291
130,40,-0.145139,0.0210654
130,41,-0.353482,0.12495
130,42,-0.545478,0.297546
130,43,-0.717361,0.514606
130,44,-0.86657,0.750944
130,45,-0.991577,0.983225
130,46,-1.09163,1.19166
130,47,-1.16652,1.36076
130,48,-1.21629,1.47937
130,49,-1.24113,1.54039
130,50,-1.24113,1.54039
130,51,-1.21629,1.47937
130,52,-1.16652,1.36076
130,53,-1.09163,1.19166
130,54,-0.991577,0.983225
130,55,-0.866571,0.750945
130,56,-0.717361,0.514607
130,57,-0.545478,0.297546
130,58,-0.353483,0.12495
130,59,-0.145139,0.0210654
130,60,0.0745179,0.00555292
130,61,0.299291,0.0895752
130,62,0.522128,0.272618
130,63,0.73561,0.541121
130,64,0.932558,0.869664
130,65,1.10659,1.22455
130,66,1.25242,1.56855
130,67,1.36563,1.86496
130,68,1.44198,2.07931
130,69,1.47615,2.17902
130,70,1.46073,2.13374
130,71,1.38616,1.92145
130,72,1.24254,1.54392
130,73,1.02382,1.04821
130,74,0.733541,0.538082
130,75,0.390124,0.152196
130,76,0.0285223,0.000813524
130,77,-0.304242,0.0925631
130,78,-0.559868,0.313453
130,79,-0.702671,0.493747
130,80,-0.720924,0.519731
130,81,-0.630478,0.397503
130,82,-0.468933,0.219898
130,83,-0.283041,0.0801123
130,84,-0.11477,0.0131721
130,85,0.00881474,7.76997e-05
130,86,0.0790269,0.00624526
130,87,0.102623,0.0105316
130,88,0.094937,0.00901303
130,89,0.0724914,0.005255
130,90,0.0478636,0.00229093
130,91,0.0278723,0.000776864
130,92,0.014452,0.00020886
130,93,0.00670413,4.49453e-05
130,94,0.00278849,7.77568e-06
130,95,0.00104057,1.0828e-06
130,96,0.000348168,1.21221e-07
130,97,0.000104077,1.0832e-08
130,98,2.65244e-05,7.03543e-10
130,99,0,0
140,0,0,0
140,1,0.0330777,0.00109413
140,2,0.0558963,0.0031244
140,3,0.0554844,0.00307852
140,4,0.0174777,0.00030547
140,5,-0.0672187,0.00451835
140,6,-0.193316,0.037371
140,7,-0.335491,0.112554
140,8,-0.451329,0.203698
140,9,-0.493412,0.243455
140,10,-0.42609,0.181553
140,11,-0.240226,0.0577087
140,12,0.0401426,0.00161143
140,13,0.363233,0.131938
140,14,0.666898,0.444754
140,15,0.900838,0.811509
140,16,1.04106,1.0838
140,17,1.08769,1.18307
140,18,1.04983,1.10214
140,19,0.931426,0.867554
140,20,0.729541,0.53223
140,21,0.444111,0.197235
140,22,0.088651,0.007859
140,23,-0.307305,0.0944364
140,24,-0.70518,0.497279
140,25,-1.06822,1.14109
140,26,-1.36986,1.87652
140,27,-1.59653,2.54891
140,28,-1.74558,3.04703
140,29,-1.821,3.31603
140,30,-1.82947,3.34695
140,31,-1.77797,3.16116
140,32,-1.67308,2.7992
140,33,-1.52134,2.31446
140,34,-1.3298,1.76838
140,35,-1.10651,1.22436
140,36,-0.86037,0.740237
140,37,-0.600799,0.36096
140,38,-0.337093,0.113631
140,39,-0.0778099,0.00605437
140,40,0.169704,0.0287993
140,41,0.39959,0.159672
140,42,0.607563,0.369132
140,43,0.790798,0.625362
140,44,0.947722,0.898176
140,45,1.07772,1.16147
140,46,1.18082,1.39434
140,47,1.25745,1.58118
140,48,1.30814,1.71123
140,49,1.33335,1.77782
140,50,1.33335,1.77782
140,51,1.30814,1.71123
140,52,1.25745,1.58118
140,53,1.18082,1.39434
140,54,1.07772,1.16147
140,55,0.947721,0.898176
140,56,0.790799,0.625362
140,57,0.607562,0.369132
140,58,0.39959,0.159672
140,59,0.169704,0.0287994
140,60,-0.0778088,0.00605421
140,61,-0.337092,0.113631
140,62,-0.600799,0.36096
140,63,-0.860369,0.740236
140,64,-1.10651,1.22436
140,65,-1.32981,1.76838
140,66,-1.52134,2.31446
140,67,-1.67308,2.79921
140,68,-1.77797,3.16116
140,69,-1.82947,3.34695
140,70,-1.821,3.31603
140,71,-1.74558,3.04703
140,72,-1.59653,2.54891
140,73,-1.36986,1.87652
140,74,-1.06822,1.14109
140,75,-0.705181,0.49728
140,76,-0.307305,0.0944363
140,77,0.0886512,0.00785904
140,78,0.444111,0.197235
140,79,0.729541,0.53223
140,80,0.931425,0.867553
140,81,1.04983,1.10215
140,82,1.08769,1.18307
140,83,1.04106,1.0838
140,84,0.900838,0.811509
140,85,0.666898,0.444753
140,86,0.363232,0.131938
140,87,0.0401425,0.00161142
140,88,-0.240226,0.0577085
140,89,-0.42609,0.181553
140,90,-0.493412,0.243455
140,91,-0.451329,0.203698
140,92,-0.335491,0.112554
140,93,-0.193316,0.0373711
140,94,-0.0672187,0.00451835
140,95,0.0174777,0.00030547
140,96,0.0554844,0.00307852
140,97,0.0558964,0.0031244
140,98,0.0330777,0.00109414
140,99,0,0
150,0,0,0
150,1,0.0418168,0.00174865
150,2,0.12142,0.0147429
150,3,0.259012,0.0670872
150,4,0.443052,0.196295
150,5,0.62883,0.395427
150,6,0.757848,0.574334
150,7,0.789572,0.623424
150,8,0.719718,0.517994
150,9,0.567637,0.322212
150,10,0.34854,0.12148
150,11,0.0646952,0.00418547
150,12,-0.274917,0.0755793
150,13,-0.634694,0.402836
150,14,-0.960279,0.922136
150,15,-1.2056,1.45347
150,16,-1.34877,1.81918
150,17,-1.38517,1.9187
150,18,-1.3138,1.72608
150,19,-1.13447,1.28703
150,20,-0.855077,0.731157
150,21,-0.497124,0.247133
150,22,-0.0929307,0.00863612
150,23,0.322731,0.104156
150,24,0.720165,0.518637
150,25,1.07789,1.16185
150,26,1.38178,1.90931
150,27,1.62253,2.63262
150,28,1.79374,3.21751
150,29,1.8912,3.57663
150,30,1.91336,3.66095
150,31,1.86206,3.46725
150,32,1.74289,3.03766
150,33,1.56497,2.44914
150,34,1.34008,1.79581
150,35,1.08143,1.1695
150,36,0.802483,0.643979
150,37,0.515795,0.266045
150,38,0.232303,0.0539647
150,39,-0.0391285,0.00153104
150,40,-0.291831,0.0851652
150,41,-0.521215,0.271665
150,42,-0.724518,0.524927
150,43,-0.900441,0.810793
150,44,-1.04878,1.09995
150,45,-1.17008,1.36909
150,46,-1.26528,1.60093
150,47,-1.33545,1.78344
150,48,-1.3816,1.90883
150,49,-1.40448,1.97255
150,50,-1.40448,1.97256
150,51,-1.3816,1.90883
150,52,-1.33545,1.78344
150,53,-1.26528,1.60093
150,54,-1.17008,1.36909
150,55,-1.04878,1.09995
150,56,-0.90044,0.810793
150,57,-0.724518,0.524926
150,58,-0.521216,0.271667
150,59,-0.291832,0.0851662
150,60,-0.0391292,0.0015311
150,61,0.232302,0.0539642
150,62,0.515794,0.266043
150,63,0.802481,0.643975
150,64,1.08143,1.16949
150,65,1.34008,1.7958
150,66,1.56497,2.44913
150,67,1.74289,3.03766
150,68,1.86206,3.46725
150,69,1.91336,3.66095
150,70,1.8912,3.57663
150,71,1.79374,3.21751
150,72,1.62253,2.63262
150,73,1.38178,1.90931
150,74,1.07789,1.16185
150,75,0.720165,0.518637
150,76,0.322732,0.104156
150,77,-0.0929303,0.00863603
150,78,-0.497125,0.247133
150,79,-0.855078,0.731158
150,80,-1.13448,1.28703
150,81,-1.3138,1.72607
150,82,-1.38517,1.9187
150,83,-1.34877,1.81918
150,84,-1.2056,1.45347
150,85,-0.960279,0.922136
150,86,-0.634693,0.402836
150,87,-0.274916,0.075579
150,88,0.0646952,0.00418547
150,89,0.34854,0.12148
150,90,0.567637,0.322212
150,91,0.719718,0.517994
150,92,0.789572,0.623424
150,93,0.757848,0.574334
150,94,0.62883,0.395427
150,95,0.443052,0.196295
150,96,0.259012,0.0670873
150,97,0.12142,0.0147429
150,98,0.0418167,0.00174864
150,99,0,0
160,0,0,0
160,1,-0.395219,0.156198
160,2,-0.726941,0.528443
160,3,-0.968499,0.93799
160,4,-1.11521,1.24369
160,5,-1.1541,1.33195
160,6,-1.07674,1.15936
160,7,-0.911652,0.83111
160,8,-0.711278,0.505917
160,9,-0.501338,0.25134
160,10,-0.264387,0.0699006
160,11,0.0218825,0.000478844
160,12,0.348409,0.121389
160,13,0.68129,0.464156
160,14,0.985383,0.97098
160,15,1.23027,1.51356
160,16,1.38521,1.9188
160,17,1.42398,2.02771
160,18,1.33708,1.78778
160,19,1.13569,1.28978
160,20,0.843955,0.71226
160,21,0.488862,0.238986
160,22,0.0952711,0.00907659
160,23,-0.313597,0.0983429
160,24,-0.714201,0.510083
160,25,-1.08236,1.1715
160,26,-1.39521,1.9466
160,27,-1.63419,2.67057
160,28,-1.78755,3.19533
160,29,-1.85137,3.42758
160,30,-1.82909,3.34556
160,31,-1.72987,2.99245
160,32,-1.56664,2.45435
160,33,-1.35406,1.83347
160,34,-1.10695,1.22534
160,35,-0.839172,0.70421
160,36,-0.562907,0.316865
160,37,-0.288346,0.0831436
160,38,-0.023609,0.000557387
160,39,0.22518,0.0507059
160,40,0.45369,0.205834
160,41,0.659152,0.434481
160,42,0.840073,0.705723
160,43,0.99597,0.991957
160,44,1.12708,1.27032
160,45,1.23413,1.52309
160,46,1.31808,1.73734
160,47,1.37994,1.90424
160,48,1.42062,2.01815
160,49,1.44078,2.07584
160,50,1.44078,2.07584
160,51,1.42062,2.01815
160,52,1.37994,1.90424
160,53,1.31808,1.73734
160,54,1.23413,1.52309
160,55,1.12709,1.27032
160,56,0.995971,0.991957
160,57,0.840072,0.705721
160,58,0.659152,0.434481
160,59,0.45369,0.205834
160,60,0.225181,0.0507066
160,61,-0.0236088,0.000557376
160,62,-0.288345,0.0831429
160,63,-0.562908,0.316865
160,64,-0.839171,0.704208
160,65,-1.10695,1.22534
160,66,-1.35406,1.83347
160,67,-1.56664,2.45435
160,68,-1.72987,2.99245
160,69,-1.82908,3.34555
160,70,-1.85137,3.42758
160,71,-1.78755,3.19533
160,72,-1.63419,2.67057
160,73,-1.39521,1.9466
160,74,-1.08236,1.1715
160,75,-0.714201,0.510084
160,76,-0.313596,0.0983428
160,77,0.0952725,0.00907685
160,78,0.488861,0.238986
160,79,0.843954,0.712259
160,80,1.13569,1.28978
160,81,1.33708,1.78778
160,82,1.42398,2.02771
160,83,1.38521,1.91879
160,84,1.23027,1.51356
160,85,0.985385,0.970983
160,86,0.68129,0.464156
160,87,0.348409,0.121389
160,88,0.0218822,0.000478833
160,89,-0.264388,0.0699008
160,90,-0.501338,0.251339
160,91,-0.711278,0.505916
160,92,-0.911653,0.831111
160,93,-1.07674,1.15936
160,94,-1.1541,1.33195
160,95,-1.11521,1.24369
160,96,-0.968499,0.93799
160,97,-0.72694,0.528442
160,98,-0.395219,0.156198
160,99,0,0
170,0,0,0
170,1,0.469673,0.220593
170,2,0.905937,0.820723
170,3,1.24081,1.53961
170,4,1.41289,1.99627
170,5,1.42527,2.03138
170,6,1.32237,1.74866
170,7,1.11957,1.25343
170,8,0.800551,0.640882
170,9,0.385502,0.148612
170,10,-0.0450287,0.00202758
170,11,-0.411391,0.169243
170,12,-0.690367,0.476607
170,13,-0.898637,0.807548
170,14,-1.05022,1.10297
170,15,-1.1467,1.31491
170,16,-1.18867,1.41294
170,17,-1.17587,1.38267
170,18,-1.09883,1.20743
170,19,-0.941174,0.885808
170,20,-0.693153,0.480462
170,21,-0.363042,0.1318
170,22,0.0222064,0.000493123
170,23,0.425398,0.180964
170,24,0.809586,0.655429
170,25,1.14524,1.31158
170,26,1.41304,1.99667
170,27,1.60305,2.56976
170,28,1.71253,2.93275
170,29,1.74392,3.04125
170,30,1.70301,2.90025
170,31,1.59793,2.55339
170,32,1.43848,2.06924
170,33,1.23538,1.52616
170,34,0.999925,0.99985
170,35,0.743308,0.552506
170,36,0.476154,0.226722
170,37,0.208067,0.0432918
170,38,-0.0527836,0.00278611
170,39,-0.299745,0.0898468
170,40,-0.527893,0.278671
170,41,-0.733809,0.538475
170,42,-0.915534,0.838203
170,43,-1.07223,1.14967
170,44,-1.20396,1.44951
170,45,-1.31138,1.71971
170,46,-1.39548,1.94736
170,47,-1.45735,2.12385
170,48,-1.49796,2.2439
170,49,-1.51808,2.30456
170,50,-1.51808,2.30456
170,51,-1.49796,2.24389
170,52,-1.45734,2.12385
170,53,-1.39548,1.94735
170,54,-1.31138,1.71971
170,55,-1.20396,1.44951
170,56,-1.07223,1.14967
170,57,-0.915533,0.838201
170,58,-0.733808,0.538475
170,59,-0.527893,0.278671
170,60,-0.299744,0.0898464
170,61,-0.0527834,0.00278609
170,62,0.208069,0.0432925
170,63,0.476154,0.226723
170,64,0.743309,0.552508
170,65,0.999925,0.99985
170,66,1.23538,1.52615
170,67,1.43848,2.06924
170,68,1.59793,2.55339
170,69,1.70301,2.90024
170,70,1.74392,3.04125
170,71,1.71253,2.93275
170,72,1.60305,2.56976
170,73,1.41304,1.99668
170,74,1.14524,1.31158
170,75,0.809586,0.655429
170,76,0.425398,0.180964
170,77,0.022206,0.000493108
170,78,-0.363042,0.131799
170,79,-0.693153,0.480461
170,80,-0.941173,0.885807
170,81,-1.09883,1.20743
170,82,-1.17587,1.38268
170,83,-1.18867,1.41294
170,84,-1.1467,1.31491
170,85,-1.05022,1.10297
170,86,-0.898637,0.807548
170,87,-0.690368,0.476608
170,88,-0.411392,0.169243
170,89,-0.0450286,0.00202758
170,90,0.385502,0.148612
170,91,0.800551,0.640882
170,92,1.11957,1.25343
170,93,1.32237,1.74866
170,94,1.42527,2.03139
170,95,1.41289,1.99627
170,96,1.24081,1.53961
170,97,0.905937,0.820722
170,98,0.469674,0.220594
170,99,0,0
180,0,0,0
180,1,-0.497505,0.247511
180,2,-0.949804,0.902128
180,3,-1.28975,1.66344
180,4,-1.46454,2.14488
180,5,-1.46952,2.1595
180,6,-1.3234,1.75139
180,7,-1.03841,1.0783
180,8,-0.636292,0.404868
180,9,-0.172149,0.0296352
180,10,0.279281,0.077998
180,11,0.660913,0.436807
180,12,0.95399,0.910097
180,13,1.1621,1.35048
180,14,1.27918,1.6363
180,15,1.28502,1.65127
180,16,1.17528,1.38129
180,17,0.9821,0.964521
180,18,0.755789,0.571217
180,19,0.531278,0.282257
180,20,0.314457,0.0988829
180,21,0.0918578,0.00843786
180,22,-0.154734,0.0239425
180,23,-0.43591,0.190018
180,24,-0.745327,0.555513
180,25,-1.0596,1.12275
180,26,-1.34421,1.80689
180,27,-1.56447,2.44757
180,28,-1.69771,2.88221
180,29,-1.73575,3.01282
180,30,-1.68389,2.83548
180,31,-1.5558,2.42052
180,32,-1.3674,1.86977
180,33,-1.13553,1.28943
180,34,-0.874796,0.765268
180,35,-0.598584,0.358303
180,36,-0.318264,0.101292
180,37,-0.0431266,0.0018599
180,38,0.218998,0.0479601
180,39,0.462824,0.214206
180,40,0.684168,0.468086
180,41,0.881098,0.776333
180,42,1.05243,1.1076
180,43,1.19845,1.43629
180,44,1.31984,1.74198
180,45,1.41794,2.01056
180,46,1.49412,2.23241
180,47,1.54982,2.40195
180,48,1.58622,2.5161
180,49,1.60419,2.57343
180,50,1.60419,2.57343
180,51,1.58622,2.5161
180,52,1.54982,2.40195
180,53,1.49412,2.23241
180,54,1.41794,2.01055
180,55,1.31984,1.74198
180,56,1.19845,1.43629
180,57,1.05243,1.1076
180,58,0.881097,0.776333
180,59,0.684167,0.468085
180,60,0.462824,0.214206
180,61,0.218999,0.0479606
180,62,-0.0431276,0.00185999
180,63,-0.318263,0.101292
180,64,-0.598584,0.358303
180,65,-0.874795,0.765266
180,66,-1.13553,1.28943
180,67,-1.3674,1.86977
180,68,-1.5558,2.42051
180,69,-1.68389,2.83548
180,70,-1.73575,3.01282
180,71,-1.69771,2.88221
180,72,-1.56447,2.44756
180,73,-1.34421,1.80689
180,74,-1.0596,1.12274
180,75,-0.745328,0.555514
180,76,-0.43591,0.190018
180,77,-0.154734,0.0239427
180,78,0.0918592,0.00843812
180,79,0.314458,0.0988837
180,80,0.53128,0.282258
180,81,0.755789,0.571217
180,82,0.982101,0.964522
180,83,1.17529,1.3813
180,84,1.28502,1.65127
180,85,1.27918,1.63631
180,86,1.1621,1.35049
180,87,0.953991,0.910099
180,88,0.660914,0.436807
180,89,0.279282,0.0779984
180,90,-0.172148,0.0296351
180,91,-0.636292,0.404868
180,92,-1.03841,1.0783
180,93,-1.3234,1.75139
180,94,-1.46952,2.1595
180,95,-1.46454,2.14488
180,96,-1.28975,1.66344
180,97,-0.949804,0.902128
180,98,-0.497505,0.247511
180,99,0,0
190,0,0,0
190,1,0.519979,0.270379
190,2,0.958325,0.918386
190,3,1.28172,1.64281
190,4,1.46341,2.14156
190,5,1.46058,2.13329
190,6,1.27052,1.61422
190,7,0.944881,0.892799
190,8,0.530914,0.28187
190,9,0.0587702,0.00345394
190,10,-0.414977,0.172206
190,11,-0.814595,0.663565
190,12,-1.10126,1.21278
190,13,-1.28019,1.63889
190,14,-1.35224,1.82855
190,15,-1.29696,1.68211
190,16,-1.11708,1.24787
190,17,-0.866565,0.750934
190,18,-0.605129,0.366181
190,19,-0.348121,0.121188
190,20,-0.0838846,0.00703663
190,21,0.184696,0.0341127
190,22,0.431052,0.185805
190,23,0.632903,0.400566
190,24,0.801012,0.64162
190,25,0.962945,0.927264
190,26,1.13485,1.28789
190,27,1.31194,1.72118
190,28,1.46765,2.15399
190,29,1.57011,2.46526
190,30,1.59172,2.53357
190,31,1.5175,2.30281
190,32,1.3527,1.82979
190,33,1.11644,1.24643
190,34,0.837961,0.702179
190,35,0.543543,0.295439
190,36,0.253026,0.0640224
190,37,-0.0223337,0.000498793
190,38,-0.277725,0.0771311
190,39,-0.510594,0.260706
190,40,-0.720595,0.519258
190,41,-0.906443,0.821639
190,42,-1.06842,1.14153
190,43,-1.20612,1.45473
190,44,-1.32072,1.74429
190,45,-1.41296,1.99645
190,46,-1.48454,2.20387
190,47,-1.53666,2.36131
190,48,-1.57069,2.46707
190,49,-1.58744,2.51998
190,50,-1.58744,2.51998
190,51,-1.57069,2.46707
190,52,-1.53666,2.36131
190,53,-1.48454,2.20387
190,54,-1.41296,1.99645
190,55,-1.32072,1.74429
190,56,-1.20612,1.45473
190,57,-1.06842,1.14153
190,58,-0.906444,0.82164
190,59,-0.720596,0.519259
190,60,-0.510594,0.260706
190,61,-0.277725,0.077131
190,62,-0.0223335,0.000498785
190,63,0.253026,0.064022
190,64,0.543543,0.295439
190,65,0.837959,0.702176
190,66,1.11644,1.24643
190,67,1.3527,1.82979
190,68,1.5175,2.30281
190,69,1.59172,2.53357
190,70,1.57011,2.46525
190,71,1.46765,2.15399
190,72,1.31194,1.72118
190,73,1.13485,1.28789
190,74,0.962944,0.927262
190,75,0.801013,0.641622
190,76,0.632904,0.400567
190,77,0.431052,0.185806
190,78,0.184696,0.0341128
190,79,-0.0838839,0.00703651
190,80,-0.348121,0.121188
190,81,-0.605129,0.366181
190,82,-0.866565,0.750934
190,83,-1.11708,1.24787
190,84,-1.29696,1.68211
190,85,-1.35224,1.82855
190,86,-1.28019,1.63889
190,87,-1.10126,1.21278
190,88,-0.814596,0.663567
190,89,-0.414977,0.172206
190,90,0.0587696,0.00345387
190,91,0.530915,0.281871
190,92,0.944882,0.892801
190,93,1.27052,1.61423
190,94,1.46058,2.13329
190,95,1.46341,2.14156
190,96,1.28172,1.64281
190,97,0.958324,0.918386
190,98,0.51998,0.270379
190,99,0,0
200,0,0,0
200,1,-0.518698,0.269047
200,2,-0.985117,0.970455
200,3,-1.32513,1.75596
200,4,-1.49302,2.22911
200,5,-1.48916,2.21759
200,6,-1.31496,1.72913
200,7,-0.978479,0.95742
200,8,-0.532112,0.283143
200,9,-0.0415594,0.00172719
200,10,0.451758,0.204086
200,11,0.899206,0.808571
200,12,1.23473,1.52456
200,13,1.4253,2.03148
200,14,1.48296,2.19918
200,15,1.42346,2.02624
200,16,1.25002,1.56255
200,17,0.982825,0.965944
200,18,0.678445,0.460288
200,19,0.384868,0.148124
200,20,0.102883,0.0105849
200,21,-0.170674,0.0291296
200,22,-0.412373,0.170052
200,23,-0.606014,0.367253
200,24,-0.773183,0.597812
200,25,-0.950555,0.903554
200,26,-1.14058,1.30093
200,27,-1.31891,1.73952
200,28,-1.46831,2.15594
200,29,-1.58981,2.52749
200,30,-1.68671,2.84499
200,31,-1.73831,3.02173
200,32,-1.71509,2.94153
200,33,-1.59388,2.54045
200,34,-1.37491,1.89039
200,35,-1.08186,1.17043
200,36,-0.749691,0.562036
200,37,-0.419547,0.17602
200,38,-0.121055,0.0146543
200,39,0.127302,0.0162058
200,40,0.325878,0.106197
200,41,0.482984,0.233274
200,42,0.611582,0.374032
200,43,0.720646,0.51933
200,44,0.814835,0.663956
200,45,0.894942,0.800921
200,46,0.959903,0.921414
200,47,1.00894,1.01796
200,48,1.04147,1.08465
200,49,1.05769,1.11871
200,50,1.05769,1.1187
200,51,1.04147,1.08465
200,52,1.00894,1.01796
200,53,0.959903,0.921414
200,54,0.894941,0.800919
200,55,0.814834,0.663955
200,56,0.720645,0.519329
200,57,0.611582,0.374033
200,58,0.482985,0.233275
200,59,0.325878,0.106196
200,60,0.127302,0.0162059
200,61,-0.121056,0.0146546
200,62,-0.419547,0.17602
200,63,-0.749692,0.562038
200,64,-1.08186,1.17043
200,65,-1.37492,1.89039
200,66,-1.59388,2.54045
200,67,-1.71509,2.94153
200,68,-1.73831,3.02173
200,69,-1.68671,2.84499
200,70,-1.58981,2.52749
200,71,-1.46831,2.15594
200,72,-1.31891,1.73952
200,73,-1.14058,1.30093
200,74,-0.950554,0.903553
200,75,-0.773183,0.597812
200,76,-0.606013,0.367252
200,77,-0.412375,0.170053
200,78,-0.170674,0.0291298
200,79,0.102882,0.0105848
200,80,0.384866,0.148122
200,81,0.678445,0.460288
200,82,0.982824,0.965943
200,83,1.25002,1.56255
200,84,1.42346,2.02624
200,85,1.48296,2.19918
200,86,1.4253,2.03148
200,87,1.23473,1.52456
200,88,0.899207,0.808572
200,89,0.451758,0.204086
200,90,-0.0415616,0.00172737
200,91,-0.532113,0.283144
200,92,-0.978477,0.957416
200,93,-1.31496,1.72913
200,94,-1.48916,2.21759
200,95,-1.49302,2.22911
200,96,-1.32513,1.75596
200,97,-0.985118,0.970457
200,98,-0.518698,0.269048
200,99,0,0
210,0,0,0
210,1,0.573164,0.328517
210,2,1.06305,1.13008
210,3,1.412,1.99373
210,4,1.57261,2.47309
210,5,1.51347,2.29059
210,6,1.24875,1.55937
210,7,0.819973,0.672355
210,8,0.265743,0.0706192
210,9,-0.353072,0.12466
210,10,-0.944914,0.892863
210,11,-1.4423,2.08024
210,12,-1.81398,3.29053
210,13,-2.02464,4.09917
210,14,-2.04878,4.1975
210,15,-1.90257,3.61976
210,16,-1.62282,2.63355
210,17,-1.24002,1.53764
210,18,-0.787206,0.619693
210,19,-0.321054,0.103076
210,20,0.109708,0.0120358
210,21,0.498854,0.248856
210,22,0.839368,0.704538
210,23,1.11383,1.24061
210,24,1.33031,1.76973
210,25,1.51923,2.30806
210,26,1.70365,2.90242
210,27,1.868,3.48942
210,28,1.99925,3.99699
210,29,2.1115,4.45844
210,30,2.20337,4.85484
210,31,2.24683,5.04825
210,32,2.20045,4.84199
210,33,2.05528,4.22418
210,34,1.82859,3.34375
210,35,1.53496,2.35609
210,36,1.1822,1.39761
210,37,0.778977,0.606805
210,38,0.357986,0.128154
210,39,-0.0391246,0.00153074
210,40,-0.371557,0.138054
210,41,-0.619713,0.384044
210,42,-0.783802,0.614345
210,43,-0.882445,0.778708
210,44,-0.941952,0.887274
210,45,-0.986829,0.973831
210,46,-1.03171,1.06442
210,47,-1.07821,1.16253
210,48,-1.11877,1.25164
210,49,-1.14261,1.30555
210,50,-1.1426,1.30554
210,51,-1.11877,1.25165
210,52,-1.0782,1.16253
210,53,-1.03171,1.06443
210,54,-0.986826,0.973826
210,55,-0.941953,0.887276
210,56,-0.882443,0.778705
210,57,-0.783802,0.614346
210,58,-0.619712,0.384044
210,59,-0.371558,0.138055
210,60,-0.0391241,0.0015307
210,61,0.357986,0.128154
210,62,0.778975,0.606802
210,63,1.18221,1.39761
210,64,1.53496,2.35609
210,65,1.82859,3.34375
210,66,2.05528,4.22418
210,67,2.20045,4.84199
210,68,2.24683,5.04825
210,69,2.20337,4.85483
210,70,2.1115,4.45844
210,71,1.99925,3.99699
210,72,1.868,3.48942
210,73,1.70365,2.90241
210,74,1.51923,2.30806
210,75,1.33031,1.76973
210,76,1.11383,1.24061
210,77,0.839367,0.704538
210,78,0.498853,0.248854
210,79,0.109707,0.0120356
210,80,-0.321054,0.103076
210,81,-0.787206,0.619693
210,82,-1.24002,1.53764
210,83,-1.62282,2.63354
210,84,-1.90257,3.61976
210,85,-2.04878,4.1975
210,86,-2.02464,4.09917
210,87,-1.81398,3.29054
210,88,-1.44231,2.08024
210,89,-0.944915,0.892864
210,90,-0.353071,0.124659
210,91,0.265743,0.0706192
210,92,0.819974,0.672357
210,93,1.24875,1.55937
210,94,1.51347,2.29058
210,95,1.57261,2.47309
210,96,1.41199,1.99373
210,97,1.06305,1.13007
210,98,0.573164,0.328517
210,99,0,0
220,0,0,0
220,1,-0.282194,0.0796336
220,2,-0.524227,0.274813
220,3,-0.684882,0.469064
220,4,-0.732577,0.536669
220,5,-0.652847,0.426209
220,6,-0.446348,0.199227
220,7,-0.127263,0.0161959
220,8,0.278493,0.0775583
220,9,0.73421,0.539064
220,10,1.18931,1.41445
220,11,1.58679,2.5179
220,12,1.88106,3.53837
220,13,2.04542,4.18372
220,14,2.06437,4.26162
220,15,1.92535,3.70697
220,16,1.63791,2.68274
220,17,1.24654,1.55387
220,18,0.793269,0.629275
220,19,0.306486,0.0939336
220,20,-0.176848,0.0312751
220,21,-0.623473,0.388719
220,22,-1.01931,1.03899
220,23,-1.36241,1.85617
220,24,-1.6422,2.69681
220,25,-1.86013,3.46009
220,26,-2.04346,4.17572
220,27,-2.19518,4.81883
220,28,-2.30087,5.294
220,29,-2.35512,5.54659
220,30,-2.36252,5.58151
220,31,-2.31095,5.34049
220,32,-2.16543,4.68908
220,33,-1.92224,3.695
220,34,-1.60055,2.56175
220,35,-1.21796,1.48343
220,36,-0.774871,0.600425
220,37,-0.287002,0.0823702
220,38,0.19884,0.0395374
220,39,0.635693,0.404105
220,40,0.998514,0.99703
220,41,1.28731,1.65717
220,42,1.49813,2.2444
220,43,1.62466,2.63951
220,44,1.66352,2.76731
220,45,1.63063,2.65895
220,46,1.55321,2.41246
220,47,1.46344,2.14167
220,48,1.38757,1.92536
220,49,1.34481,1.80851
220,50,1.34481,1.80852
220,51,1.38757,1.92536
220,52,1.46344,2.14167
220,53,1.55321,2.41246
220,54,1.63063,2.65895
220,55,1.66352,2.76731
220,56,1.62466,2.63951
220,57,1.49813,2.2444
220,58,1.28731,1.65717
220,59,0.998515,0.997032
220,60,0.635694,0.404107
220,61,0.198843,0.0395386
220,62,-0.287001,0.0823697
220,63,-0.77487,0.600423
220,64,-1.21796,1.48343
220,65,-1.60055,2.56175
220,66,-1.92224,3.695
220,67,-2.16543,4.68907
220,68,-2.31095,5.3405
220,69,-2.36252,5.58151
220,70,-2.35512,5.54659
220,71,-2.30087,5.294
220,72,-2.19518,4.81882
220,73,-2.04346,4.17571
220,74,-1.86013,3.46008
220,75,-1.6422,2.69681
220,76,-1.36241,1.85617
220,77,-1.01931,1.03899
220,78,-0.623473,0.388719
220,79,-0.176847,0.0312748
220,80,0.306488,0.0939348
220,81,0.793268,0.629274
220,82,1.24655,1.55388
220,83,1.63791,2.68274
220,84,1.92535,3.70696
220,85,2.06437,4.26161
220,86,2.04541,4.18372
220,87,1.88106,3.53837
220,88,1.58679,2.5179
220,89,1.18931,1.41445
220,90,0.734209,0.539063
220,91,0.278492,0.077558
220,92,-0.127262,0.0161956
220,93,-0.446348,0.199227
220,94,-0.652846,0.426208
220,95,-0.732576,0.536668
220,96,-0.684882,0.469063
220,97,-0.524226,0.274813
220,98,-0.282195,0.0796341
220,99,0,0
230,0,0,0
230,1,0.235634,0.0555233
230,2,0.427621,0.18286
230,3,0.529971,0.28087
230,4,0.508619,0.258693
230,5,0.35087,0.12311
230,6,0.0610201,0.00372345
230,7,-0.338437,0.11454
230,8,-0.806189,0.649941
230,9,-1.29143,1.66779
230,10,-1.73559,3.01226
230,11,-2.07884,4.32159
230,12,-2.27796,5.18909
230,13,-2.30727,5.32351
230,14,-2.16128,4.67114
230,15,-1.86106,3.46356
230,16,-1.43653,2.06361
230,17,-0.921871,0.849847
230,18,-0.368117,0.13551
230,19,0.176301,0.0310819
230,20,0.689893,0.475952
230,21,1.15364,1.33089
230,22,1.53569,2.35834
230,23,1.82483,3.33
230,24,2.02497,4.10049
230,25,2.13514,4.55884
230,26,2.16147,4.67196
230,27,2.12281,4.50632
230,28,2.03842,4.15517
230,29,1.91083,3.65125
230,30,1.75316,3.07358
230,31,1.58097,2.49947
230,32,1.3834,1.9138
230,33,1.1423,1.30485
230,34,0.856139,0.732974
230,35,0.538903,0.290417
230,36,0.186135,0.0346461
230,37,-0.201734,0.0406968
230,38,-0.599058,0.358871
230,39,-0.968753,0.938482
230,40,-1.29399,1.67441
230,41,-1.5686,2.46051
230,42,-1.76737,3.12359
230,43,-1.85573,3.44374
230,44,-1.82177,3.31886
230,45,-1.69269,2.8652
230,46,-1.51162,2.285
230,47,-1.32052,1.74377
230,48,-1.15762,1.34009
230,49,-1.06238,1.12865
230,50,-1.06238,1.12865
230,51,-1.15762,1.34009
230,52,-1.32052,1.74376
230,53,-1.51162,2.285
230,54,-1.69269,2.8652
230,55,-1.82177,3.31886
230,56,-1.85573,3.44374
230,57,-1.76737,3.12359
230,58,-1.5686,2.46052
230,59,-1.29399,1.67441
230,60,-0.968754,0.938485
230,61,-0.59906,0.358873
230,62,-0.201735,0.0406968
230,63,0.186134,0.034646
230,64,0.538904,0.290417
230,65,0.856137,0.732971
230,66,1.1423,1.30485
230,67,1.3834,1.9138
230,68,1.58097,2.49947
230,69,1.75316,3.07358
230,70,1.91083,3.65125
230,71,2.03843,4.15518
230,72,2.12281,4.50632
230,73,2.16147,4.67196
230,74,2.13514,4.55884
230,75,2.02497,4.10049
230,76,1.82483,3.33
230,77,1.53569,2.35835
230,78,1.15364,1.33089
230,79,0.689895,0.475955
230,80,0.176303,0.0310829
230,81,-0.368115,0.135509
230,82,-0.921871,0.849847
230,83,-1.43652,2.0636
230,84,-1.86106,3.46355
230,85,-2.16128,4.67114
230,86,-2.30727,5.32351
230,87,-2.27796,5.18909
230,88,-2.07884,4.32159
230,89,-1.73558,3.01225
230,90,-1.29143,1.66779
230,91,-0.806191,0.649944
230,92,-0.338438,0.11454
230,93,0.0610202,0.00372346
230,94,0.350869,0.123109
230,95,0.508617,0.258691
230,96,0.529972,0.28087
230,97,0.427621,0.182859
230,98,0.235633,0.0555231
230,99,0,0
240,0,0,0
240,1,-0.24179,0.0584622
240,2,-0.431868,0.18651
240,3,-0.533661,0.284794
240,4,-0.505488,0.255518
240,5,-0.321588,0.103419
240,6,0.0113912,0.000129759
240,7,0.480683,0.231056
240,8,1.04809,1.09849
240,9,1.63526,2.67408
240,10,2.16434,4.68437
240,11,2.55868,6.54683
240,12,2.73782,7.49564
240,13,2.66015,7.0764
240,14,2.33058,5.43161
240,15,1.78322,3.17988
240,16,1.08854,1.18492
240,17,0.336312,0.113106
240,18,-0.397387,0.157916
240,19,-1.0475,1.09725
240,20,-1.56424,2.44684
240,21,-1.93124,3.7297
240,22,-2.15134,4.62827
240,23,-2.23027,4.97409
240,24,-2.1875,4.78516
240,25,-2.06732,4.27381
240,26,-1.90982,3.6474
240,27,-1.74075,3.03021
240,28,-1.59246,2.53593
240,29,-1.48079,2.19274
240,30,-1.39354,1.94195
240,31,-1.30516,1.70344
240,32,-1.19278,1.42271
240,33,-1.02801,1.0568
240,34,-0.784379,0.615251
240,35,-0.463042,0.214408
240,36,-0.0733883,0.00538585
240,37,0.377188,0.14227
240,38,0.868321,0.753982
240,39,1.34772,1.81635
240,40,1.76282,3.10752
240,41,2.07996,4.32624
240,42,2.27294,5.16627
240,43,2.32023,5.38349
240,44,2.23326,4.98744
240,45,2.06227,4.25297
240,46,1.858,3.45215
240,47,1.64776,2.71512
240,48,1.45818,2.1263
240,49,1.33957,1.79445
240,50,1.33957,1.79445
240,51,1.45818,2.12629
240,52,1.64776,2.71512
240,53,1.858,3.45215
240,54,2.06227,4.25297
240,55,2.23326,4.98744
240,56,2.32023,5.38348
240,57,2.27294,5.16626
240,58,2.07996,4.32624
240,59,1.76282,3.10752
240,60,1.34772,1.81636
240,61,0.868322,0.753983
240,62,0.377187,0.14227
240,63,-0.073389,0.00538594
240,64,-0.463042,0.214408
240,65,-0.784379,0.61525
240,66,-1.02801,1.0568
240,67,-1.19278,1.42272
240,68,-1.30516,1.70345
240,69,-1.39354,1.94196
240,70,-1.48079,2.19275
240,71,-1.59246,2.53593
240,72,-1.74075,3.03022
240,73,-1.90982,3.6474
240,74,-2.06732,4.27381
240,75,-2.1875,4.78515
240,76,-2.23027,4.97409
240,77,-2.15134,4.62826
240,78,-1.93124,3.7297
240,79,-1.56424,2.44683
240,80,-1.0475,1.09725
240,81,-0.397386,0.157916
240,82,0.336311,0.113105
240,83,1.08854,1.18491
240,84,1.78322,3.17988
240,85,2.33058,5.4316
240,86,2.66015,7.07639
240,87,2.73782,7.49563
240,88,2.55868,6.54683
240,89,2.16434,4.68437
240,90,1.63526,2.67408
240,91,1.04809,1.09849
240,92,0.480684,0.231057
240,93,0.0113939,0.00012982
240,94,-0.321587,0.103418
240,95,-0.505489,0.255519
240,96,-0.533659,0.284792
240,97,-0.431869,0.186511
240,98,-0.24179,0.0584622
240,99,0,0
250,0,0,0
250,1,0.404283,0.163445
250,2,0.714693,0.510786
250,3,0.836336,0.699458
250,4,0.730106,0.533054
250,5,0.400009,0.160007
250,6,-0.123224,0.0151842
250,7,-0.759306,0.576545
250,8,-1.41578,2.00442
250,9,-2.01186,4.0476
250,10,-2.46482,6.07533
250,11,-2.72057,7.4015
250,12,-2.76111,7.62374
250,13,-2.57309,6.62077
250,14,-2.16291,4.6782
250,15,-1.57224,2.47195
250,16,-0.85371,0.728821
250,17,-0.0696726,0.00485427
250,18,0.700766,0.491073
250,19,1.38716,1.92422
250,20,1.94455,3.78127
250,21,2.34059,5.47834
250,22,2.56222,6.56496
250,23,2.62567,6.89412
250,24,2.55037,6.50441
250,25,2.3627,5.58233
250,26,2.10806,4.44393
250,27,1.83115,3.3531
250,28,1.56493,2.44901
250,29,1.337,1.78757
250,30,1.16827,1.36485
250,31,1.0467,1.09558
250,32,0.944327,0.891753
250,33,0.836709,0.700083
250,34,0.691213,0.477776
250,35,0.469765,0.220679
250,36,0.15101,0.0228041
250,37,-0.25895,0.0670551
250,38,-0.742027,0.550604
250,39,-1.25826,1.58323
250,40,-1.74973,3.06156
250,41,-2.16004,4.66578
250,42,-2.44518,5.97889
250,43,-2.56498,6.5791
250,44,-2.50722,6.28617
250,45,-2.31655,5.3664
250,46,-2.06887,4.28021
250,47,-1.81893,3.30851
250,48,-1.60182,2.56583
250,49,-1.46786,2.15461
250,50,-1.46786,2.15461
250,51,-1.60182,2.56583
250,52,-1.81893,3.30851
250,53,-2.06887,4.28021
250,54,-2.31655,5.3664
250,55,-2.50722,6.28617
250,56,-2.56498,6.5791
250,57,-2.44518,5.97889
250,58,-2.16004,4.66579
250,59,-1.74973,3.06157
250,60,-1.25826,1.58323
250,61,-0.742027,0.550604
250,62,-0.258949,0.0670548
250,63,0.151009,0.0228038
250,64,0.469765,0.220679
250,65,0.691213,0.477775
250,66,0.836709,0.700082
250,67,0.944328,0.891756
250,68,1.0467,1.09558
250,69,1.16827,1.36485
250,70,1.337,1.78757
250,71,1.56493,2.44901
250,72,1.83114,3.35309
250,73,2.10806,4.44392
250,74,2.36269,5.58233
250,75,2.55037,6.50441
250,76,2.62567,6.89412
250,77,2.56222,6.56497
250,78,2.34059,5.47834
250,79,1.94455,3.78127
250,80,1.38716,1.92422
250,81,0.700767,0.491075
250,82,-0.069672,0.00485419
250,83,-0.853709,0.728819
250,84,-1.57224,2.47194
250,85,-2.16291,4.67819
250,86,-2.57308,6.62076
250,87,-2.76111,7.62373
250,88,-2.72057,7.40151
250,89,-2.46482,6.07535
250,90,-2.01186,4.0476
250,91,-1.41578,2.00442
250,92,-0.759305,0.576545
250,93,-0.123225,0.0151843
250,94,0.400007,0.160005
250,95,0.730105,0.533053
250,96,0.836334,0.699454
250,97,0.714693,0.510786
250,98,0.404284,0.163446
250,99,0,0
260,0,0,0
260,1,-0.384174,0.147589
260,2,-0.684816,0.468973
260,3,-0.835804,0.698568
260,4,-0.784393,0.615273
260,5,-0.505547,0.255578
260,6,-0.0197419,0.000389741
260,7,0.618812,0.382929
260,8,1.32757,1.76245
260,9,1.99896,3.99582
260,10,2.53153,6.40866
260,11,2.85159,8.13158
260,12,2.91662,8.5067
260,13,2.72338,7.41681
260,14,2.2973,5.27759
260,15,1.67456,2.80415
260,16,0.912033,0.831804
260,17,0.083261,0.00693239
260,18,-0.743475,0.552756
260,19,-1.49618,2.23855
260,20,-2.10667,4.43807
260,21,-2.53604,6.43149
260,22,-2.76745,7.65877
260,23,-2.80175,7.8498
260,24,-2.66573,7.1061
260,25,-2.40797,5.79832
260,26,-2.08,4.32639
260,27,-1.73939,3.02549
260,28,-1.4431,2.08255
260,29,-1.21686,1.48074
260,30,-1.06301,1.12998
260,31,-0.966805,0.934712
260,32,-0.896288,0.803333
260,33,-0.815022,0.664262
260,34,-0.700899,0.491259
260,35,-0.530298,0.281216
260,36,-0.265959,0.070734
260,37,0.104535,0.0109276
260,38,0.550156,0.302671
260,39,1.0174,1.0351
260,40,1.45808,2.126
260,41,1.83024,3.34978
260,42,2.1037,4.42554
260,43,2.25908,5.10344
260,44,2.29064,5.24705
260,45,2.2177,4.91818
260,46,2.08524,4.34824
260,47,1.93598,3.74803
260,48,1.80007,3.24025
260,49,1.71394,2.93758
260,50,1.71394,2.93758
260,51,1.80007,3.24025
260,52,1.93598,3.74802
260,53,2.08524,4.34824
260,54,2.2177,4.91817
260,55,2.29064,5.24705
260,56,2.25908,5.10344
260,57,2.1037,4.42554
260,58,1.83024,3.34978
260,59,1.45808,2.126
260,60,1.0174,1.0351
260,61,0.550153,0.302668
260,62,0.104535,0.0109275
260,63,-0.26596,0.0707346
260,64,-0.530298,0.281215
260,65,-0.700901,0.491263
260,66,-0.815022,0.66426
260,67,-0.89629,0.803335
260,68,-0.966804,0.93471
260,69,-1.063,1.12998
260,70,-1.21686,1.48074
260,71,-1.4431,2.08254
260,72,-1.73939,3.02548
260,73,-2.08,4.32639
260,74,-2.40797,5.79831
260,75,-2.66573,7.10611
260,76,-2.80175,7.84979
260,77,-2.76745,7.65878
260,78,-2.53604,6.43148
260,79,-2.10667,4.43807
260,80,-1.49618,2.23856
260,81,-0.743477,0.552758
260,82,0.0832598,0.00693219
260,83,0.912032,0.831802
260,84,1.67456,2.80415
260,85,2.2973,5.27758
260,86,2.72338,7.4168
260,87,2.91662,8.50668
260,88,2.85159,8.13158
260,89,2.53153,6.40866
260,90,1.99896,3.99582
260,91,1.32757,1.76244
260,92,0.618813,0.38293
260,93,-0.019741,0.000389707
260,94,-0.505546,0.255577
260,95,-0.784393,0.615272
260,96,-0.835804,0.698569
260,97,-0.684815,0.468972
260,98,-0.384174,0.14759
260,99,0,0
270,0,0,0
270,1,0.397489,0.157997
270,2,0.698566,0.487995
270,3,0.846701,0.716903
270,4,0.808347,0.653425
270,5,0.581255,0.337857
270,6,0.183429,0.0336462
270,7,-0.369138,0.136263
270,8,-1.02979,1.06047
270,9,-1.72118,2.96245
270,10,-2.35275,5.53543
270,11,-2.8171,7.93607
270,12,-3.03079,9.1857
270,13,-2.9568,8.74269
270,14,-2.58891,6.70245
270,15,-1.96141,3.84715
270,16,-1.14396,1.30864
270,17,-0.222407,0.0494649
270,18,0.7023,0.493225
270,19,1.53174,2.34622
270,20,2.19349,4.8114
270,21,2.63576,6.94725
270,22,2.83711,8.04919
270,23,2.82037,7.95448
270,24,2.62762,6.90437
270,25,2.31454,5.35712
270,26,1.94631,3.78814
270,27,1.57652,2.48542
270,28,1.24827,1.55819
270,29,0.998495,0.996992
270,30,0.843738,0.711894
270,31,0.764467,0.58441
270,32,0.723458,0.523391
270,33,0.676278,0.457352
270,34,0.5825,0.339307
270,35,0.421183,0.177395
270,36,0.18275,0.0333977
270,37,-0.135889,0.0184659
270,38,-0.512511,0.262667
270,39,-0.896953,0.804525
270,40,-1.25175,1.56689
270,41,-1.56018,2.43416
270,42,-1.8059,3.26127
270,43,-1.9793,3.91763
270,44,-2.09712,4.39791
270,45,-2.17595,4.73477
270,46,-2.20793,4.87493
270,47,-2.18699,4.78291
270,48,-2.13899,4.57526
270,49,-2.10335,4.42407
270,50,-2.10335,4.42407
270,51,-2.13898,4.57525
270,52,-2.18699,4.78292
270,53,-2.20792,4.87493
270,54,-2.17595,4.73477
270,55,-2.09712,4.39791
270,56,-1.9793,3.91763
270,57,-1.8059,3.26128
270,58,-1.56018,2.43416
270,59,-1.25175,1.56689
270,60,-0.896951,0.804521
270,61,-0.512509,0.262666
270,62,-0.135888,0.0184655
270,63,0.182752,0.0333984
270,64,0.421185,0.177397
270,65,0.5825,0.339306
270,66,0.676281,0.457356
270,67,0.723458,0.523391
270,68,0.764467,0.58441
270,69,0.843737,0.711892
270,70,0.998494,0.99699
270,71,1.24827,1.55818
270,72,1.57652,2.48542
270,73,1.94631,3.78813
270,74,2.31454,5.35711
270,75,2.62761,6.90436
270,76,2.82037,7.95448
270,77,2.83711,8.04918
270,78,2.63576,6.94725
270,79,2.19349,4.81139
270,80,1.53173,2.34621
270,81,0.702299,0.493224
270,82,-0.222406,0.0494646
270,83,-1.14396,1.30864
270,84,-1.96141,3.84714
270,85,-2.58891,6.70244
270,86,-2.9568,8.74269
270,87,-3.03079,9.18569
270,88,-2.8171,7.93607
270,89,-2.35275,5.53542
270,90,-1.72117,2.96244
270,91,-1.02979,1.06047
270,92,-0.369139,0.136264
270,93,0.183428,0.0336458
270,94,0.581254,0.337856
270,95,0.808345,0.653422
270,96,0.8467,0.716902
270,97,0.698564,0.487992
270,98,0.397486,0.157995
270,99,0,0
280,0,0,0
280,1,-0.442897,0.196158
280,2,-0.792798,0.628529
280,3,-0.973021,0.94677
280,4,-0.964674,0.930596
280,5,-0.76256,0.581498
280,6,-0.359018,0.128894
280,7,0.216899,0.047045
280,8,0.908246,0.824912
280,9,1.6261,2.64419
280,10,2.26123,5.11317
280,11,2.73441,7.47701
280,12,2.987,8.92217
280,13,2.96903,8.81517
280,14,2.6634,7.09372
280,15,2.07784,4.31742
280,16,1.2524,1.56851
280,17,0.280177,0.0784992
280,18,-0.723812,0.523904
280,19,-1.64626,2.71017
280,20,-2.38559,5.69105
280,21,-2.87747,8.27983
280,22,-3.09599,9.58516
280,23,-3.04921,9.29768
280,24,-2.78946,7.78111
280,25,-2.40093,5.76446
280,26,-1.9627,3.85219
280,27,-1.53719,2.36296
280,28,-1.1658,1.3591
280,29,-0.866244,0.750378
280,30,-0.647719,0.41954
280,31,-0.500588,0.250588
280,32,-0.393719,0.155014
280,33,-0.299923,0.0899538
280,34,-0.210077,0.0441324
280,35,-0.106966,0.0114417
280,36,0.039071,0.00152654
280,37,0.244003,0.0595374
280,38,0.507478,0.257534
280,39,0.819377,0.671379
280,40,1.16395,1.35479
280,41,1.51161,2.28495
280,42,1.82079,3.31527
280,43,2.05519,4.2238
280,44,2.21624,4.91173
280,45,2.33237,5.43993
280,46,2.41436,5.82914
280,47,2.4491,5.99811
280,48,2.44055,5.9563
280,49,2.42131,5.86276
280,50,2.42131,5.86276
280,51,2.44055,5.9563
280,52,2.44911,5.99812
280,53,2.41436,5.82914
280,54,2.33237,5.43994
280,55,2.21624,4.91173
280,56,2.05519,4.22381
280,57,1.82079,3.31526
280,58,1.51161,2.28495
280,59,1.16395,1.35479
280,60,0.819379,0.671382
280,61,0.507477,0.257533
280,62,0.244003,0.0595376
280,63,0.0390709,0.00152653
280,64,-0.106968,0.0114421
280,65,-0.210078,0.0441326
280,66,-0.299923,0.089954
280,67,-0.393718,0.155014
280,68,-0.500588,0.250588
280,69,-0.647716,0.419536
280,70,-0.866243,0.750377
280,71,-1.1658,1.3591
280,72,-1.53719,2.36296
280,73,-1.9627,3.8522
280,74,-2.40093,5.76446
280,75,-2.78946,7.78111
280,76,-3.04921,9.29769
280,77,-3.09599,9.58515
280,78,-2.87747,8.27982
280,79,-2.38559,5.69105
280,80,-1.64626,2.71017
280,81,-0.723814,0.523906
280,82,0.280177,0.0784993
280,83,1.2524,1.56851
280,84,2.07784,4.31741
280,85,2.66341,7.09373
280,86,2.96903,8.81515
280,87,2.987,8.92216
280,88,2.73441,7.477
280,89,2.26123,5.11315
280,90,1.62609,2.64418
280,91,0.908247,0.824912
280,92,0.216898,0.0470447
280,93,-0.359017,0.128894
280,94,-0.762562,0.581501
280,95,-0.964674,0.930596
280,96,-0.97302,0.946768
280,97,-0.792796,0.628525
280,98,-0.442896,0.196157
280,99,0,0
290,0,0,0
290,1,0.438827,0.192569
290,2,0.785136,0.616438
290,3,0.979957,0.960315
290,4,0.999224,0.998448
290,5,0.815981,0.665825
290,6,0.407556,0.166102
290,7,-0.206349,0.04258
290,8,-0.949864,0.902241
290,9,-1.7041,2.90396
290,10,-2.35884,5.56411
290,11,-2.83704,8.0488
290,12,-3.07317,9.44435
290,13,-3.01867,9.11237
290,14,-2.65522,7.05018
290,15,-2.00488,4.01956
290,16,-1.14209,1.30437
290,17,-0.162636,0.0264504
290,18,0.835106,0.697403
290,19,1.75093,3.06577
290,20,2.51381,6.31923
290,21,3.07398,9.44937
290,22,3.38691,11.4712
290,23,3.43483,11.7981
290,24,3.22676,10.412
290,25,2.8101,7.89667
290,26,2.27192,5.16163
290,27,1.69443,2.87108
290,28,1.14543,1.31201
290,29,0.686775,0.471661
290,30,0.362019,0.131058
290,31,0.174773,0.0305457
290,32,0.0926537,0.0085847
290,33,0.0649997,0.00422496
290,34,0.0377555,0.00142548
290,35,-0.0217942,0.000474985
290,36,-0.131799,0.017371
290,37,-0.298997,0.0893992
290,38,-0.523835,0.274404
290,39,-0.809239,0.654867
290,40,-1.14087,1.30158
290,41,-1.4709,2.16354
290,42,-1.75658,3.08558
290,43,-1.99977,3.99906
290,44,-2.20564,4.86484
290,45,-2.35284,5.53585
290,46,-2.43186,5.91395
290,47,-2.46874,6.09469
290,48,-2.48934,6.19681
290,49,-2.49989,6.24945
290,50,-2.49989,6.24945
290,51,-2.48934,6.1968
290,52,-2.46874,6.09468
290,53,-2.43186,5.91395
290,54,-2.35284,5.53586
290,55,-2.20564,4.86483
290,56,-1.99977,3.99907
290,57,-1.75658,3.08558
290,58,-1.4709,2.16354
290,59,-1.14087,1.30158
290,60,-0.809237,0.654865
290,61,-0.523835,0.274403
290,62,-0.298995,0.0893978
290,63,-0.131801,0.0173716
290,64,-0.0217915,0.000474872
290,65,0.037755,0.00142544
290,66,0.0649999,0.00422498
290,67,0.0926531,0.0085846
290,68,0.174772,0.0305453
290,69,0.362019,0.131057
290,70,0.686776,0.471661
290,71,1.14543,1.31201
290,72,1.69442,2.87108
290,73,2.27192,5.16163
290,74,2.8101,7.89667
290,75,3.22676,10.412
290,76,3.43484,11.7981
290,77,3.38692,11.4712
290,78,3.07398,9.44938
290,79,2.51381,6.31924
290,80,1.75093,3.06577
290,81,0.835107,0.697403
290,82,-0.162635,0.02645
290,83,-1.14209,1.30436
290,84,-2.00488,4.01955
290,85,-2.65522,7.05017
290,86,-3.01867,9.11236
290,87,-3.07317,9.44435
290,88,-2.83704,8.0488
290,89,-2.35884,5.56411
290,90,-1.7041,2.90396
290,91,-0.949863,0.902239
290,92,-0.206351,0.0425809
290,93,0.407557,0.166103
290,94,0.815981,0.665824
290,95,0.999224,0.998448
290,96,0.979959,0.96032
290,97,0.785137,0.616439
290,98,0.438825,0.192567
290,99,0,0
300,0,0,0
300,1,-0.425777,0.181286
300,2,-0.758015,0.574587
300,3,-0.939377,0.882429
300,4,-0.918288,0.843253
300,5,-0.67517,0.455855
300,6,-0.221168,0.0489153
300,7,0.41137,0.169225
300,8,1.1408,1.30142
300,9,1.8732,3.50889
300,10,2.52153,6.35813
300,11,2.99464,8.96786
300,12,3.22305,10.3881
300,13,3.15227,9.93682
300,14,2.75821,7.60774
300,15,2.07977,4.32545
300,16,1.18068,1.394
300,17,0.13688,0.018736
300,18,-0.95724,0.916308
300,19,-2.00268,4.01074
300,20,-2.89199,8.36363
300,21,-3.53331,12.4842
300,22,-3.87613,15.0244
300,23,-3.90328,15.2356
300,24,-3.6431,13.2722
300,25,-3.17161,10.0591
300,26,-2.57043,6.60711
300,27,-1.90912,3.64473
300,28,-1.2502,1.56299
300,29,-0.65932,0.434703
300,30,-0.202064,0.0408297
300,31,0.084058,0.00706574
300,32,0.212817,0.0452913
300,33,0.23686,0.0561029
300,34,0.214258,0.0459067
300,35,0.203512,0.0414171
300,36,0.245358,0.0602005
300,37,0.365631,0.133686
300,38,0.580948,0.337501
300,39,0.872844,0.761856
300,40,1.19305,1.42337
300,41,1.50881,2.27651
300,42,1.81116,3.2803
300,43,2.07388,4.30099
300,44,2.26891,5.14797
300,45,2.40038,5.76185
300,46,2.48979,6.19905
300,47,2.54153,6.45938
300,48,2.5563,6.53466
300,49,2.5523,6.51423
300,50,2.5523,6.51423
300,51,2.5563,6.53466
300,52,2.54153,6.45938
300,53,2.48979,6.19905
300,54,2.40038,5.76184
300,55,2.26891,5.14796
300,56,2.07388,4.30098
300,57,1.81116,3.28029
300,58,1.50881,2.27651
300,59,1.19305,1.42337
300,60,0.872842,0.761854
300,61,0.580948,0.337501
300,62,0.365631,0.133686
300,63,0.24536,0.0602016
300,64,0.203513,0.0414177
300,65,0.214261,0.0459079
300,66,0.236861,0.0561032
300,67,0.212817,0.0452911
300,68,0.084059,0.00706591
300,69,-0.202064,0.04083
300,70,-0.659319,0.434702
300,71,-1.2502,1.56299
300,72,-1.90912,3.64474
300,73,-2.57043,6.6071
300,74,-3.17161,10.0591
300,75,-3.6431,13.2722
300,76,-3.90328,15.2356
300,77,-3.87613,15.0244
300,78,-3.53331,12.4843
300,79,-2.89199,8.36363
300,80,-2.00268,4.01073
300,81,-0.95724,0.916308
300,82,0.136883,0.0187368
300,83,1.18068,1.394
300,84,2.07977,4.32544
300,85,2.75822,7.60775
300,86,3.15228,9.93684
300,87,3.22305,10.3881
300,88,2.99464,8.96788
300,89,2.52153,6.35813
300,90,1.8732,3.50889
300,91,1.1408,1.30142
300,92,0.41137,0.169225
300,93,-0.221166,0.0489144
300,94,-0.67517,0.455855
300,95,-0.918289,0.843255
300,96,-0.939377,0.88243
300,97,-0.758012,0.574582
300,98,-0.425778,0.181286
300,99,0,0
310,0,0,0
310,1,0.346139,0.119813
310,2,0.624847,0.390434
310,3,0.757667,0.574059
310,4,0.683617,0.467332
310,5,0.39738,0.157911
310,6,-0.0679991,0.00462388
310,7,-0.665752,0.443226
310,8,-1.34045,1.7968
310,9,-2.01621,4.0651
310,10,-2.59703,6.74455
310,11,-3.00432,9.02595
310,12,-3.17459,10.078
310,13,-3.04974,9.30089
310,14,-2.59672,6.74294
310,15,-1.82637,3.33561
310,16,-0.809553,0.655376
310,17,0.34295,0.117615
310,18,1.51637,2.29939
310,19,2.59641,6.74135
310,20,3.4783,12.0986
310,21,4.08856,16.7163
310,22,4.37247,19.1185
310,23,4.31023,18.5781
310,24,3.93761,15.5048
310,25,3.32894,11.0818
310,26,2.5769,6.6404
310,27,1.76773,3.12486
310,28,0.983282,0.966844
310,29,0.305572,0.0933743
310,30,-0.208794,0.043595
310,31,-0.553316,0.306159
310,32,-0.750121,0.562681
310,33,-0.830396,0.689558
310,34,-0.830239,0.689297
310,35,-0.79195,0.627185
310,36,-0.770562,0.593766
310,37,-0.818708,0.670283
310,38,-0.955306,0.91261
310,39,-1.1768,1.38485
310,40,-1.47506,2.17579
310,41,-1.81511,3.29463
310,42,-2.13548,4.5603
310,43,-2.39293,5.72611
310,44,-2.58365,6.67523
310,45,-2.7108,7.34846
310,46,-2.77097,7.6783
310,47,-2.77796,7.71706
310,48,-2.7684,7.66405
310,49,-2.76485,7.64442
310,50,-2.76485,7.64441
310,51,-2.7684,7.66405
310,52,-2.77796,7.71705
310,53,-2.77098,7.67831
310,54,-2.7108,7.34846
310,55,-2.58365,6.67524
310,56,-2.39293,5.72609
310,57,-2.13548,4.56028
310,58,-1.81511,3.29462
310,59,-1.47506,2.1758
310,60,-1.1768,1.38486
310,61,-0.955303,0.912604
310,62,-0.818709,0.670284
310,63,-0.77056,0.593763
310,64,-0.791947,0.627181
310,65,-0.83024,0.689298
310,66,-0.830397,0.68956
310,67,-0.750118,0.562677
310,68,-0.553316,0.306159
310,69,-0.208796,0.0435958
310,70,0.305573,0.093375
310,71,0.983282,0.966843
310,72,1.76773,3.12485
310,73,2.57689,6.64039
310,74,3.32893,11.0818
310,75,3.93761,15.5048
310,76,4.31023,18.5781
310,77,4.37247,19.1185
310,78,4.08856,16.7163
310,79,3.47831,12.0986
310,80,2.59641,6.74136
310,81,1.51637,2.29939
310,82,0.342952,0.117616
310,83,-0.809552,0.655374
310,84,-1.82636,3.33561
310,85,-2.59672,6.74295
310,86,-3.04974,9.30089
310,87,-3.17459,10.078
310,88,-3.00432,9.02594
310,89,-2.59703,6.74455
310,90,-2.01621,4.06509
310,91,-1.34045,1.7968
310,92,-0.665751,0.443225
310,93,-0.0679979,0.00462372
310,94,0.397381,0.157912
310,95,0.683615,0.467329
310,96,0.757667,0.574059
310,97,0.624849,0.390437
310,98,0.346139,0.119812
310,99,0,0
320,0,0,0
320,1,-0.303621,0.0921859
320,2,-0.53956,0.291125
320,3,-0.651107,0.42394
320,4,-0.618254,0.382238
320,5,-0.402662,0.162137
320,6,0.0141699,0.000200785
320,7,0.595049,0.354083
320,8,1.27227,1.61868
320,9,1.94553,3.78509
320,10,2.51285,6.31439
320,11,2.88381,8.31637
320,12,2.98711,8.92281
320,13,2.79572,7.81603
320,14,2.30967,5.33459
320,15,1.54201,2.37778
320,16,0.54641,0.298563
320,17,-0.583088,0.339992
320,18,-1.72735,2.98372
320,19,-2.76881,7.66629
320,20,-3.61952,13.1009
320,21,-4.19537,17.6012
320,22,-4.42822,19.6091
320,23,-4.30808,18.5595
320,24,-3.88091,15.0614
320,25,-3.22154,10.3783
320,26,-2.40864,5.80157
320,27,-1.52709,2.33202
320,28,-0.686201,0.470872
320,29,0.0223232,0.000498327
320,30,0.560025,0.313628
320,31,0.917465,0.841742
320,32,1.09958,1.20908
320,33,1.13194,1.28128
320,34,1.06632,1.13703
320,35,0.967239,0.935552
320,36,0.892777,0.797051
320,37,0.873852,0.763617
320,38,0.930921,0.866615
320,39,1.07215,1.14951
320,40,1.28013,1.63873
320,41,1.52528,2.32649
320,42,1.78551,3.18806
320,43,2.03625,4.14632
320,44,2.23877,5.01208
320,45,2.36308,5.58413
320,46,2.41375,5.8262
320,47,2.41538,5.83408
320,48,2.38743,5.69982
320,49,2.35696,5.55526
320,50,2.35696,5.55526
320,51,2.38743,5.69981
320,52,2.41538,5.83408
320,53,2.41375,5.8262
320,54,2.36308,5.58413
320,55,2.23877,5.01207
320,56,2.03625,4.14632
320,57,1.78551,3.18806
320,58,1.52528,2.32649
320,59,1.28013,1.63873
320,60,1.07215,1.1495
320,61,0.930922,0.866615
320,62,0.873852,0.763618
320,63,0.892777,0.797051
320,64,0.967241,0.935554
320,65,1.06632,1.13704
320,66,1.13194,1.28128
320,67,1.09958,1.20908
320,68,0.917466,0.841744
320,69,0.560023,0.313625
320,70,0.0223275,0.000498519
320,71,-0.686201,0.470872
320,72,-1.52709,2.33201
320,73,-2.40864,5.80156
320,74,-3.22154,10.3783
320,75,-3.88091,15.0614
320,76,-4.30808,18.5595
320,77,-4.42822,19.6091
320,78,-4.19537,17.6012
320,79,-3.61952,13.1009
320,80,-2.7688,7.66627
320,81,-1.72735,2.98372
320,82,-0.583091,0.339995
320,83,0.546411,0.298565
320,84,1.542,2.37777
320,85,2.30967,5.33458
320,86,2.79572,7.81603
320,87,2.98711,8.9228
320,88,2.88381,8.31637
320,89,2.51285,6.31439
320,90,1.94553,3.78509
320,91,1.27227,1.61868
320,92,0.595044,0.354078
320,93,0.0141673,0.000200711
320,94,-0.402659,0.162134
320,95,-0.618254,0.382238
320,96,-0.651107,0.423941
320,97,-0.539562,0.291127
320,98,-0.303623,0.0921872
320,99,0,0
330,0,0,0
330,1,0.416886,0.173794
330,2,0.725981,0.527048
330,3,0.854181,0.729626
330,4,0.76657,0.58763
330,5,0.457222,0.209052
330,6,-0.0583178,0.00340097
330,7,-0.73563,0.541151
330,8,-1.49605,2.23816
330,9,-2.24861,5.05624
330,10,-2.89423,8.37657
330,11,-3.3238,11.0476
330,12,-3.44823,11.8903
330,13,-3.22684,10.4125
330,14,-2.66195,7.08596
330,15,-1.78442,3.18414
330,16,-0.662809,0.439316
330,17,0.577879,0.333944
330,18,1.78198,3.17547
330,19,2.83304,8.02613
330,20,3.64827,13.3099
330,21,4.14612,17.1904
330,22,4.27629,18.2866
330,23,4.04927,16.3966
330,24,3.52524,12.4273
330,25,2.77832,7.71904
330,26,1.89303,3.58357
330,27,0.983054,0.966395
330,28,0.162983,0.0265634
330,29,-0.497117,0.247125
330,30,-0.955819,0.91359
330,31,-1.19995,1.43989
330,32,-1.24811,1.55777
330,33,-1.14273,1.30582
330,34,-0.947957,0.898622
330,35,-0.732558,0.536642
330,36,-0.555546,0.308631
330,37,-0.458033,0.209794
330,38,-0.45788,0.209654
330,39,-0.548581,0.300941
330,40,-0.719704,0.517974
330,41,-0.945003,0.89303
330,42,-1.17859,1.38908
330,43,-1.37893,1.90145
330,44,-1.53154,2.34563
330,45,-1.64278,2.69874
330,46,-1.72293,2.96849
330,47,-1.7785,3.16308
330,48,-1.81661,3.30007
330,49,-1.83899,3.38187
330,50,-1.83898,3.38187
330,51,-1.81661,3.30007
330,52,-1.7785,3.16307
330,53,-1.72293,2.96849
330,54,-1.64278,2.69874
330,55,-1.53155,2.34563
330,56,-1.37893,1.90145
330,57,-1.17859,1.38908
330,58,-0.945002,0.893028
330,59,-0.719706,0.517977
330,60,-0.54858,0.30094
330,61,-0.457884,0.209658
330,62,-0.458031,0.209792
330,63,-0.555545,0.30863
330,64,-0.732557,0.536639
330,65,-0.947956,0.898621
330,66,-1.14273,1.30583
330,67,-1.24811,1.55777
330,68,-1.19996,1.4399
330,69,-0.955821,0.913595
330,70,-0.497118,0.247127
330,71,0.162982,0.0265633
330,72,0.983051,0.966389
330,73,1.89303,3.58357
330,74,2.77832,7.71904
330,75,3.52524,12.4273
330,76,4.04927,16.3966
330,77,4.27629,18.2866
330,78,4.14613,17.1904
330,79,3.64827,13.3099
330,80,2.83304,8.02611
330,81,1.78198,3.17547
330,82,0.577879,0.333944
330,83,-0.66281,0.439318
330,84,-1.78441,3.18413
330,85,-2.66195,7.08596
330,86,-3.22684,10.4125
330,87,-3.44823,11.8903
330,88,-3.3238,11.0476
330,89,-2.89423,8.37658
330,90,-2.24861,5.05624
330,91,-1.49605,2.23817
330,92,-0.735632,0.541155
330,93,-0.0583195,0.00340116
330,94,0.457221,0.209051
330,95,0.766572,0.587632
330,96,0.85418,0.729623
330,97,0.725982,0.52705
330,98,0.416889,0.173796
330,99,0,0
340,0,0,0
340,1,-0.288501,0.0832326
340,2,-0.487888,0.238035
340,3,-0.523347,0.273892
340,4,-0.328656,0.108015
340,5,0.101646,0.0103319
340,6,0.735739,0.541312
340,7,1.5147,2.2943
340,8,2.33314,5.44352
340,9,3.07415,9.45042
340,10,3.62455,13.1374
340,11,3.90381,15.2397
340,12,3.86924,14.971
340,13,3.4959,12.2213
340,14,2.80327,7.85832
340,15,1.85581,3.44402
340,16,0.739394,0.546703
340,17,-0.447637,0.200378
340,18,-1.61119,2.59593
340,19,-2.64774,7.01053
340,20,-3.45293,11.9227
340,21,-3.95869,15.6713
340,22,-4.1271,17.0329
340,23,-3.95037,15.6054
340,24,-3.45817,11.9589
340,25,-2.72336,7.41667
340,26,-1.84775,3.41418
340,27,-0.928181,0.86152
340,28,-0.0606968,0.00368411
340,29,0.650914,0.42369
340,30,1.14076,1.30133
340,31,1.39843,1.9556
340,32,1.43532,2.06015
340,33,1.28833,1.65979
340,34,1.02876,1.05835
340,35,0.744347,0.554053
340,36,0.502966,0.252974
340,37,0.337114,0.113646
340,38,0.26177,0.0685237
340,39,0.280454,0.0786546
340,40,0.377162,0.142251
340,41,0.523318,0.273862
340,42,0.687048,0.472035
340,43,0.841894,0.708785
340,44,0.983059,0.966404
340,45,1.10962,1.23126
340,46,1.20395,1.4495
340,47,1.25462,1.57408
340,48,1.27418,1.62353
340,49,1.2801,1.63866
340,50,1.2801,1.63866
340,51,1.27418,1.62354
340,52,1.25462,1.57408
340,53,1.20395,1.4495
340,54,1.10962,1.23126
340,55,0.983057,0.966401
340,56,0.841894,0.708786
340,57,0.687052,0.47204
340,58,0.523319,0.273863
340,59,0.377165,0.142254
340,60,0.280455,0.0786552
340,61,0.261774,0.0685255
340,62,0.337112,0.113644
340,63,0.502965,0.252974
340,64,0.744347,0.554052
340,65,1.02876,1.05835
340,66,1.28833,1.65979
340,67,1.43532,2.06014
340,68,1.39843,1.9556
340,69,1.14075,1.30131
340,70,0.650914,0.423689
340,71,-0.0606946,0.00368384
340,72,-0.928177,0.861513
340,73,-1.84775,3.41417
340,74,-2.72336,7.41667
340,75,-3.45817,11.9589
340,76,-3.95037,15.6054
340,77,-4.1271,17.0329
340,78,-3.95869,15.6712
340,79,-3.45293,11.9227
340,80,-2.64774,7.01053
340,81,-1.61119,2.59593
340,82,-0.447636,0.200378
340,83,0.739391,0.5467
340,84,1.85581,3.44402
340,85,2.80327,7.85832
340,86,3.49591,12.2214
340,87,3.86924,14.971
340,88,3.90381,15.2398
340,89,3.62455,13.1374
340,90,3.07415,9.45042
340,91,2.33314,5.44353
340,92,1.5147,2.29431
340,93,0.735739,0.541312
340,94,0.101644,0.0103316
340,95,-0.328654,0.108013
340,96,-0.523347,0.273892
340,97,-0.487891,0.238037
340,98,-0.288496,0.0832299
340,99,0,0
350,0,0,0
350,1,0.194214,0.0377192
350,2,0.297675,0.0886107
350,3,0.247896,0.0614523
350,4,0.000683604,4.67314e-07
350,5,-0.464701,0.215947
350,6,-1.11371,1.24034
350,7,-1.85634,3.44599
350,8,-2.5977,6.74804
350,9,-3.25725,10.6097
350,10,-3.75095,14.0696
350,11,-3.99667,15.9733
350,12,-3.93662,15.497
350,13,-3.54913,12.5963
350,14,-2.84926,8.11827
350,15,-1.89205,3.57984
350,16,-0.773257,0.597926
350,17,0.399562,0.15965
350,18,1.52023,2.3111
350,19,2.47642,6.13268
350,20,3.1882,10.1646
350,21,3.61446,13.0643
350,22,3.73418,13.9441
350,23,3.54696,12.5809
350,24,3.08472,9.51552
350,25,2.42012,5.85697
350,26,1.63649,2.6781
350,27,0.816381,0.666478
350,28,0.0459826,0.0021144
350,29,-0.607121,0.368596
350,30,-1.10646,1.22425
350,31,-1.43335,2.05448
350,32,-1.59355,2.5394
350,33,-1.60623,2.57997
350,34,-1.4946,2.23382
350,35,-1.29921,1.68795
350,36,-1.06938,1.14358
350,37,-0.846755,0.716994
350,38,-0.665468,0.442848
350,39,-0.55967,0.31323
350,40,-0.550494,0.303043
350,41,-0.621537,0.386308
350,42,-0.733668,0.538269
350,43,-0.859631,0.738966
350,44,-0.979667,0.959748
350,45,-1.07394,1.15334
350,46,-1.13622,1.291
350,47,-1.17092,1.37106
350,48,-1.18389,1.4016
350,49,-1.18532,1.40497
350,50,-1.18532,1.40497
350,51,-1.18389,1.4016
350,52,-1.17092,1.37106
350,53,-1.13622,1.291
350,54,-1.07394,1.15334
350,55,-0.979668,0.959749
350,56,-0.859635,0.738972
350,57,-0.733669,0.53827
350,58,-0.621537,0.386308
350,59,-0.550491,0.303041
350,60,-0.559667,0.313227
350,61,-0.665467,0.442847
350,62,-0.846755,0.716995
350,63,-1.06938,1.14357
350,64,-1.29921,1.68795
350,65,-1.4946,2.23382
350,66,-1.60623,2.57997
350,67,-1.59355,2.53941
350,68,-1.43334,2.05447
350,69,-1.10646,1.22426
350,70,-0.607123,0.368598
350,71,0.0459819,0.00211434
350,72,0.81638,0.666476
350,73,1.63649,2.67809
350,74,2.42012,5.85696
350,75,3.08472,9.5155
350,76,3.54696,12.5809
350,77,3.73418,13.9441
350,78,3.61446,13.0643
350,79,3.1882,10.1646
350,80,2.47642,6.13267
350,81,1.52023,2.3111
350,82,0.399561,0.159649
350,83,-0.773257,0.597926
350,84,-1.89205,3.57984
350,85,-2.84926,8.11827
350,86,-3.54913,12.5963
350,87,-3.93662,15.497
350,88,-3.99667,15.9733
350,89,-3.75095,14.0696
350,90,-3.25725,10.6097
350,91,-2.5977,6.74805
350,92,-1.85634,3.44599
350,93,-1.11371,1.24034
350,94,-0.464703,0.215949
350,95,0.000684436,4.68452e-07
350,96,0.247895,0.0614519
350,97,0.297676,0.0886108
350,98,0.194216,0.03772
350,99,0,0
360,0,0,0
360,1,-0.0160549,0.00025776
360,2,0.0173942,0.000302558
360,3,0.15568,0.0242364
360,4,0.42806,0.183235
360,5,0.853436,0.728353
360,6,1.42143,2.02046
360,7,2.07876,4.32123
360,8,2.74069,7.5114
360,9,3.31257,10.9731
360,10,3.72545,13.879
360,11,3.90501,15.2491
360,12,3.77738,14.2686
360,13,3.32611,11.063
360,14,2.59261,6.72163
360,15,1.6379,2.68271
360,16,0.525689,0.276349
360,17,-0.651588,0.424567
360,18,-1.7695,3.13112
360,19,-2.7169,7.38156
360,20,-3.40576,11.5992
360,21,-3.7651,14.176
360,22,-3.77784,14.2721
360,23,-3.47891,12.1028
360,24,-2.93287,8.60172
360,25,-2.21705,4.91532
360,26,-1.41961,2.01529
360,27,-0.626186,0.392109
360,28,0.1117,0.0124769
360,29,0.751629,0.564947
360,30,1.24746,1.55617
360,31,1.57803,2.49017
360,32,1.74656,3.05046
360,33,1.76542,3.11672
360,34,1.66795,2.78207
360,35,1.50216,2.25649
360,36,1.31764,1.73617
360,37,1.15258,1.32843
360,38,1.02547,1.0516
360,39,0.942786,0.888845
360,40,0.904946,0.818927
360,41,0.911482,0.8308
360,42,0.958697,0.9191
360,43,1.03285,1.06678
360,44,1.12199,1.25886
360,45,1.22008,1.48859
360,46,1.31668,1.73366
360,47,1.40148,1.96416
360,48,1.46721,2.15269
360,49,1.50397,2.26193
360,50,1.50397,2.26193
360,51,1.46721,2.15269
360,52,1.40149,1.96416
360,53,1.31669,1.73366
360,54,1.22008,1.48859
360,55,1.12199,1.25886
360,56,1.03285,1.06678
360,57,0.958695,0.919097
360,58,0.911484,0.830803
360,59,0.904949,0.818932
360,60,0.942786,0.888846
360,61,1.02547,1.0516
360,62,1.15258,1.32843
360,63,1.31764,1.73617
360,64,1.50216,2.25649
360,65,1.66795,2.78206
360,66,1.76542,3.11672
360,67,1.74656,3.05047
360,68,1.57803,2.49017
360,69,1.24746,1.55617
360,70,0.75163,0.564947
360,71,0.1117,0.0124769
360,72,-0.626186,0.392109
360,73,-1.41961,2.0153
360,74,-2.21705,4.91531
360,75,-2.93287,8.6017
360,76,-3.47891,12.1028
360,77,-3.77784,14.2721
360,78,-3.7651,14.1759
360,79,-3.40576,11.5992
360,80,-2.7169,7.38156
360,81,-1.7695,3.13111
360,82,-0.651588,0.424567
360,83,0.525686,0.276346
360,84,1.6379,2.68271
360,85,2.59261,6.72164
360,86,3.32611,11.063
360,87,3.77738,14.2686
360,88,3.90501,15.2491
360,89,3.72545,13.879
360,90,3.31257,10.9731
360,91,2.74069,7.5114
360,92,2.07876,4.32122
360,93,1.42143,2.02046
360,94,0.853435,0.728351
360,95,0.42806,0.183235
360,96,0.155679,0.024236
360,97,0.0173926,0.000302503
360,98,-0.0160561,0.000257799
360,99,0,0
370,0,0,0
370,1,-0.0784441,0.00615347
370,2,-0.214413,0.0459728
370,3,-0.434217,0.188544
370,4,-0.750245,0.562868
370,5,-1.17838,1.38859
370,6,-1.70023,2.89078
370,7,-2.26269,5.11977
370,8,-2.80562,7.87152
370,9,-3.26996,10.6926
370,10,-3.58408,12.8456
370,11,-3.6698,13.4674
370,12,-3.47978,12.1089
370,13,-2.99722,8.98334
370,14,-2.243,5.03105
370,15,-1.27477,1.62505
370,16,-0.167556,0.028075
370,17,0.985269,0.970756
370,18,2.07285,4.29672
370,19,2.97816,8.86945
370,20,3.61037,13.0347
370,21,3.93001,15.445
370,22,3.92799,15.4291
370,23,3.61733,13.0851
370,24,3.05443,9.32956
370,25,2.31495,5.35899
370,26,1.47862,2.1863
370,27,0.627295,0.393499
370,28,-0.159088,0.025309
370,29,-0.816917,0.667354
370,30,-1.31929,1.74053
370,31,-1.65319,2.73303
370,32,-1.82104,3.3162
370,33,-1.85195,3.42971
370,34,-1.76953,3.13124
370,35,-1.59243,2.53582
370,36,-1.36205,1.85517
370,37,-1.12709,1.27034
370,38,-0.926506,0.858414
370,39,-0.785839,0.617543
370,40,-0.71977,0.518068
370,41,-0.739665,0.547105
370,42,-0.84224,0.709368
370,43,-1.00244,1.00488
370,44,-1.1871,1.4092
370,45,-1.36632,1.86684
370,46,-1.51661,2.30011
370,47,-1.62366,2.63627
370,48,-1.68885,2.85221
370,49,-1.72069,2.96078
370,50,-1.72069,2.96078
370,51,-1.68885,2.8522
370,52,-1.62366,2.63627
370,53,-1.51661,2.30011
370,54,-1.36633,1.86686
370,55,-1.1871,1.4092
370,56,-1.00244,1.00488
370,57,-0.84224,0.709368
370,58,-0.739665,0.547104
370,59,-0.71977,0.518068
370,60,-0.785835,0.617537
370,61,-0.926505,0.858412
370,62,-1.12709,1.27034
370,63,-1.36205,1.85517
370,64,-1.59242,2.53582
370,65,-1.76953,3.13124
370,66,-1.85195,3.4297
370,67,-1.82104,3.3162
370,68,-1.65318,2.73302
370,69,-1.31929,1.74053
370,70,-0.816915,0.667351
370,71,-0.159085,0.0253081
370,72,0.627299,0.393505
370,73,1.47862,2.18631
370,74,2.31495,5.35899
370,75,3.05444,9.32957
370,76,3.61734,13.0851
370,77,3.92799,15.4291
370,78,3.93002,15.445
370,79,3.61036,13.0347
370,80,2.97816,8.86945
370,81,2.07285,4.29672
370,82,0.985268,0.970752
370,83,-0.167554,0.0280742
370,84,-1.27477,1.62504
370,85,-2.243,5.03104
370,86,-2.99722,8.98334
370,87,-3.47978,12.1089
370,88,-3.6698,13.4674
370,89,-3.58408,12.8456
370,90,-3.26996,10.6926
370,91,-2.80562,7.87152
370,92,-2.26269,5.11977
370,93,-1.70023,2.89077
370,94,-1.17838,1.38859
370,95,-0.750248,0.562872
370,96,-0.434219,0.188546
370,97,-0.21441,0.0459714
370,98,-0.0784437,0.00615342
370,99,0,0
380,0,0,0
380,1,0.124484,0.0154963
380,2,0.291472,0.0849561
380,3,0.543235,0.295104
380,4,0.896623,0.803933
380,5,1.32754,1.76237
380,6,1.81668,3.30032
380,7,2.34385,5.49365
380,8,2.84325,8.08404
380,9,3.24257,10.5143
380,10,3.48417,12.1394
380,11,3.51131,12.3293
380,12,3.26683,10.6722
380,13,2.72747,7.43908
380,14,1.94113,3.76798
380,15,0.976801,0.954141
380,16,-0.0976948,0.00954427
380,17,-1.20017,1.44042
380,18,-2.23376,4.9897
380,19,-3.09475,9.57751
380,20,-3.70222,13.7064
380,21,-4.00545,16.0436
380,22,-3.98121,15.85
380,23,-3.63773,13.233
380,24,-3.01725,9.10377
380,25,-2.20276,4.85214
380,26,-1.30272,1.69707
380,27,-0.411184,0.169072
380,28,0.396558,0.157259
380,29,1.05865,1.12074
380,30,1.53283,2.34956
380,31,1.80279,3.25006
380,32,1.87986,3.53386
380,33,1.7938,3.21773
380,34,1.59845,2.55504
380,35,1.35539,1.83709
380,36,1.107,1.22545
380,37,0.892915,0.797297
380,38,0.744382,0.554105
380,39,0.662294,0.438634
380,40,0.640819,0.410648
380,41,0.680374,0.462909
380,42,0.775674,0.60167
380,43,0.917149,0.841161
380,44,1.08812,1.18401
380,45,1.27007,1.61308
380,46,1.45282,2.11068
380,47,1.62157,2.62949
380,48,1.75118,3.06662
380,49,1.82075,3.31513
380,50,1.82075,3.31514
380,51,1.75118,3.06662
380,52,1.62157,2.6295
380,53,1.45282,2.11069
380,54,1.27007,1.61308
380,55,1.08812,1.18401
380,56,0.91715,0.841164
380,57,0.775676,0.601673
380,58,0.680376,0.462912
380,59,0.640819,0.41065
380,60,0.662296,0.438636
380,61,0.744383,0.554106
380,62,0.892916,0.797299
380,63,1.107,1.22545
380,64,1.35539,1.8371
380,65,1.59845,2.55505
380,66,1.7938,3.21773
380,67,1.87986,3.53386
380,68,1.80279,3.25005
380,69,1.53283,2.34955
380,70,1.05865,1.12073
380,71,0.396559,0.157259
380,72,-0.411184,0.169072
380,73,-1.30272,1.69707
380,74,-2.20276,4.85213
380,75,-3.01725,9.10378
380,76,-3.63772,13.233
380,77,-3.9812,15.85
380,78,-4.00544,16.0436
380,79,-3.70222,13.7064
380,80,-3.09475,9.5775
380,81,-2.23376,4.98969
380,82,-1.20017,1.44041
380,83,-0.0976922,0.00954377
380,84,0.976804,0.954145
380,85,1.94113,3.76798
380,86,2.72747,7.43908
380,87,3.26683,10.6722
380,88,3.51131,12.3293
380,89,3.48417,12.1394
380,90,3.24257,10.5143
380,91,2.84324,8.08404
380,92,2.34385,5.49363
380,93,1.81668,3.30032
380,94,1.32754,1.76237
380,95,0.896622,0.803931
380,96,0.543236,0.295105
380,97,0.291471,0.0849552
380,98,0.124482,0.0154957
380,99,0,0
390,0,0,0
390,1,-0.112579,0.012674
390,2,-0.27207,0.0740222
390,3,-0.511515,0.261647
390,4,-0.857238,0.734857
390,5,-1.31427,1.72731
390,6,-1.84911,3.41921
390,7,-2.40527,5.78533
390,8,-2.91634,8.50504
390,9,-3.30274,10.9081
390,10,-3.48237,12.1269
390,11,-3.41175,11.6401
390,12,-3.08282,9.50378
390,13,-2.49665,6.23327
390,14,-1.68157,2.82769
390,15,-0.7074,0.500414
390,16,0.33861,0.114656
390,17,1.37989,1.90409
390,18,2.32695,5.41471
390,19,3.07963,9.4841
390,20,3.56829,12.7327
390,21,3.76481,14.1738
390,22,3.66868,13.4592
390,23,3.28993,10.8237
390,24,2.66166,7.08445
390,25,1.85394,3.4371
390,26,0.960436,0.922436
390,27,0.0800142,0.00640227
390,28,-0.704587,0.496443
390,29,-1.33139,1.77261
390,30,-1.75153,3.06785
390,31,-1.94854,3.79683
390,32,-1.94835,3.79609
390,33,-1.80598,3.26155
390,34,-1.58004,2.49653
390,35,-1.31992,1.74219
390,36,-1.06542,1.13512
390,37,-0.840083,0.705739
390,38,-0.662396,0.438769
390,39,-0.55667,0.309882
390,40,-0.527529,0.278287
390,41,-0.568869,0.323611
390,42,-0.680859,0.463569
390,43,-0.84706,0.717511
390,44,-1.03923,1.07999
390,45,-1.24076,1.53948
390,46,-1.44313,2.08261
390,47,-1.63352,2.6684
390,48,-1.78369,3.18155
390,49,-1.86348,3.47257
390,50,-1.86348,3.47257
390,51,-1.78369,3.18155
390,52,-1.63352,2.6684
390,53,-1.44313,2.08261
390,54,-1.24076,1.53949
390,55,-1.03923,1.07999
390,56,-0.847061,0.717511
390,57,-0.680857,0.463566
390,58,-0.568867,0.32361
390,59,-0.527528,0.278286
390,60,-0.55667,0.309881
390,61,-0.662396,0.438768
390,62,-0.840083,0.705739
390,63,-1.06542,1.13511
390,64,-1.31992,1.74219
390,65,-1.58004,2.49653
390,66,-1.80598,3.26155
390,67,-1.94835,3.79608
390,68,-1.94854,3.79682
390,69,-1.75153,3.06786
390,70,-1.33139,1.77261
390,71,-0.704589,0.496446
390,72,0.0800128,0.00640205
390,73,0.960434,0.922434
390,74,1.85394,3.4371
390,75,2.66166,7.08444
390,76,3.28993,10.8236
390,77,3.66868,13.4592
390,78,3.76481,14.1738
390,79,3.56829,12.7327
390,80,3.07963,9.4841
390,81,2.32695,5.4147
390,82,1.37989,1.90409
390,83,0.338608,0.114655
390,84,-0.707401,0.500416
390,85,-1.68157,2.82769
390,86,-2.49665,6.23327
390,87,-3.08282,9.5038
390,88,-3.41175,11.64
390,89,-3.48237,12.1269
390,90,-3.30274,10.9081
390,91,-2.91634,8.50502
390,92,-2.40527,5.78531
390,93,-1.84911,3.41922
390,94,-1.31427,1.72731
390,95,-0.857241,0.734862
390,96,-0.511515,0.261648
390,97,-0.272071,0.0740228
390,98,-0.112579,0.0126741
390,99,0,0
400,0,0,0
400,1,0.122214,0.0149362
400,2,0.295209,0.0871486
400,3,0.553295,0.306136
400,4,0.905967,0.820776
400,5,1.35438,1.83435
400,6,1.86128,3.46435
400,7,2.36154,5.57686
400,8,2.79065,7.78771
400,9,3.09084,9.55329
400,10,3.21457,10.3335
400,11,3.11513,9.70406
400,12,2.76832,7.66359
400,13,2.18299,4.76546
400,14,1.3882,1.92709
400,15,0.439742,0.193373
400,16,-0.57579,0.331534
400,17,-1.56142,2.43803
400,18,-2.43021,5.90593
400,19,-3.10411,9.63552
400,20,-3.50927,12.3149
400,21,-3.61059,13.0364
400,22,-3.42009,11.697
400,23,-2.96704,8.80334
400,24,-2.30044,5.29201
400,25,-1.49432,2.23301
400,26,-0.641285,0.411247
400,27,0.175943,0.0309559
400,28,0.90046,0.810828
400,29,1.48926,2.21789
400,30,1.91196,3.65561
400,31,2.15017,4.62321
400,32,2.2049,4.86158
400,33,2.10842,4.44545
400,34,1.90214,3.61815
400,35,1.62223,2.63163
400,36,1.31191,1.72112
400,37,1.02188,1.04425
400,38,0.794395,0.631063
400,39,0.650326,0.422924
400,40,0.599724,0.359669
400,41,0.644069,0.414825
400,42,0.769576,0.592248
400,43,0.957244,0.916317
400,44,1.1775,1.3865
400,45,1.39632,1.94971
400,46,1.5927,2.53671
400,47,1.74771,3.05448
400,48,1.85042,3.42404
400,49,1.90323,3.62228
400,50,1.90323,3.62229
400,51,1.85042,3.42405
400,52,1.74771,3.05448
400,53,1.5927,2.53671
400,54,1.39632,1.94971
400,55,1.1775,1.38651
400,56,0.957248,0.916324
400,57,0.769577,0.592249
400,58,0.644068,0.414823
400,59,0.599725,0.359671
400,60,0.650328,0.422927
400,61,0.794398,0.631069
400,62,1.02188,1.04424
400,63,1.31191,1.72111
400,64,1.62223,2.63163
400,65,1.90214,3.61815
400,66,2.10842,4.44544
400,67,2.2049,4.86158
400,68,2.15016,4.62321
400,69,1.91196,3.6556
400,70,1.48926,2.21789
400,71,0.90046,0.810828
400,72,0.175941,0.0309554
400,73,-0.641283,0.411244
400,74,-1.49433,2.23301
400,75,-2.30044,5.292
400,76,-2.96704,8.80333
400,77,-3.42009,11.697
400,78,-3.6106,13.0364
400,79,-3.50927,12.315
400,80,-3.10411,9.63552
400,81,-2.43021,5.90594
400,82,-1.56142,2.43803
400,83,-0.57579,0.331534
400,84,0.439746,0.193376
400,85,1.3882,1.92709
400,86,2.18299,4.76546
400,87,2.76832,7.6636
400,88,3.11513,9.70405
400,89,3.21457,10.3335
400,90,3.09084,9.55328
400,91,2.79065,7.78771
400,92,2.36154,5.57687
400,93,1.86128,3.46435
400,94,1.35438,1.83435
400,95,0.905966,0.820775
400,96,0.553294,0.306134
400,97,0.29521,0.0871488
400,98,0.122213,0.014936
400,99,0,0
410,0,0,0
410,1,-0.157045,0.024663
410,2,-0.343044,0.117679
410,3,-0.594924,0.353935
410,4,-0.919844,0.846114
410,5,-1.30482,1.70256
410,6,-1.73194,2.99962
410,7,-2.16403,4.68301
410,8,-2.53351,6.41869
410,9,-2.77716,7.71263
410,10,-2.85712,8.16312
410,11,-2.73443,7.47713
410,12,-2.37875,5.65843
410,13,-1.78719,3.19406
410,14,-0.997603,0.995212
410,15,-0.084566,0.00715142
410,16,0.865267,0.748686
410,17,1.75709,3.08736
410,18,2.50994,6.29981
410,19,3.06025,9.36514
410,20,3.35584,11.2617
410,21,3.36958,11.3541
410,22,3.10455,9.63822
410,23,2.60568,6.78957
410,24,1.9275,3.71525
410,25,1.12406,1.26351
410,26,0.274136,0.0751505
410,27,-0.539851,0.291439
410,28,-1.26096,1.59002
410,29,-1.8538,3.43656
410,30,-2.28936,5.24115
410,31,-2.5451,6.47756
410,32,-2.62028,6.86585
410,33,-2.53573,6.42991
410,34,-2.32402,5.40107
410,35,-2.02851,4.11485
410,36,-1.69138,2.86075
410,37,-1.36159,1.85392
410,38,-1.08569,1.17872
410,39,-0.891662,0.795061
410,40,-0.797193,0.635516
410,41,-0.812023,0.659381
410,42,-0.919967,0.846339
410,43,-1.08393,1.17491
410,44,-1.27384,1.62268
410,45,-1.46909,2.15821
410,46,-1.64502,2.7061
410,47,-1.7858,3.18909
410,48,-1.88671,3.55968
410,49,-1.93995,3.76341
410,50,-1.93995,3.76341
410,51,-1.88671,3.55968
410,52,-1.7858,3.1891
410,53,-1.64502,2.7061
410,54,-1.46909,2.15822
410,55,-1.27384,1.62268
410,56,-1.08394,1.17492
410,57,-0.919969,0.846343
410,58,-0.812025,0.659384
410,59,-0.797191,0.635513
410,60,-0.891662,0.795062
410,61,-1.08569,1.17872
410,62,-1.36159,1.85392
410,63,-1.69138,2.86075
410,64,-2.02851,4.11484
410,65,-2.32402,5.40107
410,66,-2.53573,6.4299
410,67,-2.62028,6.86585
410,68,-2.5451,6.47756
410,69,-2.28936,5.24117
410,70,-1.85379,3.43655
410,71,-1.26096,1.59003
410,72,-0.53985,0.291438
410,73,0.274137,0.075151
410,74,1.12406,1.2635
410,75,1.9275,3.71525
410,76,2.60568,6.78958
410,77,3.10455,9.63822
410,78,3.36958,11.3541
410,79,3.35584,11.2617
410,80,3.06025,9.36513
410,81,2.50994,6.2998
410,82,1.75709,3.08735
410,83,0.865268,0.748688
410,84,-0.084567,0.00715158
410,85,-0.997602,0.995209
410,86,-1.78719,3.19406
410,87,-2.37874,5.65843
410,88,-2.73444,7.47714
410,89,-2.85712,8.16312
410,90,-2.77716,7.71264
410,91,-2.53351,6.41869
410,92,-2.16403,4.68301
410,93,-1.73194,2.99961
410,94,-1.30482,1.70257
410,95,-0.919846,0.846116
410,96,-0.594924,0.353934
410,97,-0.343047,0.117681
410,98,-0.157045,0.0246631
410,99,0,0
420,0,0,0
420,1,0.0827537,0.00684818
420,2,0.2311,0.0534071
420,3,0.465475,0.216667
420,4,0.792383,0.627871
420,5,1.20875,1.46107
420,6,1.68336,2.83369
420,7,2.1699,4.70847
420,8,2.60706,6.79674
420,9,2.91171,8.47803
420,10,3.01064,9.06397
420,11,2.87362,8.25772
420,12,2.48935,6.19685
420,13,1.86323,3.47164
420,14,1.05047,1.10349
420,15,0.140536,0.0197504
420,16,-0.77289,0.597359
420,17,-1.60942,2.59022
420,18,-2.30223,5.30028
420,19,-2.78899,7.77849
420,20,-3.02375,9.14309
420,21,-2.99273,8.95643
420,22,-2.71728,7.38363
420,23,-2.23711,5.00466
420,24,-1.59318,2.53821
420,25,-0.834337,0.696118
420,26,-0.0163416,0.000267049
420,27,0.786138,0.618013
420,28,1.49591,2.23774
420,29,2.07293,4.29704
420,30,2.49295,6.21479
420,31,2.73602,7.48579
420,32,2.79869,7.83267
420,33,2.69995,7.28975
420,34,2.47542,6.12769
420,35,2.16862,4.7029
420,36,1.83188,3.35578
420,37,1.51063,2.282
420,38,1.23553,1.52654
420,39,1.03147,1.06393
420,40,0.911238,0.830355
420,41,0.87466,0.76503
420,42,0.92169,0.849513
420,43,1.04369,1.0893
420,44,1.21956,1.48732
420,45,1.4198,2.01584
420,46,1.61452,2.60668
420,47,1.78781,3.19627
420,48,1.92458,3.70402
420,49,2.0009,4.0036
420,50,2.0009,4.00361
420,51,1.92458,3.70401
420,52,1.78781,3.19626
420,53,1.61452,2.60668
420,54,1.4198,2.01582
420,55,1.21955,1.48731
420,56,1.04369,1.08929
420,57,0.92169,0.849512
420,58,0.874659,0.765028
420,59,0.911236,0.830351
420,60,1.03147,1.06392
420,61,1.23553,1.52653
420,62,1.51063,2.28199
420,63,1.83188,3.35577
420,64,2.16861,4.70288
420,65,2.47542,6.12768
420,66,2.69995,7.28973
420,67,2.79869,7.83269
420,68,2.73602,7.48578
420,69,2.49295,6.21479
420,70,2.07293,4.29703
420,71,1.49591,2.23774
420,72,0.786139,0.618014
420,73,-0.0163395,0.000266978
420,74,-0.834336,0.696116
420,75,-1.59318,2.53821
420,76,-2.23711,5.00464
420,77,-2.71728,7.38363
420,78,-2.99273,8.95643
420,79,-3.02375,9.14308
420,80,-2.789,7.7785
420,81,-2.30223,5.30028
420,82,-1.60942,2.59022
420,83,-0.772892,0.597362
420,84,0.140537,0.0197506
420,85,1.05047,1.10348
420,86,1.86323,3.47164
420,87,2.48934,6.19684
420,88,2.87362,8.25771
420,89,3.01064,9.06397
420,90,2.9117,8.47801
420,91,2.60705,6.79672
420,92,2.1699,4.70847
420,93,1.68336,2.83369
420,94,1.20875,1.46107
420,95,0.792384,0.627872
420,96,0.465478,0.216669
420,97,0.231101,0.0534076
420,98,0.0827527,0.006848
420,99,0,0
430,0,0,0
430,1,-0.0717094,0.00514224
430,2,-0.195985,0.0384102
430,3,-0.418749,0.175351
430,4,-0.747877,0.559321
430,5,-1.15528,1.33468
430,6,-1.61483,2.60769
430,7,-2.07824,4.31908
430,8,-2.47703,6.13568
430,9,-2.75649,7.59822
430,10,-2.85701,8.1625
430,11,-2.7311,7.45893
430,12,-2.37387,5.63528
430,13,-1.81219,3.28403
430,14,-1.08603,1.17945
430,15,-0.262051,0.068671
430,16,0.573847,0.3293
430,17,1.35285,1.8302
430,18,2.01016,4.04075
430,19,2.4786,6.14346
430,20,2.70716,7.32873
430,21,2.68403,7.20404
430,22,2.43644,5.93624
430,23,2.00738,4.02956
430,24,1.43743,2.0662
430,25,0.772336,0.596503
430,26,0.0797185,0.00635503
430,27,-0.576324,0.332149
430,28,-1.15287,1.32912
430,29,-1.61984,2.62389
430,30,-1.96359,3.8557
430,31,-2.17931,4.7494
430,32,-2.25993,5.10729
430,33,-2.21791,4.91911
430,34,-2.08708,4.35588
430,35,-1.89919,3.60691
430,36,-1.67786,2.8152
430,37,-1.44965,2.10149
430,38,-1.24977,1.56193
430,39,-1.11038,1.23295
430,40,-1.0407,1.08306
430,41,-1.03732,1.07604
430,42,-1.10216,1.21475
430,43,-1.24697,1.55493
430,44,-1.46037,2.13269
430,45,-1.70099,2.89338
430,46,-1.9366,3.75041
430,47,-2.14705,4.60984
430,48,-2.31254,5.34785
430,49,-2.4089,5.80281
430,50,-2.40891,5.80283
430,51,-2.31254,5.34785
430,52,-2.14705,4.60984
430,53,-1.93659,3.75039
430,54,-1.70099,2.89338
430,55,-1.46037,2.13268
430,56,-1.24697,1.55493
430,57,-1.10216,1.21475
430,58,-1.03732,1.07604
430,59,-1.0407,1.08307
430,60,-1.11038,1.23295
430,61,-1.24977,1.56193
430,62,-1.44965,2.10149
430,63,-1.67785,2.81519
430,64,-1.89918,3.6069
430,65,-2.08707,4.35588
430,66,-2.2179,4.9191
430,67,-2.25993,5.10729
430,68,-2.17931,4.74941
430,69,-1.96359,3.8557
430,70,-1.61985,2.6239
430,71,-1.15288,1.32912
430,72,-0.576325,0.332151
430,73,0.0797173,0.00635484
430,74,0.772333,0.596499
430,75,1.43743,2.0662
430,76,2.00738,4.02955
430,77,2.43644,5.93623
430,78,2.68404,7.20405
430,79,2.70716,7.32873
430,80,2.4786,6.14348
430,81,2.01016,4.04075
430,82,1.35285,1.8302
430,83,0.573846,0.3293
430,84,-0.26205,0.0686701
430,85,-1.08603,1.17945
430,86,-1.81219,3.28402
430,87,-2.37387,5.63527
430,88,-2.7311,7.45893
430,89,-2.85701,8.1625
430,90,-2.75649,7.59824
430,91,-2.47703,6.13569
430,92,-2.07824,4.31909
430,93,-1.61483,2.60769
430,94,-1.15528,1.33468
430,95,-0.747877,0.55932
430,96,-0.41875,0.175351
430,97,-0.195985,0.0384101
430,98,-0.0717106,0.00514242
430,99,0,0
440,0,0,0
440,1,0.0448278,0.00200953
440,2,0.130894,0.0171333
440,3,0.286288,0.0819608
440,4,0.53347,0.28459
440,5,0.871506,0.759522
440,6,1.26149,1.59136
440,7,1.65953,2.75404
440,8,2.01729,4.06944
440,9,2.26669,5.13789
440,10,2.35435,5.54297
440,11,2.25603,5.08966
440,12,1.95934,3.83901
440,13,1.47615,2.17901
440,14,0.852098,0.72607
440,15,0.148391,0.0220199
440,16,-0.57435,0.329878
440,17,-1.25466,1.57416
440,18,-1.84067,3.38808
440,19,-2.28917,5.2403
440,20,-2.54996,6.50227
440,21,-2.59922,6.75595
440,22,-2.44385,5.97242
440,23,-2.1024,4.4201
440,24,-1.60698,2.5824
440,25,-1.00428,1.00857
440,26,-0.356507,0.127097
440,27,0.275,0.0756252
440,28,0.846235,0.716113
440,29,1.32806,1.76375
440,30,1.69128,2.86042
440,31,1.91424,3.66432
440,32,1.99998,3.99992
440,33,1.96771,3.87187
440,34,1.84854,3.41709
440,35,1.67728,2.81327
440,36,1.47523,2.1763
440,37,1.26155,1.5915
440,38,1.06727,1.13906
440,39,0.927299,0.859884
440,40,0.867961,0.753357
440,41,0.901546,0.812785
440,42,1.02914,1.05912
440,43,1.24494,1.54988
440,44,1.53042,2.34219
440,45,1.8576,3.45068
440,46,2.18596,4.77843
440,47,2.47328,6.11712
440,48,2.68724,7.22124
440,49,2.80228,7.85278
440,50,2.80228,7.85279
440,51,2.68724,7.22125
440,52,2.47328,6.11713
440,53,2.18596,4.77844
440,54,1.8576,3.45068
440,55,1.53042,2.34219
440,56,1.24494,1.54988
440,57,1.02914,1.05913
440,58,0.901548,0.812789
440,59,0.867964,0.753362
440,60,0.927302,0.859888
440,61,1.06727,1.13907
440,62,1.26155,1.5915
440,63,1.47523,2.1763
440,64,1.67728,2.81327
440,65,1.84854,3.41709
440,66,1.96771,3.87187
440,67,1.99998,3.99992
440,68,1.91424,3.66431
440,69,1.69128,2.86041
440,70,1.32806,1.76375
440,71,0.846235,0.716114
440,72,0.275001,0.0756258
440,73,-0.356504,0.127095
440,74,-1.00427,1.00857
440,75,-1.60698,2.5824
440,76,-2.1024,4.4201
440,77,-2.44385,5.97242
440,78,-2.59922,6.75594
440,79,-2.54995,6.50226
440,80,-2.28917,5.24028
440,81,-1.84067,3.38807
440,82,-1.25466,1.57417
440,83,-0.574348,0.329876
440,84,0.148393,0.0220205
440,85,0.852098,0.726071
440,86,1.47615,2.17901
440,87,1.95934,3.83901
440,88,2.25602,5.08965
440,89,2.35435,5.54297
440,90,2.26669,5.13789
440,91,2.01728,4.06944
440,92,1.65953,2.75404
440,93,1.26149,1.59136
440,94,0.871505,0.759521
440,95,0.533469,0.28459
440,96,0.286288,0.0819606
440,97,0.130893,0.0171331
440,98,0.0448276,0.00200951
440,99,0,0
450,0,0,0
450,1,-0.012051,0.000145227
450,2,-0.0463825,0.00215133
450,3,-0.136889,0.0187385
450,4,-0.301529,0.0909195
450,5,-0.540564,0.29221
450,6,-0.833515,0.694747
450,7,-1.14793,1.31774
450,8,-1.44387,2.08475
450,9,-1.68329,2.83345
450,10,-1.82705,3.33812
450,11,-1.82943,3.34681
450,12,-1.66913,2.78598
450,13,-1.33797,1.79015
450,14,-0.839528,0.704807
450,15,-0.219458,0.0481619
450,16,0.457245,0.209073
450,17,1.12239,1.25976
450,18,1.69173,2.86196
450,19,2.09275,4.37959
450,20,2.29272,5.25658
450,21,2.28367,5.21517
450,22,2.07812,4.3186
450,23,1.71108,2.92781
450,24,1.22779,1.50748
450,25,0.686568,0.471376
450,26,0.144574,0.0209017
450,27,-0.353317,0.124833
450,28,-0.768844,0.591121
450,29,-1.08364,1.17428
450,30,-1.29565,1.67872
450,31,-1.40595,1.9767
450,32,-1.42292,2.0247
450,33,-1.36833,1.87232
450,34,-1.26942,1.61143
450,35,-1.14494,1.31089
450,36,-1.00599,1.01201
450,37,-0.866493,0.75081
450,38,-0.752896,0.566852
450,39,-0.700276,0.490387
450,40,-0.733489,0.538006
450,41,-0.848561,0.720056
450,42,-1.02923,1.05932
450,43,-1.27041,1.61395
450,44,-1.56951,2.46337
450,45,-1.89666,3.59732
450,46,-2.20352,4.8555
450,47,-2.46124,6.05771
450,48,-2.65405,7.04399
450,49,-2.75977,7.61631
450,50,-2.75977,7.61632
450,51,-2.65405,7.044
450,52,-2.46124,6.05771
450,53,-2.20352,4.8555
450,54,-1.89666,3.59732
450,55,-1.56951,2.46337
450,56,-1.27041,1.61395
450,57,-1.02923,1.05931
450,58,-0.848562,0.720058
450,59,-0.733489,0.538006
450,60,-0.700277,0.490388
450,61,-0.752897,0.566854
450,62,-0.866494,0.750812
450,63,-1.00599,1.01201
450,64,-1.14494,1.31089
450,65,-1.26942,1.61142
450,66,-1.36833,1.87232
450,67,-1.42292,2.02469
450,68,-1.40595,1.9767
450,69,-1.29566,1.67872
450,70,-1.08364,1.17429
450,71,-0.768842,0.591118
450,72,-0.353318,0.124834
450,73,0.144577,0.0209026
450,74,0.686572,0.47138
450,75,1.22779,1.50748
450,76,1.71108,2.92781
450,77,2.07812,4.3186
450,78,2.28367,5.21517
450,79,2.29272,5.25657
450,80,2.09275,4.3796
450,81,1.69173,2.86196
450,82,1.12239,1.25975
450,83,0.457246,0.209074
450,84,-0.219459,0.0481624
450,85,-0.839527,0.704806
450,86,-1.33797,1.79016
450,87,-1.66912,2.78598
450,88,-1.82943,3.34681
450,89,-1.82705,3.33812
450,90,-1.68328,2.83344
450,91,-1.44386,2.08474
450,92,-1.14793,1.31773
450,93,-0.833515,0.694748
450,94,-0.540565,0.292211
450,95,-0.301528,0.0909189
450,96,-0.136886,0.0187377
450,97,-0.0463805,0.00215115
450,98,-0.0120491,0.000145181
450,99,0,0
460,0,0,0
460,1,-0.0697024,0.00485842
460,2,-0.107261,0.0115049
460,3,-0.0795126,0.00632226
460,4,0.038147,0.00145519
460,5,0.258108,0.0666195
460,6,0.560039,0.313644
460,7,0.901427,0.81257
460,8,1.24034,1.53843
460,9,1.53133,2.34496
460,10,1.72046,2.95997
460,11,1.76409,3.112
460,12,1.64158,2.69478
460,13,1.35708,1.84166
460,14,0.941685,0.88677
460,15,0.428126,0.183292
460,16,-0.14646,0.0214504
460,17,-0.722482,0.521981
460,18,-1.23523,1.5258
460,19,-1.63392,2.6697
460,20,-1.87538,3.51705
460,21,-1.92574,3.70846
460,22,-1.77847,3.16297
460,23,-1.4591,2.12899
460,24,-1.02364,1.04783
460,25,-0.526514,0.277217
460,26,-0.00970913,9.42673e-05
460,27,0.472265,0.223034
460,28,0.872352,0.760998
460,29,1.16611,1.35981
460,30,1.35391,1.83307
460,31,1.44241,2.08055
460,32,1.42375,2.02706
460,33,1.3079,1.7106
460,34,1.12972,1.27628
460,35,0.928732,0.862542
460,36,0.731371,0.534904
460,37,0.557011,0.310262
460,38,0.437138,0.19109
460,39,0.407201,0.165813
460,40,0.47444,0.225093
460,41,0.62584,0.391675
460,42,0.848946,0.720709
460,43,1.12619,1.2683
460,44,1.43975,2.07288
460,45,1.7651,3.11557
460,46,2.07507,4.3059
460,47,2.34095,5.48004
460,48,2.53621,6.43238
460,49,2.64065,6.97303
460,50,2.64065,6.97303
460,51,2.53622,6.43239
460,52,2.34095,5.48004
460,53,2.07506,4.30589
460,54,1.7651,3.11557
460,55,1.43975,2.07287
460,56,1.12619,1.26831
460,57,0.848943,0.720705
460,58,0.625841,0.391677
460,59,0.474437,0.22509
460,60,0.407202,0.165814
460,61,0.437136,0.191088
460,62,0.55701,0.31026
460,63,0.731369,0.534901
460,64,0.928731,0.862542
460,65,1.12973,1.27628
460,66,1.3079,1.7106
460,67,1.42375,2.02707
460,68,1.44241,2.08055
460,69,1.35391,1.83306
460,70,1.16611,1.35981
460,71,0.872351,0.760996
460,72,0.472265,0.223034
460,73,-0.0097094,9.42724e-05
460,74,-0.526512,0.277215
460,75,-1.02363,1.04783
460,76,-1.4591,2.12898
460,77,-1.77847,3.16297
460,78,-1.92574,3.70846
460,79,-1.87538,3.51704
460,80,-1.63392,2.6697
460,81,-1.23523,1.5258
460,82,-0.722483,0.521982
460,83,-0.14646,0.0214505
460,84,0.428127,0.183292
460,85,0.941686,0.886772
460,86,1.35708,1.84166
460,87,1.64158,2.69477
460,88,1.76408,3.11199
460,89,1.72045,2.95995
460,90,1.53132,2.34494
460,91,1.24033,1.53843
460,92,0.901423,0.812563
460,93,0.560036,0.313641
460,94,0.258107,0.066619
460,95,0.0381464,0.00145514
460,96,-0.0795152,0.00632266
460,97,-0.107263,0.0115053
460,98,-0.069704,0.00485864
460,99,0,0
470,0,0,0
470,1,0.225079,0.0506604
470,2,0.390243,0.15229
470,3,0.437243,0.191182
470,4,0.326914,0.106873
470,5,0.0661712,0.00437863
470,6,-0.308443,0.0951369
470,7,-0.748202,0.559806
470,8,-1.19115,1.41884
470,9,-1.571,2.46803
470,10,-1.82445,3.32862
470,11,-1.90226,3.61858
470,12,-1.78653,3.1917
470,13,-1.49511,2.23534
470,14,-1.06436,1.13285
470,15,-0.540899,0.292571
470,16,0.0155595,0.000242097
470,17,0.543937,0.295867
470,18,0.988655,0.977439
470,19,1.31144,1.71989
470,20,1.48854,2.21575
470,21,1.50249,2.25746
470,22,1.35611,1.83905
470,23,1.07045,1.14587
470,24,0.685003,0.469229
470,25,0.241384,0.0582661
470,26,-0.224132,0.050235
470,27,-0.666264,0.443907
470,28,-1.04209,1.08595
470,29,-1.31446,1.7278
470,30,-1.46066,2.13354
470,31,-1.48539,2.20638
470,32,-1.40924,1.98594
470,33,-1.25516,1.57544
470,34,-1.05665,1.11651
470,35,-0.856361,0.733355
470,36,-0.68501,0.469239
470,37,-0.563684,0.317739
470,38,-0.503932,0.253948
470,39,-0.51205,0.262196
470,40,-0.590157,0.348285
470,41,-0.728698,0.531001
470,42,-0.919505,0.84549
470,43,-1.16133,1.34868
470,44,-1.43493,2.05903
470,45,-1.70998,2.92403
470,46,-1.95992,3.84128
470,47,-2.16593,4.69127
470,48,-2.31561,5.36205
470,49,-2.39517,5.73685
470,50,-2.39517,5.73685
470,51,-2.31561,5.36204
470,52,-2.16593,4.69126
470,53,-1.95992,3.84128
470,54,-1.70997,2.92401
470,55,-1.43493,2.05903
470,56,-1.16132,1.34867
470,57,-0.919505,0.845489
470,58,-0.728696,0.530998
470,59,-0.590158,0.348286
470,60,-0.512046,0.262191
470,61,-0.503931,0.253947
470,62,-0.563682,0.317737
470,63,-0.685011,0.46924
470,64,-0.856361,0.733354
470,65,-1.05665,1.11651
470,66,-1.25517,1.57544
470,67,-1.40924,1.98595
470,68,-1.48539,2.20638
470,69,-1.46067,2.13355
470,70,-1.31446,1.7278
470,71,-1.04209,1.08595
470,72,-0.666264,0.443908
470,73,-0.224135,0.0502363
470,74,0.241384,0.0582663
470,75,0.684999,0.469224
470,76,1.07045,1.14586
470,77,1.35611,1.83904
470,78,1.50248,2.25745
470,79,1.48854,2.21575
470,80,1.31145,1.71989
470,81,0.988656,0.977441
470,82,0.543938,0.295868
470,83,0.0155616,0.000242163
470,84,-0.540897,0.292569
470,85,-1.06435,1.13285
470,86,-1.4951,2.23534
470,87,-1.78653,3.19169
470,88,-1.90226,3.61859
470,89,-1.82445,3.32862
470,90,-1.57099,2.46802
470,91,-1.19115,1.41884
470,92,-0.748203,0.559808
470,93,-0.308443,0.0951372
470,94,0.0661727,0.00437883
470,95,0.326918,0.106875
470,96,0.437243,0.191181
470,97,0.390244,0.15229
470,98,0.225076,0.0506594
470,99,0,0
480,0,0,0
480,1,-0.278881,0.0777745
480,2,-0.485381,0.235595
480,3,-0.565955,0.320305
480,4,-0.489075,0.239195
480,5,-0.256161,0.0656186
480,6,0.0999071,0.00998143
480,7,0.530999,0.28196
480,8,0.979784,0.959977
480,9,1.3815,1.90854
480,10,1.66572,2.77461
480,11,1.78185,3.17499
480,12,1.71406,2.93799
480,13,1.46835,2.15604
480,14,1.06404,1.13217
480,15,0.548469,0.300818
480,16,-0.00663452,4.40168e-05
480,17,-0.524758,0.275371
480,18,-0.940324,0.88421
480,19,-1.22021,1.48892
480,20,-1.345,1.80904
480,21,-1.30479,1.70247
480,22,-1.11529,1.24387
480,23,-0.806739,0.650828
480,24,-0.420454,0.176782
480,25,-0.00418655,1.75272e-05
480,26,0.402943,0.162363
480,27,0.77287,0.597328
480,28,1.07197,1.14911
480,29,1.27306,1.62069
480,30,1.38291,1.91245
480,31,1.41004,1.98821
480,32,1.36233,1.85595
480,33,1.25526,1.57567
480,34,1.1114,1.2352
480,35,0.962449,0.926308
480,36,0.824754,0.680219
480,37,0.716037,0.512708
480,38,0.658654,0.433825
480,39,0.661595,0.437708
480,40,0.713529,0.509123
480,41,0.804116,0.646602
480,42,0.938155,0.880136
480,43,1.12275,1.26057
480,44,1.34309,1.80389
480,45,1.5645,2.44765
480,46,1.76189,3.10427
480,47,1.92516,3.70624
480,48,2.04501,4.18207
480,49,2.10943,4.4497
480,50,2.10943,4.4497
480,51,2.04501,4.18208
480,52,1.92516,3.70624
480,53,1.76189,3.10427
480,54,1.5645,2.44765
480,55,1.34309,1.80389
480,56,1.12275,1.26057
480,57,0.938156,0.880137
480,58,0.804117,0.646603
480,59,0.713528,0.509123
480,60,0.661593,0.437705
480,61,0.658653,0.433824
480,62,0.716038,0.51271
480,63,0.824753,0.680218
480,64,0.962448,0.926307
480,65,1.1114,1.2352
480,66,1.25525,1.57566
480,67,1.36233,1.85596
480,68,1.41004,1.98821
480,69,1.38291,1.91245
480,70,1.27306,1.62069
480,71,1.07197,1.14911
480,72,0.77287,0.597328
480,73,0.402943,0.162363
480,74,-0.00418653,1.75271e-05
480,75,-0.420453,0.176781
480,76,-0.806741,0.650831
480,77,-1.11529,1.24387
480,78,-1.30479,1.70247
480,79,-1.34501,1.80904
480,80,-1.22021,1.48892
480,81,-0.940326,0.884214
480,82,-0.524759,0.275372
480,83,-0.00663548,4.40296e-05
480,84,0.54847,0.300819
480,85,1.06404,1.13217
480,86,1.46835,2.15604
480,87,1.71406,2.93799
480,88,1.78186,3.17501
480,89,1.66572,2.77461
480,90,1.3815,1.90854
480,91,0.979787,0.959983
480,92,0.531004,0.281965
480,93,0.0999098,0.00998198
480,94,-0.25616,0.0656178
480,95,-0.489076,0.239195
480,96,-0.565954,0.320304
480,97,-0.48538,0.235594
480,98,-0.278879,0.0777736
480,99,0,0
490,0,0,0
490,1,0.2619,0.0685916
490,2,0.472144,0.22292
490,3,0.57141,0.32651
490,4,0.526229,0.276917
490,5,0.33084,0.109455
490,6,0.00866703,7.51174e-05
490,7,-0.385565,0.14866
490,8,-0.789386,0.62313
490,9,-1.14062,1.30101
490,10,-1.37528,1.89139
490,11,-1.44896,2.09949
490,12,-1.35363,1.83231
490,13,-1.11017,1.23248
490,14,-0.752571,0.566364
490,15,-0.31877,0.101615
490,16,0.141858,0.0201238
490,17,0.564188,0.318308
490,18,0.890737,0.793412
490,19,1.09021,1.18856
490,20,1.15264,1.32858
490,21,1.08301,1.17291
490,22,0.889953,0.792017
490,23,0.604068,0.364898
490,24,0.274381,0.0752849
490,25,-0.0691886,0.00478706
490,26,-0.405209,0.164194
490,27,-0.704355,0.496116
490,28,-0.95176,0.905847
490,29,-1.14203,1.30423
490,30,-1.26571,1.60202
490,31,-1.31749,1.73578
490,32,-1.30135,1.69352
490,33,-1.23512,1.52552
490,34,-1.13508,1.28841
490,35,-1.00767,1.0154
490,36,-0.866871,0.751466
490,37,-0.736068,0.541796
490,38,-0.636764,0.405469
490,39,-0.590298,0.348452
490,40,-0.607246,0.368748
490,41,-0.688631,0.474213
490,42,-0.819909,0.672251
490,43,-0.980232,0.960855
490,44,-1.16082,1.3475
490,45,-1.3486,1.81871
490,46,-1.51913,2.30777
490,47,-1.65879,2.75159
490,48,-1.76838,3.12716
490,49,-1.83604,3.37105
490,50,-1.83604,3.37106
490,51,-1.76838,3.12716
490,52,-1.65879,2.75159
490,53,-1.51914,2.30778
490,54,-1.3486,1.81871
490,55,-1.16082,1.34751
490,56,-0.980234,0.960858
490,57,-0.819908,0.672249
490,58,-0.688631,0.474212
490,59,-0.607247,0.368749
490,60,-0.590298,0.348452
490,61,-0.636766,0.405471
490,62,-0.736071,0.5418
490,63,-0.86687,0.751463
490,64,-1.00767,1.0154
490,65,-1.13508,1.28841
490,66,-1.23512,1.52551
490,67,-1.30135,1.69351
490,68,-1.31749,1.73578
490,69,-1.26571,1.60201
490,70,-1.14203,1.30424
490,71,-0.951758,0.905843
490,72,-0.704354,0.496114
490,73,-0.405211,0.164196
490,74,-0.0691888,0.00478708
490,75,0.274381,0.0752851
490,76,0.604069,0.364899
490,77,0.889954,0.792017
490,78,1.08301,1.17291
490,79,1.15264,1.32858
490,80,1.09021,1.18856
490,81,0.890739,0.793416
490,82,0.564189,0.31831
490,83,0.141861,0.0201246
490,84,-0.31877,0.101614
490,85,-0.752571,0.566364
490,86,-1.11017,1.23248
490,87,-1.35363,1.83231
490,88,-1.44896,2.09949
490,89,-1.37528,1.89139
490,90,-1.14062,1.30102
490,91,-0.789387,0.623132
490,92,-0.385567,0.148662
490,93,0.00866641,7.51066e-05
490,94,0.330838,0.109454
490,95,0.526227,0.276915
490,96,0.571409,0.326508
490,97,0.472144,0.22292
490,98,0.261899,0.068591
490,99,0,0
500,0,0,0
500,1,-0.210474,0.0442991
500,2,-0.374396,0.140172
500,3,-0.461399,0.212889
500,4,-0.441276,0.194725
500,5,-0.29717,0.0883099
500,6,-0.0524596,0.00275201
500,7,0.252025,0.0635166
500,8,0.566504,0.320927
500,9,0.842542,0.709877
500,10,1.04003,1.08167
500,11,1.11499,1.24321
500,12,1.0459,1.0939
500,13,0.848894,0.720621
500,14,0.553,0.305809
500,15,0.194963,0.0380105
500,16,-0.175121,0.0306675
500,17,-0.501061,0.251062
500,18,-0.733512,0.53804
500,19,-0.85458,0.730307
500,20,-0.866898,0.751513
500,21,-0.769346,0.591893
500,22,-0.573605,0.329023
500,23,-0.305911,0.0935818
500,24,0.000431062,1.85814e-07
500,25,0.306585,0.0939941
500,26,0.586323,0.343775
500,27,0.821631,0.675078
500,28,0.996279,0.992573
500,29,1.1014,1.21309
500,30,1.14111,1.30214
500,31,1.13143,1.28013
500,32,1.09051,1.18921
500,33,1.0315,1.06398
500,34,0.961654,0.924779
500,35,0.880364,0.775042
500,36,0.788552,0.621814
500,37,0.692621,0.479723
500,38,0.600756,0.360908
500,39,0.531327,0.282308
500,40,0.499436,0.249436
500,41,0.513929,0.264123
500,42,0.581115,0.337694
500,43,0.698875,0.488427
500,44,0.8516,0.725223
500,45,1.02166,1.04379
500,46,1.19338,1.42417
500,47,1.34874,1.81909
500,48,1.46083,2.13402
500,49,1.51343,2.29046
500,50,1.51343,2.29047
500,51,1.46083,2.13402
500,52,1.34874,1.81909
500,53,1.19339,1.42417
500,54,1.02166,1.04379
500,55,0.851598,0.725219
500,56,0.698877,0.488429
500,57,0.581114,0.337694
500,58,0.51393,0.264124
500,59,0.499437,0.249437
500,60,0.531328,0.282309
500,61,0.600756,0.360908
500,62,0.692622,0.479726
500,63,0.788551,0.621812
500,64,0.880362,0.775037
500,65,0.961653,0.924776
500,66,1.03149,1.06398
500,67,1.09051,1.18921
500,68,1.13143,1.28014
500,69,1.14111,1.30214
500,70,1.1014,1.21309
500,71,0.99628,0.992574
500,72,0.821632,0.675079
500,73,0.586322,0.343774
500,74,0.306585,0.0939942
500,75,0.000434103,1.88445e-07
500,76,-0.305912,0.0935825
500,77,-0.573607,0.329025
500,78,-0.769346,0.591894
500,79,-0.8669,0.751516
500,80,-0.85458,0.730307
500,81,-0.733515,0.538044
500,82,-0.50106,0.251061
500,83,-0.175122,0.0306675
500,84,0.194966,0.0380117
500,85,0.553002,0.305811
500,86,0.848892,0.720618
500,87,1.04589,1.0939
500,88,1.11499,1.24321
500,89,1.04003,1.08167
500,90,0.842543,0.709878
500,91,0.5665,0.320923
500,92,0.252025,0.0635168
500,93,-0.05246,0.00275205
500,94,-0.297169,0.0883092
500,95,-0.441276,0.194725
500,96,-0.461397,0.212887
500,97,-0.374398,0.140174
500,98,-0.210475,0.0442999
500,99,0,0
510,0,0,0
510,1,0.198321,0.0393314
510,2,0.350572,0.1229
510,3,0.416203,0.173225
510,4,0.37114,0.137745
510,5,0.22144,0.0490359
510,6,-0.00550367,3.02904e-05
510,7,-0.271952,0.0739577
510,8,-0.538792,0.290297
510,9,-0.770472,0.593627
510,10,-0.934948,0.874127
510,11,-1.00302,1.00605
510,12,-0.958831,0.919357
510,13,-0.810998,0.657717
510,14,-0.585334,0.342616
510,15,-0.317146,0.100581
510,16,-0.050584,0.00255875
510,17,0.174538,0.0304635
510,18,0.331664,0.110001
510,19,0.408832,0.167144
510,20,0.400527,0.160422
510,21,0.301294,0.0907781
510,22,0.122002,0.0148844
510,23,-0.107651,0.0115888
510,24,-0.345666,0.119485
510,25,-0.559249,0.31276
510,26,-0.737741,0.544261
510,27,-0.875042,0.765699
510,28,-0.962472,0.926353
510,29,-0.994775,0.989577
510,30,-0.976533,0.953616
510,31,-0.917921,0.842579
510,32,-0.831958,0.692155
510,33,-0.729345,0.531944
510,34,-0.623495,0.388746
510,35,-0.536099,0.287402
510,36,-0.474818,0.225452
510,37,-0.436116,0.190197
510,38,-0.412462,0.170125
510,39,-0.393584,0.154908
510,40,-0.384102,0.147534
510,41,-0.394607,0.155715
510,42,-0.430353,0.185204
510,43,-0.499309,0.24931
510,44,-0.600772,0.360927
510,45,-0.72695,0.528456
510,46,-0.860552,0.74055
510,47,-0.98284,0.965974
510,48,-1.08241,1.17161
510,49,-1.1416,1.30325
510,50,-1.1416,1.30325
510,51,-1.08241,1.17161
510,52,-0.982841,0.965976
510,53,-0.860552,0.740549
510,54,-0.726952,0.528459
510,55,-0.600773,0.360928
510,56,-0.499312,0.249312
510,57,-0.430354,0.185204
510,58,-0.39461,0.155717
510,59,-0.384105,0.147536
510,60,-0.393584,0.154908
510,61,-0.412458,0.170122
510,62,-0.436113,0.190195
510,63,-0.474815,0.22545
510,64,-0.5361,0.287403
510,65,-0.623493,0.388744
510,66,-0.729344,0.531942
510,67,-0.831958,0.692154
510,68,-0.917919,0.842575
510,69,-0.976531,0.953613
510,70,-0.994774,0.989576
510,71,-0.96247,0.926349
510,72,-0.875041,0.765697
510,73,-0.73774,0.54426
510,74,-0.559248,0.312759
510,75,-0.345669,0.119487
510,76,-0.107654,0.0115894
510,77,0.122001,0.0148842
510,78,0.301294,0.0907779
510,79,0.400523,0.160419
510,80,0.408829,0.167141
510,81,0.331666,0.110002
510,82,0.174536,0.0304628
510,83,-0.050586,0.00255894
510,84,-0.317144,0.10058
510,85,-0.585337,0.342619
510,86,-0.811001,0.657723
510,87,-0.958832,0.919358
510,88,-1.00302,1.00605
510,89,-0.934948,0.874128
510,90,-0.770473,0.593629
510,91,-0.538789,0.290294
510,92,-0.271953,0.0739586
510,93,-0.00550169,3.02686e-05
510,94,0.221441,0.049036
510,95,0.37114,0.137745
510,96,0.416203,0.173225
510,97,0.350568,0.122898
510,98,0.198321,0.0393311
510,99,0,0
520,0,0,0
520,1,-0.0730167,0.00533144
520,2,-0.129246,0.0167045
520,3,-0.137701,0.0189615
520,4,-0.0844672,0.0071347
520,5,0.0275061,0.000756584
520,6,0.194018,0.0376428
520,7,0.395189,0.156174
520,8,0.607888,0.369528
520,9,0.799287,0.63886
520,10,0.929042,0.863118
520,11,0.981962,0.964249
520,12,0.950766,0.903955
520,13,0.832399,0.692887
520,14,0.642595,0.412928
520,15,0.410714,0.168686
520,16,0.175902,0.0309415
520,17,-0.0244928,0.000599896
520,18,-0.162125,0.0262846
520,19,-0.221562,0.0490895
520,20,-0.200174,0.0400698
520,21,-0.106386,0.011318
520,22,0.0405443,0.00164384
520,23,0.211439,0.0447065
520,24,0.382692,0.146453
520,25,0.542871,0.294708
520,26,0.6741,0.454411
520,27,0.759984,0.577576
520,28,0.792718,0.628401
520,29,0.768274,0.590245
520,30,0.703856,0.495414
520,31,0.625887,0.391735
520,32,0.550318,0.30285
520,33,0.483234,0.233515
520,34,0.426266,0.181703
520,35,0.386648,0.149497
520,36,0.369626,0.136623
520,37,0.373218,0.139292
520,38,0.396459,0.15718
520,39,0.435566,0.189717
520,40,0.474672,0.225314
520,41,0.50844,0.258511
520,42,0.545265,0.297314
520,43,0.589681,0.347724
520,44,0.63745,0.406342
520,45,0.686119,0.47076
520,46,0.743193,0.552336
520,47,0.809715,0.655638
520,48,0.870773,0.758246
520,49,0.908905,0.826109
520,50,0.908905,0.826109
520,51,0.870773,0.758246
520,52,0.809713,0.655636
520,53,0.743192,0.552335
520,54,0.686122,0.470763
520,55,0.637451,0.406344
520,56,0.589682,0.347725
520,57,0.545265,0.297314
520,58,0.508439,0.25851
520,59,0.474675,0.225316
520,60,0.435569,0.18972
520,61,0.396461,0.157182
520,62,0.373217,0.139291
520,63,0.369627,0.136624
520,64,0.386649,0.149498
520,65,0.426266,0.181702
520,66,0.483234,0.233515
520,67,0.55032,0.302852
520,68,0.62589,0.391738
520,69,0.703858,0.495416
520,70,0.768276,0.590248
520,71,0.79272,0.628405
520,72,0.759984,0.577576
520,73,0.674102,0.454413
520,74,0.542871,0.294708
520,75,0.382695,0.146456
520,76,0.211439,0.0447066
520,77,0.0405464,0.00164401
520,78,-0.106387,0.0113182
520,79,-0.200176,0.0400705
520,80,-0.221563,0.04909
520,81,-0.162124,0.0262842
520,82,-0.0244895,0.000599735
520,83,0.175903,0.030942
520,84,0.410714,0.168686
520,85,0.642595,0.412928
520,86,0.832398,0.692886
520,87,0.950766,0.903956
520,88,0.981961,0.964247
520,89,0.929043,0.863121
520,90,0.799288,0.638861
520,91,0.607891,0.369532
520,92,0.39519,0.156175
520,93,0.19402,0.0376437
520,94,0.0275048,0.000756517
520,95,-0.0844674,0.00713474
520,96,-0.137706,0.0189629
520,97,-0.129249,0.0167053
520,98,-0.0730173,0.00533153
520,99,0,0
530,0,0,0
530,1,-0.0374108,0.00139957
530,2,-0.0873552,0.00763093
530,3,-0.147337,0.0217082
530,4,-0.21897,0.0479478
530,5,-0.298009,0.0888094
530,6,-0.373645,0.13961
530,7,-0.445574,0.198537
530,8,-0.512431,0.262586
530,9,-0.55631,0.309481
530,10,-0.554956,0.307976
530,11,-0.505474,0.255504
530,12,-0.424945,0.180578
530,13,-0.330907,0.1095
530,14,-0.222522,0.0495159
530,15,-0.102262,0.0104575
530,16,0.0105329,0.000110942
530,17,0.104738,0.01097
530,18,0.172168,0.0296417
530,19,0.194593,0.0378663
530,20,0.155089,0.0240525
530,21,0.0541142,0.00292835
530,22,-0.0939769,0.00883166
530,23,-0.274401,0.0752959
530,24,-0.464652,0.215902
530,25,-0.633341,0.401121
530,26,-0.757932,0.574461
530,27,-0.827644,0.684994
530,28,-0.841039,0.707346
530,29,-0.810868,0.657506
530,30,-0.755322,0.570511
530,31,-0.689366,0.475226
530,32,-0.629637,0.396442
530,33,-0.587575,0.345244
530,34,-0.563627,0.317675
530,35,-0.549913,0.302404
530,36,-0.542606,0.294421
530,37,-0.54362,0.295522
530,38,-0.543881,0.295806
530,39,-0.536587,0.287926
530,40,-0.526972,0.2777
530,41,-0.525492,0.276141
530,42,-0.534851,0.286066
530,43,-0.550877,0.303466
530,44,-0.568592,0.323297
530,45,-0.575666,0.331391
530,46,-0.569259,0.324056
530,47,-0.557271,0.310551
530,48,-0.542299,0.294088
530,49,-0.530639,0.281578
530,50,-0.530638,0.281577
530,51,-0.542297,0.294086
530,52,-0.557271,0.310551
530,53,-0.569258,0.324055
530,54,-0.575663,0.331388
530,55,-0.568589,0.323294
530,56,-0.550876,0.303464
530,57,-0.534853,0.286068
530,58,-0.52549,0.27614
530,59,-0.526972,0.2777
530,60,-0.536585,0.287924
530,61,-0.543882,0.295808
530,62,-0.543616,0.295519
530,63,-0.542604,0.294419
530,64,-0.549913,0.302404
530,65,-0.563629,0.317678
530,66,-0.587576,0.345246
530,67,-0.629639,0.396445
530,68,-0.689368,0.475228
530,69,-0.755322,0.570512
530,70,-0.81087,0.65751
530,71,-0.841039,0.707346
530,72,-0.827644,0.684995
530,73,-0.757934,0.574464
530,74,-0.63334,0.40112
530,75,-0.464652,0.215902
530,76,-0.274401,0.0752957
530,77,-0.0939764,0.00883157
530,78,0.0541179,0.00292875
530,79,0.155091,0.0240533
530,80,0.194593,0.0378663
530,81,0.172171,0.029643
530,82,0.104737,0.0109699
530,83,0.0105354,0.000110994
530,84,-0.102264,0.0104579
530,85,-0.222522,0.0495159
530,86,-0.330907,0.1095
530,87,-0.424947,0.18058
530,88,-0.505476,0.255506
530,89,-0.55496,0.30798
530,90,-0.55631,0.309481
530,91,-0.512432,0.262586
530,92,-0.445576,0.198538
530,93,-0.373644,0.13961
530,94,-0.29801,0.0888098
530,95,-0.218969,0.0479476
530,96,-0.147338,0.0217084
530,97,-0.0873574,0.00763132
530,98,-0.0374095,0.00139947
530,99,0,0
540,0,0,0
540,1,0.0606298,0.00367598
540,2,0.130373,0.0169971
540,3,0.207972,0.0432522
540,4,0.287185,0.0824755
540,5,0.354799,0.125882
540,6,0.404113,0.163307
540,7,0.443499,0.196691
540,8,0.466496,0.217619
540,9,0.460831,0.212365
540,10,0.422076,0.178148
540,11,0.340702,0.116078
540,12,0.218566,0.0477712
540,13,0.0620735,0.00385312
540,14,-0.116248,0.0135136
540,15,-0.293459,0.0861184
540,16,-0.449454,0.202009
540,17,-0.557235,0.31051
540,18,-0.591189,0.349504
540,19,-0.543769,0.295684
540,20,-0.420762,0.177041
540,21,-0.23026,0.0530198
540,22,0.0073504,5.40284e-05
540,23,0.265434,0.0704553
540,24,0.518539,0.268883
540,25,0.744732,0.554625
540,26,0.929736,0.86441
540,27,1.0634,1.13082
540,28,1.1462,1.31378
540,29,1.17889,1.38978
540,30,1.16187,1.34993
540,31,1.10529,1.22166
540,32,1.02543,1.0515
540,33,0.937215,0.878372
540,34,0.853801,0.728977
540,35,0.782054,0.611608
540,36,0.721712,0.520868
540,37,0.673874,0.454107
540,38,0.638473,0.407648
540,39,0.616103,0.379583
540,40,0.604736,0.365706
540,41,0.595762,0.354932
540,42,0.577675,0.333709
540,43,0.534522,0.285714
540,44,0.465386,0.216584
540,45,0.39413,0.155339
540,46,0.334286,0.111747
540,47,0.283709,0.0804907
540,48,0.246147,0.0605881
540,49,0.226702,0.0513936
540,50,0.226702,0.0513937
540,51,0.246147,0.0605882
540,52,0.283707,0.0804899
540,53,0.334284,0.111746
540,54,0.394131,0.155339
540,55,0.465389,0.216587
540,56,0.53452,0.285711
540,57,0.577676,0.33371
540,58,0.595762,0.354932
540,59,0.604735,0.365705
540,60,0.616102,0.379582
540,61,0.638474,0.407649
540,62,0.673875,0.454107
540,63,0.721714,0.520871
540,64,0.782055,0.611609
540,65,0.8538,0.728975
540,66,0.937214,0.87837
540,67,1.02543,1.0515
540,68,1.10529,1.22166
540,69,1.16187,1.34994
540,70,1.17889,1.38979
540,71,1.1462,1.31377
540,72,1.0634,1.13082
540,73,0.929735,0.864407
540,74,0.744734,0.554629
540,75,0.518537,0.26888
540,76,0.265437,0.0704568
540,77,0.00735228,5.40561e-05
540,78,-0.230259,0.0530192
540,79,-0.42076,0.177039
540,80,-0.543769,0.295685
540,81,-0.591191,0.349506
540,82,-0.557237,0.310513
540,83,-0.449454,0.202009
540,84,-0.293459,0.0861183
540,85,-0.116248,0.0135137
540,86,0.0620725,0.00385299
540,87,0.218566,0.047771
540,88,0.340701,0.116077
540,89,0.42208,0.178152
540,90,0.460831,0.212366
540,91,0.466494,0.217616
540,92,0.4435,0.196692
540,93,0.404113,0.163308
540,94,0.354799,0.125883
540,95,0.287186,0.0824757
540,96,0.20797,0.0432513
540,97,0.130375,0.0169976
540,98,0.0606274,0.00367569
540,99,0,0
550,0,0,0
550,1,-0.0969851,0.00940612
550,2,-0.189275,0.035825
550,3,-0.283605,0.080432
550,4,-0.373189,0.13927
550,5,-0.453902,0.206027
550,6,-0.523257,0.273798
550,7,-0.562642,0.316566
550,8,-0.557285,0.310567
550,9,-0.494884,0.24491
550,10,-0.368479,0.135777
550,11,-0.188852,0.035665
550,12,0.0284308,0.000808312
550,13,0.262278,0.0687897
550,14,0.479669,0.230082
550,15,0.65897,0.434241
550,16,0.781532,0.610792
550,17,0.824914,0.680484
550,18,0.783972,0.614612
550,19,0.664671,0.441788
550,20,0.480861,0.231227
550,21,0.2461,0.0605651
550,22,-0.0246361,0.000606939
550,23,-0.303205,0.0919332
550,24,-0.563933,0.318021
550,25,-0.797926,0.636686
550,26,-1.00032,1.00063
550,27,-1.16082,1.3475
550,28,-1.27268,1.61971
550,29,-1.3357,1.78409
550,30,-1.35176,1.82726
550,31,-1.32083,1.7446
550,32,-1.25316,1.57042
550,33,-1.17023,1.36943
550,34,-1.08416,1.17541
550,35,-1.00502,1.01007
550,36,-0.940635,0.884794
550,37,-0.892912,0.797291
550,38,-0.857225,0.734834
550,39,-0.824199,0.679304
550,40,-0.788093,0.621091
550,41,-0.741955,0.550497
550,42,-0.678189,0.459941
550,43,-0.599095,0.358915
550,44,-0.513079,0.26325
550,45,-0.423197,0.179096
550,46,-0.331992,0.110219
550,47,-0.249198,0.0620995
550,48,-0.183805,0.0337844
550,49,-0.144814,0.0209712
550,50,-0.144814,0.0209711
550,51,-0.183806,0.0337847
550,52,-0.2492,0.0621005
550,53,-0.331992,0.110219
550,54,-0.423194,0.179094
550,55,-0.513079,0.26325
550,56,-0.599095,0.358915
550,57,-0.678188,0.459939
550,58,-0.741955,0.550498
550,59,-0.788093,0.62109
550,60,-0.824198,0.679302
550,61,-0.857222,0.734829
550,62,-0.892909,0.797287
550,63,-0.940632,0.884788
550,64,-1.00502,1.01007
550,65,-1.08416,1.1754
550,66,-1.17022,1.36942
550,67,-1.25316,1.57042
550,68,-1.32083,1.7446
550,69,-1.35176,1.82727
550,70,-1.3357,1.78408
550,71,-1.27268,1.61972
550,72,-1.16082,1.34751
550,73,-1.00032,1.00064
550,74,-0.797929,0.63669
550,75,-0.563934,0.318022
550,76,-0.303206,0.0919338
550,77,-0.0246339,0.000606828
550,78,0.246102,0.060566
550,79,0.480862,0.231229
550,80,0.664675,0.441792
550,81,0.783968,0.614606
550,82,0.824915,0.680484
550,83,0.781531,0.610791
550,84,0.658969,0.434241
550,85,0.479668,0.230081
550,86,0.262278,0.0687897
550,87,0.0284286,0.000808185
550,88,-0.188853,0.0356654
550,89,-0.368481,0.135778
550,90,-0.494882,0.244908
550,91,-0.557285,0.310567
550,92,-0.562641,0.316565
550,93,-0.523258,0.273799
550,94,-0.4539,0.206026
550,95,-0.37319,0.139271
550,96,-0.283604,0.0804311
550,97,-0.189273,0.0358242
550,98,-0.0969855,0.00940619
550,99,0,0
560,0,0,0
560,1,0.0726094,0.00527212
560,2,0.14719,0.021665
560,3,0.219612,0.0482295
560,4,0.28778,0.0828173
560,5,0.347486,0.120746
560,6,0.381718,0.145709
560,7,0.371405,0.137942
560,8,0.310495,0.0964071
560,9,0.194914,0.0379915
560,10,0.0266599,0.000710749
560,11,-0.179127,0.0320863
560,12,-0.398734,0.158988
560,13,-0.606503,0.367846
560,14,-0.789037,0.622579
560,15,-0.930485,0.865802
560,16,-1.00801,1.01607
560,17,-1.01202,1.02418
560,18,-0.945826,0.894586
560,19,-0.813553,0.661869
560,20,-0.617833,0.381718
560,21,-0.367706,0.135208
560,22,-0.0838103,0.00702416
560,23,0.210347,0.0442457
560,24,0.499408,0.249408
560,25,0.766512,0.587541
560,26,0.994521,0.989072
560,27,1.17332,1.37668
560,28,1.29519,1.67752
560,29,1.35584,1.8383
560,30,1.36216,1.85548
560,31,1.32751,1.76228
560,32,1.26028,1.5883
560,33,1.16568,1.3588
560,34,1.05246,1.10767
560,35,0.932633,0.869804
560,36,0.815034,0.66428
560,37,0.711182,0.50578
560,38,0.627792,0.394123
560,39,0.561755,0.315569
560,40,0.508048,0.258113
560,41,0.464238,0.215516
560,42,0.42724,0.182534
560,43,0.387516,0.150169
560,44,0.335073,0.112274
560,45,0.27425,0.075213
560,46,0.222788,0.0496345
560,47,0.187485,0.0351506
560,48,0.164473,0.0270515
560,49,0.154254,0.0237943
560,50,0.154254,0.0237943
560,51,0.164473,0.0270514
560,52,0.187484,0.0351501
560,53,0.22279,0.0496352
560,54,0.27425,0.075213
560,55,0.335074,0.112274
560,56,0.387517,0.150169
560,57,0.427238,0.182533
560,58,0.464236,0.215515
560,59,0.508045,0.25811
560,60,0.561755,0.315568
560,61,0.627792,0.394122
560,62,0.711182,0.50578
560,63,0.815031,0.664276
560,64,0.932631,0.869801
560,65,1.05246,1.10767
560,66,1.16568,1.3588
560,67,1.26028,1.5883
560,68,1.32751,1.76228
560,69,1.36216,1.85548
560,70,1.35584,1.83831
560,71,1.29519,1.67753
560,72,1.17332,1.37668
560,73,0.99452,0.989071
560,74,0.766514,0.587543
560,75,0.499406,0.249407
560,76,0.210348,0.0442461
560,77,-0.0838144,0.00702486
560,78,-0.367707,0.135209
560,79,-0.617836,0.381721
560,80,-0.813554,0.66187
560,81,-0.945827,0.894588
560,82,-1.01202,1.02418
560,83,-1.008,1.01607
560,84,-0.930483,0.865798
560,85,-0.789034,0.622574
560,86,-0.606506,0.36785
560,87,-0.398735,0.158989
560,88,-0.179128,0.0320869
560,89,0.0266585,0.000710676
560,90,0.194911,0.0379904
560,91,0.310497,0.0964083
560,92,0.371405,0.137941
560,93,0.381717,0.145708
560,94,0.347487,0.120747
560,95,0.28778,0.0828174
560,96,0.219608,0.0482279
560,97,0.147192,0.0216653
560,98,0.0726104,0.00527228
560,99,0,0
570,0,0,0
570,1,-0.0756266,0.00571938
570,2,-0.141728,0.0200869
570,3,-0.19196,0.0368488
570,4,-0.223394,0.0499048
570,5,-0.219922,0.0483658
570,6,-0.173683,0.0301658
570,7,-0.0937488,0.00878883
570,8,0.0176728,0.000312329
570,9,0.157608,0.0248404
570,10,0.322089,0.103741
570,11,0.509439,0.259528
570,12,0.701765,0.492475
570,13,0.880776,0.775765
570,14,1.03371,1.06856
570,15,1.1321,1.28164
570,16,1.16053,1.34684
570,17,1.11577,1.24494
570,18,0.99932,0.998641
570,19,0.824982,0.680595
570,20,0.600049,0.360059
570,21,0.33904,0.114948
570,22,0.0578977,0.00335215
570,23,-0.231831,0.0537455
570,24,-0.508112,0.258178
570,25,-0.750726,0.563589
570,26,-0.951133,0.904653
570,27,-1.1012,1.21263
570,28,-1.19996,1.43991
570,29,-1.24911,1.56028
570,30,-1.24507,1.55019
570,31,-1.19852,1.43645
570,32,-1.12595,1.26777
570,33,-1.03409,1.06934
570,34,-0.927688,0.860604
570,35,-0.813017,0.660997
570,36,-0.700945,0.491325
570,37,-0.595765,0.354935
570,38,-0.4923,0.242359
570,39,-0.38648,0.149367
570,40,-0.279448,0.0780911
570,41,-0.184841,0.0341661
570,42,-0.111527,0.0124383
570,43,-0.0578828,0.00335042
570,44,-0.0251155,0.000630788
570,45,-0.0122664,0.000150465
570,46,-0.00932595,8.69734e-05
570,47,-0.00812744,6.60552e-05
570,48,-0.0052804,2.78827e-05
570,49,-0.0020323,4.13026e-06
570,50,-0.00203078,4.12406e-06
570,51,-0.00528297,2.79098e-05
570,52,-0.00812663,6.60421e-05
570,53,-0.00932521,8.69595e-05
570,54,-0.0122677,0.000150496
570,55,-0.0251181,0.000630921
570,56,-0.0578833,0.00335048
570,57,-0.11153,0.012439
570,58,-0.184843,0.0341669
570,59,-0.27945,0.0780925
570,60,-0.38648,0.149367
570,61,-0.492301,0.242361
570,62,-0.595763,0.354934
570,63,-0.700949,0.491329
570,64,-0.813017,0.660996
570,65,-0.927692,0.860612
570,66,-1.03409,1.06934
570,67,-1.12596,1.26778
570,68,-1.19852,1.43646
570,69,-1.24506,1.55018
570,70,-1.24911,1.56028
570,71,-1.19996,1.43991
570,72,-1.1012,1.21264
570,73,-0.951133,0.904654
570,74,-0.750726,0.563589
570,75,-0.50811,0.258176
570,76,-0.231829,0.0537449
570,77,0.0579009,0.00335251
570,78,0.339043,0.11495
570,79,0.600052,0.360063
570,80,0.824981,0.680593
570,81,0.999325,0.998651
570,82,1.11577,1.24495
570,83,1.16054,1.34685
570,84,1.1321,1.28164
570,85,1.03371,1.06856
570,86,0.880776,0.775767
570,87,0.701763,0.492471
570,88,0.509439,0.259528
570,89,0.322087,0.10374
570,90,0.15761,0.0248409
570,91,0.0176776,0.000312499
570,92,-0.0937456,0.00878825
570,93,-0.173681,0.0301652
570,94,-0.219924,0.0483665
570,95,-0.223394,0.0499047
570,96,-0.191962,0.0368496
570,97,-0.141727,0.0200865
570,98,-0.0756262,0.00571932
570,99,0,0
580,0,0,0
580,1,0.097809,0.00956659
580,2,0.187483,0.0351499
580,3,0.254712,0.064878
580,4,0.280121,0.0784678
580,5,0.250005,0.0625025
580,6,0.158024,0.0249716
580,7,0.00851142,7.24443e-05
580,8,-0.17777,0.0316022
580,9,-0.38572,0.14878
580,10,-0.605115,0.366164
580,11,-0.813429,0.661667
580,12,-0.988444,0.977021
580,13,-1.11055,1.23331
580,14,-1.1661,1.35979
580,15,-1.16016,1.34598
580,16,-1.09688,1.20314
580,17,-0.970922,0.94269
580,18,-0.7857,0.617324
580,19,-0.557688,0.311016
580,20,-0.304029,0.0924336
580,21,-0.0350885,0.0012312
580,22,0.236584,0.0559721
580,23,0.492364,0.242422
580,24,0.712878,0.508195
580,25,0.888534,0.789493
580,26,1.02071,1.04185
580,27,1.11884,1.2518
580,28,1.18666,1.40817
580,29,1.21698,1.48103
580,30,1.21009,1.46431
580,31,1.17645,1.38403
580,32,1.12113,1.25693
580,33,1.04353,1.08896
580,34,0.938639,0.881043
580,35,0.802158,0.643458
580,36,0.641137,0.411057
580,37,0.466798,0.217901
580,38,0.290729,0.0845236
580,39,0.123907,0.0153529
580,40,-0.017586,0.000309266
580,41,-0.126076,0.0158953
580,42,-0.204147,0.041676
580,43,-0.248138,0.0615723
580,44,-0.254952,0.0650004
580,45,-0.231413,0.0535519
580,46,-0.192632,0.0371071
580,47,-0.155482,0.0241748
580,48,-0.125885,0.015847
580,49,-0.108239,0.0117158
580,50,-0.108237,0.0117153
580,51,-0.125887,0.0158475
580,52,-0.15548,0.024174
580,53,-0.192633,0.0371075
580,54,-0.23141,0.0535505
580,55,-0.25495,0.0649996
580,56,-0.248136,0.0615714
580,57,-0.204147,0.0416758
580,58,-0.126075,0.0158948
580,59,-0.0175867,0.00030929
580,60,0.123907,0.0153531
580,61,0.290729,0.0845236
580,62,0.466799,0.217902
580,63,0.641138,0.411058
580,64,0.802159,0.643459
580,65,0.938638,0.881041
580,66,1.04353,1.08896
580,67,1.12113,1.25693
580,68,1.17645,1.38403
580,69,1.21009,1.46431
580,70,1.21698,1.48103
580,71,1.18666,1.40817
580,72,1.11884,1.2518
580,73,1.02071,1.04185
580,74,0.888533,0.78949
580,75,0.712877,0.508193
580,76,0.492364,0.242422
580,77,0.236585,0.0559723
580,78,-0.0350878,0.00123115
580,79,-0.304029,0.0924336
580,80,-0.557692,0.31102
580,81,-0.785698,0.617321
580,82,-0.970923,0.942692
580,83,-1.09688,1.20314
580,84,-1.16016,1.34598
580,85,-1.1661,1.35978
580,86,-1.11054,1.23331
580,87,-0.988444,0.977022
580,88,-0.81343,0.661668
580,89,-0.605114,0.366163
580,90,-0.385722,0.148781
580,91,-0.17777,0.0316023
580,92,0.00851089,7.24353e-05
580,93,0.158024,0.0249716
580,94,0.250007,0.0625036
580,95,0.280122,0.0784683
580,96,0.254712,0.0648781
580,97,0.187482,0.0351496
580,98,0.0978077,0.00956635
580,99,0,0
590,0,0,0
590,1,-0.136529,0.0186402
590,2,-0.249911,0.0624556
590,3,-0.319179,0.101875
590,4,-0.319475,0.102064
590,5,-0.240427,0.057805
590,6,-0.09492,0.00900981
590,7,0.093504,0.008743
590,8,0.305188,0.0931398
590,9,0.522772,0.27329
590,10,0.727941,0.529898
590,11,0.905941,0.820729
590,12,1.0416,1.08493
590,13,1.11616,1.2458
590,14,1.12329,1.26179
590,15,1.06364,1.13133
590,16,0.934448,0.873194
590,17,0.745418,0.555648
590,18,0.506973,0.257022
590,19,0.234427,0.0549559
590,20,-0.0400594,0.00160476
590,21,-0.294001,0.0864364
590,22,-0.521064,0.271507
590,23,-0.720078,0.518512
590,24,-0.888155,0.788819
590,25,-1.0224,1.0453
590,26,-1.12696,1.27005
590,27,-1.20479,1.45153
590,28,-1.25134,1.56586
590,29,-1.27087,1.61512
590,30,-1.2643,1.59846
590,31,-1.22762,1.50705
590,32,-1.16515,1.35757
590,33,-1.07118,1.14742
590,34,-0.939013,0.881746
590,35,-0.772283,0.596421
590,36,-0.578783,0.33499
590,37,-0.36895,0.136124
590,38,-0.157085,0.0246757
590,39,0.0408402,0.00166792
590,40,0.211891,0.0448979
590,41,0.346301,0.119924
590,42,0.438511,0.192292
590,43,0.486432,0.236616
590,44,0.491889,0.241955
590,45,0.46218,0.21361
590,46,0.412521,0.170174
590,47,0.357558,0.127848
590,48,0.311596,0.097092
590,49,0.287849,0.0828569
590,50,0.287846,0.0828554
590,51,0.311598,0.0970932
590,52,0.357557,0.127847
590,53,0.412522,0.170175
590,54,0.462178,0.213609
590,55,0.491887,0.241952
590,56,0.486429,0.236613
590,57,0.438509,0.192291
590,58,0.346299,0.119923
590,59,0.21189,0.0448973
590,60,0.0408412,0.001668
590,61,-0.157082,0.0246747
590,62,-0.368951,0.136125
590,63,-0.578782,0.334988
590,64,-0.772282,0.596419
590,65,-0.939015,0.881748
590,66,-1.07118,1.14742
590,67,-1.16515,1.35756
590,68,-1.22762,1.50704
590,69,-1.2643,1.59846
590,70,-1.27087,1.61512
590,71,-1.25134,1.56586
590,72,-1.20479,1.45153
590,73,-1.12696,1.27005
590,74,-1.0224,1.04531
590,75,-0.888151,0.788813
590,76,-0.720076,0.51851
590,77,-0.521063,0.271507
590,78,-0.294001,0.0864365
590,79,-0.0400603,0.00160483
590,80,0.234427,0.0549562
590,81,0.50697,0.257018
590,82,0.74542,0.555651
590,83,0.93445,0.873196
590,84,1.06364,1.13134
590,85,1.12329,1.26179
590,86,1.11616,1.24581
590,87,1.0416,1.08492
590,88,0.905941,0.82073
590,89,0.727942,0.5299
590,90,0.522772,0.27329
590,91,0.305187,0.0931389
590,92,0.0935027,0.00874276
590,93,-0.0949226,0.0090103
590,94,-0.240429,0.0578059
590,95,-0.319474,0.102064
590,96,-0.319176,0.101874
590,97,-0.24991,0.062455
590,98,-0.136529,0.0186402
590,99,0,0
600,0,0,0
600,1,0.151706,0.0230146
600,2,0.264773,0.0701049
600,3,0.31047,0.0963914
600,4,0.281112,0.0790241
600,5,0.179042,0.0320561
600,6,0.00913105,8.33761e-05
600,7,-0.20997,0.0440875
600,8,-0.453461,0.205627
600,9,-0.697185,0.486067
600,10,-0.916102,0.839242
600,11,-1.07995,1.1663
600,12,-1.16533,1.35799
600,13,-1.16717,1.36228
600,14,-1.09374,1.19626
600,15,-0.959298,0.920253
600,16,-0.781427,0.610628
600,17,-0.568211,0.322864
600,18,-0.325673,0.106063
600,19,-0.0773429,0.00598192
600,20,0.159757,0.0255224
600,21,0.375553,0.14104
600,22,0.559228,0.312736
600,23,0.714604,0.510659
600,24,0.849231,0.721194
600,25,0.972009,0.944801
600,26,1.08935,1.18669
600,27,1.1994,1.43856
600,28,1.29525,1.67768
600,29,1.3572,1.84199
600,30,1.36943,1.87533
600,31,1.33121,1.77212
600,32,1.24206,1.54272
600,33,1.10389,1.21857
600,34,0.92853,0.862168
600,35,0.727686,0.529528
600,36,0.509272,0.259358
600,37,0.279782,0.0782778
600,38,0.0471797,0.00222592
600,39,-0.1727,0.0298251
600,40,-0.358762,0.12871
600,41,-0.500067,0.250067
600,42,-0.596858,0.356239
600,43,-0.654931,0.428934
600,44,-0.67935,0.461516
600,45,-0.669961,0.448848
600,46,-0.632744,0.400365
600,47,-0.585692,0.343035
600,48,-0.548609,0.300972
600,49,-0.52922,0.280074
600,50,-0.529219,0.280073
600,51,-0.548607,0.300969
600,52,-0.585692,0.343035
600,53,-0.632745,0.400366
600,54,-0.669961,0.448847
600,55,-0.679352,0.461519
600,56,-0.65493,0.428933
600,57,-0.596857,0.356238
600,58,-0.500064,0.250064
600,59,-0.358761,0.12871
600,60,-0.172699,0.0298249
600,61,0.0471801,0.00222596
600,62,0.279785,0.0782796
600,63,0.509269,0.259355
600,64,0.727688,0.52953
600,65,0.928529,0.862166
600,66,1.10389,1.21857
600,67,1.24206,1.54272
600,68,1.33121,1.77212
600,69,1.36943,1.87533
600,70,1.3572,1.84199
600,71,1.29525,1.67768
600,72,1.1994,1.43856
600,73,1.08935,1.18669
600,74,0.972009,0.944801
600,75,0.849229,0.72119
600,76,0.714604,0.510659
600,77,0.559228,0.312736
600,78,0.375551,0.141039
600,79,0.159759,0.0255228
600,80,-0.0773412,0.00598167
600,81,-0.325674,0.106063
600,82,-0.568211,0.322864
600,83,-0.781429,0.610632
600,84,-0.959298,0.920252
600,85,-1.09374,1.19627
600,86,-1.16717,1.36229
600,87,-1.16533,1.358
600,88,-1.07995,1.1663
600,89,-0.9161,0.839239
600,90,-0.697184,0.486065
600,91,-0.453461,0.205627
600,92,-0.209967,0.0440862
600,93,0.00913536,8.34548e-05
600,94,0.17904,0.0320553
600,95,0.281113,0.0790246
600,96,0.310468,0.0963901
600,97,0.26477,0.0701029
600,98,0.151708,0.0230154
600,99,0,0
610,0,0,0
610,1,-0.152959,0.0233966
610,2,-0.267513,0.0715633
610,3,-0.316651,0.100268
610,4,-0.28447,0.0809231
610,5,-0.164506,0.0270623
610,6,0.0368225,0.0013559
610,7,0.303911,0.0923617
610,8,0.605741,0.366922
610,9,0.89797,0.80635
610,10,1.14147,1.30295
610,11,1.31008,1.7163
610,12,1.38886,1.92894
610,13,1.37311,1.88542
610,14,1.27366,1.62221
610,15,1.10732,1.22615
610,16,0.889576,0.791346
610,17,0.644915,0.415916
610,18,0.395409,0.156348
610,19,0.154268,0.0237986
610,20,-0.0645241,0.00416336
610,21,-0.255506,0.0652836
610,22,-0.428455,0.183573
610,23,-0.596734,0.356092
610,24,-0.759327,0.576577
610,25,-0.906989,0.822629
610,26,-1.035,1.07123
610,27,-1.14824,1.31846
610,28,-1.2517,1.56676
610,29,-1.33681,1.78706
610,30,-1.38977,1.93147
610,31,-1.39393,1.94304
610,32,-1.33503,1.78231
610,33,-1.20755,1.45818
610,34,-1.01468,1.02957
610,35,-0.77576,0.601803
610,36,-0.515928,0.266181
610,37,-0.251954,0.0634806
610,38,-0.00132202,1.74773e-06
610,39,0.223677,0.0500315
610,40,0.417603,0.174393
610,41,0.574861,0.330465
610,42,0.694979,0.482995
610,43,0.773508,0.598314
610,44,0.809445,0.655201
610,45,0.813313,0.661478
610,46,0.796994,0.6352
610,47,0.77363,0.598503
610,48,0.754152,0.568745
610,49,0.74395,0.553462
610,50,0.74395,0.553462
610,51,0.75415,0.568743
610,52,0.773632,0.598506
610,53,0.796995,0.635201
610,54,0.813314,0.66148
610,55,0.809446,0.655202
610,56,0.773505,0.598311
610,57,0.694979,0.482996
610,58,0.574859,0.330463
610,59,0.417601,0.17439
610,60,0.223675,0.0500305
610,61,-0.0013241,1.75324e-06
610,62,-0.251954,0.0634808
610,63,-0.515926,0.26618
610,64,-0.775759,0.601802
610,65,-1.01468,1.02957
610,66,-1.20755,1.45817
610,67,-1.33503,1.78231
610,68,-1.39393,1.94303
610,69,-1.38977,1.93147
610,70,-1.33681,1.78706
610,71,-1.2517,1.56675
610,72,-1.14825,1.31847
610,73,-1.03501,1.07124
610,74,-0.906992,0.822634
610,75,-0.759329,0.576581
610,76,-0.596732,0.35609
610,77,-0.428456,0.183574
610,78,-0.255507,0.0652838
610,79,-0.0645229,0.0041632
610,80,0.154268,0.0237985
610,81,0.39541,0.156349
610,82,0.644916,0.415916
610,83,0.889575,0.791345
610,84,1.10732,1.22616
610,85,1.27366,1.62222
610,86,1.37311,1.88543
610,87,1.38886,1.92894
610,88,1.31007,1.7163
610,89,1.14147,1.30294
610,90,0.89797,0.80635
610,91,0.605738,0.366919
610,92,0.303907,0.0923596
610,93,0.0368213,0.00135581
610,94,-0.164506,0.0270623
610,95,-0.284471,0.0809237
610,96,-0.316652,0.100268
610,97,-0.267513,0.0715632
610,98,-0.152957,0.023396
610,99,0,0
620,0,0,0
620,1,0.154724,0.0239396
620,2,0.267601,0.0716104
620,3,0.303119,0.0918811
620,4,0.240787,0.0579783
620,5,0.072107,0.00519942
620,6,-0.193045,0.0372663
620,7,-0.528325,0.279127
620,8,-0.892486,0.796531
620,9,-1.24228,1.54325
620,10,-1.53678,2.36169
620,11,-1.73836,3.02188
620,12,-1.83085,3.35202
620,13,-1.80874,3.27154
620,14,-1.67725,2.81316
620,15,-1.45975,2.13088
620,16,-1.18518,1.40465
620,17,-0.881224,0.776557
620,18,-0.571279,0.32636
620,19,-0.274787,0.0755081
620,20,-0.00446734,1.99571e-05
620,21,0.236346,0.0558594
620,22,0.444407,0.197498
620,23,0.626052,0.391941
620,24,0.796412,0.634272
620,25,0.960612,0.922776
620,26,1.12127,1.25725
620,27,1.27063,1.61451
620,28,1.39292,1.94024
620,29,1.4771,2.18183
620,30,1.51171,2.28527
620,31,1.488,2.21413
620,32,1.40407,1.9714
620,33,1.26237,1.59359
620,34,1.07088,1.14679
620,35,0.832075,0.692349
620,36,0.549482,0.30193
620,37,0.244296,0.0596807
620,38,-0.0590639,0.00348854
620,39,-0.338785,0.114776
620,40,-0.578174,0.334286
620,41,-0.768185,0.590108
620,42,-0.905493,0.819918
620,43,-0.99392,0.987877
620,44,-1.04615,1.09444
620,45,-1.07582,1.1574
620,46,-1.09389,1.1966
620,47,-1.10581,1.22281
620,48,-1.1106,1.23342
620,49,-1.11119,1.23475
620,50,-1.11119,1.23475
620,51,-1.1106,1.23342
620,52,-1.10581,1.22281
620,53,-1.09389,1.1966
620,54,-1.07583,1.1574
620,55,-1.04616,1.09444
620,56,-0.993919,0.987874
620,57,-0.905494,0.819919
620,58,-0.768185,0.590108
620,59,-0.578174,0.334285
620,60,-0.338784,0.114775
620,61,-0.0590625,0.00348837
620,62,0.244295,0.0596802
620,63,0.549481,0.301929
620,64,0.832077,0.692353
620,65,1.07088,1.14679
620,66,1.26237,1.59359
620,67,1.40406,1.9714
620,68,1.488,2.21414
620,69,1.51171,2.28528
620,70,1.4771,2.18183
620,71,1.39293,1.94025
620,72,1.27063,1.6145
620,73,1.12127,1.25724
620,74,0.960613,0.922777
620,75,0.796412,0.634273
620,76,0.626055,0.391945
620,77,0.444407,0.197497
620,78,0.236348,0.0558604
620,79,-0.00446531,1.9939e-05
620,80,-0.274786,0.0755074
620,81,-0.571278,0.326359
620,82,-0.881225,0.776558
620,83,-1.18518,1.40465
620,84,-1.45975,2.13088
620,85,-1.67725,2.81315
620,86,-1.80874,3.27154
620,87,-1.83085,3.35202
620,88,-1.73836,3.02188
620,89,-1.53678,2.36168
620,90,-1.24228,1.54325
620,91,-0.892487,0.796532
620,92,-0.528326,0.279129
620,93,-0.193042,0.0372653
620,94,0.0721051,0.00519915
620,95,0.240785,0.0579772
620,96,0.303121,0.0918823
620,97,0.267603,0.0716116
620,98,0.154724,0.0239394
620,99,0,0
630,0,0,0
630,1,-0.0801234,0.00641976
630,2,-0.126299,0.0159515
630,3,-0.102821,0.0105722
630,4,0.0145704,0.000212298
630,5,0.230437,0.0531014
630,6,0.528226,0.279023
630,7,0.880949,0.776071
630,8,1.25096,1.56491
630,9,1.59523,2.54476
630,10,1.88197,3.54181
630,11,2.08673,4.35445
630,12,2.18091,4.75636
630,13,2.14162,4.58652
630,14,1.97242,3.89043
630,15,1.70077,2.89261
630,16,1.36517,1.86369
630,17,0.996179,0.992373
630,18,0.616875,0.380534
630,19,0.25307,0.0640444
630,20,-0.0736938,0.00543077
630,21,-0.356257,0.126919
630,22,-0.599073,0.358889
630,23,-0.804348,0.646976
630,24,-0.974114,0.948898
630,25,-1.11898,1.25212
630,26,-1.24709,1.55523
630,27,-1.35539,1.83709
630,28,-1.44195,2.07923
630,29,-1.50436,2.2631
630,30,-1.53297,2.34998
630,31,-1.51038,2.28125
630,32,-1.42175,2.02136
630,33,-1.26128,1.59083
630,34,-1.03132,1.06362
630,35,-0.740962,0.549025
630,36,-0.409193,0.167439
630,37,-0.0613628,0.00376539
630,38,0.280127,0.0784713
630,39,0.592175,0.350672
630,40,0.858831,0.737591
630,41,1.07135,1.14778
630,42,1.22812,1.50828
630,43,1.33554,1.78366
630,44,1.3989,1.95693
630,45,1.42557,2.03226
630,46,1.42839,2.0403
630,47,1.41828,2.01152
630,48,1.40455,1.97276
630,49,1.39555,1.94755
630,50,1.39555,1.94755
630,51,1.40455,1.97276
630,52,1.41828,2.01153
630,53,1.42839,2.0403
630,54,1.42558,2.03226
630,55,1.3989,1.95693
630,56,1.33554,1.78366
630,57,1.22812,1.50828
630,58,1.07135,1.14778
630,59,0.858829,0.737588
630,60,0.592172,0.350667
630,61,0.280127,0.078471
630,62,-0.0613641,0.00376556
630,63,-0.409189,0.167436
630,64,-0.740961,0.549023
630,65,-1.03132,1.06362
630,66,-1.26128,1.59082
630,67,-1.42175,2.02137
630,68,-1.51038,2.28124
630,69,-1.53297,2.34999
630,70,-1.50436,2.26309
630,71,-1.44195,2.07923
630,72,-1.35539,1.83709
630,73,-1.24709,1.55523
630,74,-1.11898,1.25212
630,75,-0.974111,0.948891
630,76,-0.804348,0.646976
630,77,-0.599072,0.358887
630,78,-0.356258,0.126919
630,79,-0.0736958,0.00543107
630,80,0.253071,0.064045
630,81,0.616873,0.380533
630,82,0.996181,0.992376
630,83,1.36517,1.8637
630,84,1.70077,2.89261
630,85,1.97242,3.89042
630,86,2.14162,4.58652
630,87,2.18091,4.75638
630,88,2.08673,4.35444
630,89,1.88197,3.54181
630,90,1.59523,2.54477
630,91,1.25096,1.56491
630,92,0.880948,0.776069
630,93,0.528228,0.279024
630,94,0.230438,0.0531017
630,95,0.0145722,0.000212348
630,96,-0.10282,0.010572
630,97,-0.126298,0.0159513
630,98,-0.0801246,0.00641995
630,99,0,0
640,0,0,0
640,1,0.0772609,0.00596925
640,2,0.119739,0.0143374
640,3,0.0949423,0.00901403
640,4,-0.0241358,0.000582539
640,5,-0.249406,0.0622035
640,6,-0.568661,0.323375
640,7,-0.946797,0.896425
640,8,-1.33943,1.79409
640,9,-1.70566,2.90927
640,10,-2.00134,4.00536
640,11,-2.19152,4.80275
640,12,-2.25525,5.08617
640,13,-2.17975,4.75131
640,14,-1.96859,3.87535
640,15,-1.64543,2.70743
640,16,-1.24516,1.55043
640,17,-0.800437,0.640699
640,18,-0.344095,0.118402
640,19,0.0869871,0.00756676
640,20,0.455763,0.20772
640,21,0.740061,0.547691
640,22,0.945797,0.894533
640,23,1.09156,1.1915
640,24,1.18938,1.41462
640,25,1.252,1.5675
640,26,1.29454,1.67584
640,27,1.33028,1.76964
640,28,1.36199,1.85502
640,29,1.3795,1.90303
640,30,1.37402,1.88793
640,31,1.33193,1.77404
640,32,1.23699,1.53014
640,33,1.08166,1.16999
640,34,0.869344,0.755759
640,35,0.611393,0.373801
640,36,0.317552,0.100839
640,37,-0.00386088,1.49064e-05
640,38,-0.33852,0.114596
640,39,-0.662625,0.439072
640,40,-0.950128,0.902743
640,41,-1.18786,1.41102
640,42,-1.37345,1.88636
640,43,-1.50196,2.25588
640,44,-1.57347,2.47581
640,45,-1.59403,2.54094
640,46,-1.57395,2.47733
640,47,-1.53495,2.35607
640,48,-1.49936,2.24809
640,49,-1.47914,2.18785
640,50,-1.47914,2.18785
640,51,-1.49937,2.2481
640,52,-1.53495,2.35606
640,53,-1.57395,2.47733
640,54,-1.59403,2.54094
640,55,-1.57347,2.47581
640,56,-1.50196,2.25587
640,57,-1.37345,1.88635
640,58,-1.18786,1.41102
640,59,-0.950129,0.902745
640,60,-0.662622,0.439068
640,61,-0.338519,0.114595
640,62,-0.0038588,1.48903e-05
640,63,0.317551,0.100839
640,64,0.611393,0.373801
640,65,0.869346,0.755762
640,66,1.08166,1.16999
640,67,1.23699,1.53014
640,68,1.33193,1.77403
640,69,1.37402,1.88793
640,70,1.3795,1.90303
640,71,1.36199,1.85502
640,72,1.33028,1.76964
640,73,1.29454,1.67584
640,74,1.252,1.5675
640,75,1.18938,1.41462
640,76,1.09156,1.1915
640,77,0.9458,0.894537
640,78,0.740061,0.547691
640,79,0.455765,0.207722
640,80,0.0869858,0.00756652
640,81,-0.344097,0.118403
640,82,-0.800437,0.640699
640,83,-1.24516,1.55043
640,84,-1.64543,2.70743
640,85,-1.96859,3.87535
640,86,-2.17975,4.75132
640,87,-2.25525,5.08617
640,88,-2.19152,4.80275
640,89,-2.00134,4.00535
640,90,-1.70566,2.90926
640,91,-1.33944,1.79409
640,92,-0.946798,0.896426
640,93,-0.568661,0.323376
640,94,-0.249406,0.0622035
640,95,-0.0241341,0.000582452
640,96,0.0949432,0.00901421
640,97,0.119738,0.0143372
640,98,0.0772609,0.00596925
640,99,0,0
650,0,0,0
650,1,-0.0995891,0.00991799
650,2,-0.156581,0.0245177
650,3,-0.133687,0.0178722
650,4,-0.00854255,7.29751e-05
650,5,0.221177,0.0489192
650,6,0.539421,0.290975
650,7,0.920216,0.846797
650,8,1.32311,1.75063
650,9,1.69986,2.88951
650,10,2.00714,4.02862
650,11,2.2036,4.85587
650,12,2.25161,5.06976
650,13,2.13357,4.5521
650,14,1.8588,3.45513
650,15,1.45856,2.12739
650,16,0.978552,0.957564
650,17,0.468775,0.21975
650,18,-0.0255305,0.000651805
650,19,-0.462255,0.213679
650,20,-0.807967,0.652811
650,21,-1.05134,1.10531
650,22,-1.19677,1.43227
650,23,-1.26213,1.59297
650,24,-1.27041,1.61395
650,25,-1.24105,1.54021
650,26,-1.1965,1.43161
650,27,-1.15846,1.34203
650,28,-1.14298,1.3064
650,29,-1.15136,1.32564
650,30,-1.16594,1.35942
650,31,-1.16798,1.36418
650,32,-1.13961,1.29871
650,33,-1.05668,1.11657
650,34,-0.904953,0.818939
650,35,-0.683613,0.467327
650,36,-0.395084,0.156092
650,37,-0.0459552,0.00211188
650,38,0.343964,0.118311
650,39,0.739796,0.547297
650,40,1.10527,1.22162
650,41,1.41463,2.00119
650,42,1.65386,2.73524
650,43,1.81643,3.29943
650,44,1.9003,3.61113
650,45,1.9143,3.66453
650,46,1.88759,3.56298
650,47,1.85026,3.42346
650,48,1.81851,3.30699
650,49,1.80255,3.24919
650,50,1.80255,3.24918
650,51,1.81851,3.30698
650,52,1.85025,3.42344
650,53,1.88759,3.56299
650,54,1.91429,3.66451
650,55,1.9003,3.61113
650,56,1.81643,3.29943
650,57,1.65386,2.73524
650,58,1.41463,2.00118
650,59,1.10527,1.22162
650,60,0.739795,0.547296
650,61,0.343961,0.118309
650,62,-0.0459569,0.00211204
650,63,-0.395088,0.156094
650,64,-0.683614,0.467328
650,65,-0.904954,0.818942
650,66,-1.05668,1.11657
650,67,-1.13961,1.2987
650,68,-1.16798,1.36418
650,69,-1.16594,1.35942
650,70,-1.15136,1.32563
650,71,-1.14298,1.30639
650,72,-1.15846,1.34203
650,73,-1.1965,1.43162
650,74,-1.24105,1.54021
650,75,-1.27041,1.61395
650,76,-1.26213,1.59298
650,77,-1.19677,1.43227
650,78,-1.05133,1.1053
650,79,-0.807965,0.652807
650,80,-0.462254,0.213679
650,81,-0.0255313,0.000651846
650,82,0.468775,0.21975
650,83,0.978552,0.957564
650,84,1.45856,2.1274
650,85,1.8588,3.45513
650,86,2.13357,4.5521
650,87,2.25161,5.06976
650,88,2.20361,4.85588
650,89,2.00714,4.02862
650,90,1.69986,2.88951
650,91,1.32311,1.75063
650,92,0.920214,0.846794
650,93,0.539419,0.290973
650,94,0.221179,0.0489203
650,95,-0.00853825,7.29018e-05
650,96,-0.133688,0.0178726
650,97,-0.156583,0.0245182
650,98,-0.0995885,0.00991786
650,99,0,0
660,0,0,0
660,1,0.129417,0.0167488
660,2,0.206781,0.0427583
660,3,0.192151,0.0369219
660,4,0.0661473,0.00437546
660,5,-0.177637,0.0315547
660,6,-0.523203,0.273742
660,7,-0.933946,0.872256
660,8,-1.35958,1.84845
660,9,-1.74568,3.04741
660,10,-2.04579,4.18527
660,11,-2.21783,4.91878
660,12,-2.23254,4.98422
660,13,-2.08278,4.33795
660,14,-1.78454,3.1846
660,15,-1.36741,1.8698
660,16,-0.862873,0.74455
660,17,-0.312491,0.0976509
660,18,0.232575,0.0540909
660,19,0.724088,0.524303
660,20,1.12206,1.25901
660,21,1.40294,1.96824
660,22,1.56063,2.43557
660,23,1.60396,2.57268
660,24,1.55514,2.41847
660,25,1.44406,2.0853
660,26,1.30627,1.70635
660,27,1.17453,1.37953
660,28,1.06965,1.14415
660,29,1.0027,1.00541
660,30,0.978748,0.957948
660,31,0.988031,0.976206
660,32,1.00226,1.00453
660,33,0.993326,0.986696
660,34,0.93393,0.872225
660,35,0.794001,0.630438
660,36,0.558956,0.312432
660,37,0.231542,0.0536116
660,38,-0.163878,0.0268559
660,39,-0.588394,0.346207
660,40,-1.00827,1.01661
660,41,-1.3891,1.9296
660,42,-1.70186,2.89634
660,43,-1.9342,3.74114
660,44,-2.08483,4.34652
660,45,-2.15944,4.66317
660,46,-2.1698,4.70805
660,47,-2.14071,4.58262
660,48,-2.10448,4.42882
660,49,-2.08275,4.33783
660,50,-2.08274,4.33782
660,51,-2.10448,4.42883
660,52,-2.1407,4.58261
660,53,-2.1698,4.70805
660,54,-2.15943,4.66315
660,55,-2.08483,4.34653
660,56,-1.9342,3.74113
660,57,-1.70186,2.89634
660,58,-1.3891,1.9296
660,59,-1.00827,1.01661
660,60,-0.588394,0.346208
660,61,-0.163877,0.0268557
660,62,0.23154,0.0536108
660,63,0.558954,0.312429
660,64,0.793999,0.630435
660,65,0.933927,0.872221
660,66,0.993325,0.986695
660,67,1.00226,1.00453
660,68,0.988031,0.976205
660,69,0.978746,0.957944
660,70,1.0027,1.00541
660,71,1.06965,1.14414
660,72,1.17453,1.37953
660,73,1.30628,1.70636
660,74,1.44406,2.08531
660,75,1.55514,2.41847
660,76,1.60396,2.57268
660,77,1.56063,2.43556
660,78,1.40294,1.96824
660,79,1.12205,1.259
660,80,0.724084,0.524298
660,81,0.232573,0.0540904
660,82,-0.312491,0.0976508
660,83,-0.862874,0.744552
660,84,-1.36741,1.8698
660,85,-1.78455,3.18461
660,86,-2.08277,4.33795
660,87,-2.23254,4.98422
660,88,-2.21783,4.91878
660,89,-2.04579,4.18527
660,90,-1.74568,3.04741
660,91,-1.35958,1.84845
660,92,-0.933945,0.872254
660,93,-0.523201,0.27374
660,94,-0.177637,0.031555
660,95,0.0661477,0.00437552
660,96,0.192152,0.0369224
660,97,0.206783,0.0427592
660,98,0.129419,0.0167492
660,99,0,0
670,0,0,0
670,1,-0.15558,0.0242051
670,2,-0.263132,0.0692382
670,3,-0.280403,0.0786258
670,4,-0.180544,0.0325962
670,5,0.0455347,0.0020734
670,6,0.387509,0.150163
670,7,0.815789,0.665512
670,8,1.27819,1.63376
670,9,1.71338,2.93566
670,10,2.05875,4.23847
670,11,2.25843,5.10049
670,12,2.27883,5.19306
670,13,2.10918,4.44864
670,14,1.76312,3.10857
670,15,1.27749,1.63197
670,16,0.705443,0.49765
670,17,0.105065,0.0110388
670,18,-0.465496,0.216687
670,19,-0.955413,0.912815
670,20,-1.33239,1.77526
670,21,-1.58108,2.49981
670,22,-1.70142,2.89481
670,23,-1.70593,2.91019
670,24,-1.61649,2.61306
670,25,-1.46667,2.15113
670,26,-1.29484,1.67662
670,27,-1.13833,1.29579
670,28,-1.02759,1.05595
670,29,-0.976933,0.954398
670,30,-0.978466,0.957396
670,31,-1.00938,1.01885
670,32,-1.03981,1.08119
670,33,-1.03435,1.06987
670,34,-0.963473,0.92828
670,35,-0.811793,0.659008
670,36,-0.577048,0.332984
670,37,-0.264576,0.0700006
670,38,0.112616,0.0126823
670,39,0.534297,0.285474
670,40,0.967559,0.936171
670,41,1.37531,1.89149
670,42,1.72804,2.98613
670,43,2.00099,4.00397
670,44,2.1848,4.77335
670,45,2.28942,5.24146
670,46,2.33025,5.43008
670,47,2.32765,5.41796
670,48,2.30633,5.31917
670,49,2.28713,5.23097
670,50,2.28713,5.23097
670,51,2.30633,5.31917
670,52,2.32765,5.41795
670,53,2.33025,5.43006
670,54,2.28942,5.24144
670,55,2.1848,4.77335
670,56,2.00099,4.00396
670,57,1.72804,2.98614
670,58,1.37531,1.89149
670,59,0.967561,0.936174
670,60,0.534295,0.285472
670,61,0.112616,0.0126823
670,62,-0.264576,0.0700006
670,63,-0.577048,0.332985
670,64,-0.811791,0.659005
670,65,-0.963474,0.928282
670,66,-1.03435,1.06988
670,67,-1.03981,1.08119
670,68,-1.00938,1.01886
670,69,-0.978467,0.957397
670,70,-0.976935,0.954403
670,71,-1.0276,1.05596
670,72,-1.13833,1.29579
670,73,-1.29485,1.67662
670,74,-1.46667,2.15113
670,75,-1.6165,2.61306
670,76,-1.70593,2.91019
670,77,-1.70141,2.89481
670,78,-1.58108,2.49982
670,79,-1.33239,1.77526
670,80,-0.955411,0.91281
670,81,-0.465497,0.216687
670,82,0.105066,0.0110389
670,83,0.705444,0.497651
670,84,1.27748,1.63196
670,85,1.76311,3.10857
670,86,2.10918,4.44863
670,87,2.27883,5.19304
670,88,2.25843,5.1005
670,89,2.05875,4.23846
670,90,1.71337,2.93565
670,91,1.27819,1.63376
670,92,0.815792,0.665516
670,93,0.387508,0.150162
670,94,0.0455348,0.00207341
670,95,-0.180544,0.0325963
670,96,-0.280405,0.0786271
670,97,-0.263132,0.0692387
670,98,-0.155582,0.0242058
670,99,0,0
680,0,0,0
680,1,0.199917,0.0399669
680,2,0.341767,0.116805
680,3,0.377503,0.142509
680,4,0.271771,0.0738597
680,5,0.0132826,0.000176428
680,6,-0.374917,0.140562
680,7,-0.847893,0.718923
680,8,-1.35231,1.82873
680,9,-1.82968,3.34772
680,10,-2.21471,4.90494
680,11,-2.4502,6.0035
680,12,-2.49818,6.24092
680,13,-2.34348,5.49188
680,14,-1.99556,3.98226
680,15,-1.48088,2.19301
680,16,-0.850777,0.723821
680,17,-0.172386,0.029717
680,18,0.488671,0.2388
680,19,1.06527,1.1348
680,20,1.4999,2.2497
680,21,1.7652,3.11594
680,22,1.86469,3.47707
680,23,1.82167,3.3185
680,24,1.67401,2.80232
680,25,1.47234,2.1678
680,26,1.26635,1.60364
680,27,1.09156,1.1915
680,28,0.964807,0.930853
680,29,0.89091,0.793721
680,30,0.865703,0.749441
680,31,0.870856,0.758391
680,32,0.882094,0.778089
680,33,0.871006,0.758652
680,34,0.808209,0.653202
680,35,0.670721,0.449867
680,36,0.44576,0.198702
680,37,0.140904,0.0198538
680,38,-0.223222,0.049828
680,39,-0.62536,0.391076
680,40,-1.03647,1.07426
680,41,-1.42489,2.03032
680,42,-1.76097,3.10102
680,43,-2.03116,4.12563
680,44,-2.23565,4.99812
680,45,-2.37609,5.64578
680,46,-2.46292,6.066
680,47,-2.51187,6.3095
680,48,-2.53565,6.4295
680,49,-2.54485,6.47628
680,50,-2.54485,6.47628
680,51,-2.53565,6.4295
680,52,-2.51187,6.3095
680,53,-2.46292,6.06599
680,54,-2.37608,5.64577
680,55,-2.23564,4.9981
680,56,-2.03116,4.12562
680,57,-1.76097,3.10102
680,58,-1.42489,2.03032
680,59,-1.03647,1.07427
680,60,-0.625361,0.391076
680,61,-0.223221,0.0498275
680,62,0.140905,0.0198541
680,63,0.445758,0.1987
680,64,0.670723,0.44987
680,65,0.808211,0.653204
680,66,0.871009,0.758657
680,67,0.882095,0.778092
680,68,0.870859,0.758395
680,69,0.865703,0.749442
680,70,0.890912,0.793724
680,71,0.964809,0.930856
680,72,1.09156,1.19151
680,73,1.26635,1.60364
680,74,1.47234,2.16779
680,75,1.67401,2.80231
680,76,1.82168,3.31851
680,77,1.86469,3.47707
680,78,1.7652,3.11593
680,79,1.4999,2.2497
680,80,1.06527,1.1348
680,81,0.48867,0.238798
680,82,-0.172386,0.0297169
680,83,-0.850776,0.723819
680,84,-1.48088,2.19301
680,85,-1.99556,3.98226
680,86,-2.34347,5.49187
680,87,-2.49818,6.24092
680,88,-2.4502,6.0035
680,89,-2.21471,4.90494
680,90,-1.82968,3.34772
680,91,-1.3523,1.82872
680,92,-0.847893,0.718923
680,93,-0.374918,0.140564
680,94,0.0132823,0.000176421
680,95,0.27177,0.073859
680,96,0.377502,0.142508
680,97,0.341767,0.116805
680,98,0.199916,0.0399664
680,99,0,0
690,0,0,0
690,1,-0.183975,0.0338467
690,2,-0.312871,0.0978881
690,3,-0.327864,0.107495
690,4,-0.191515,0.0366782
690,5,0.0991723,0.00983515
690,6,0.519432,0.26981
690,7,1.02731,1.05537
690,8,1.56351,2.44457
690,9,2.06119,4.2485
690,10,2.45401,6.02214
690,11,2.68518,7.21019
690,12,2.71754,7.38502
690,13,2.53894,6.44621
690,14,2.16289,4.67811
690,15,1.62601,2.64392
690,16,0.977544,0.955593
690,17,0.27627,0.0763253
690,18,-0.406562,0.165293
690,19,-1.00756,1.01518
690,20,-1.47995,2.19024
690,21,-1.79431,3.21956
690,22,-1.94027,3.76464
690,23,-1.93094,3.72853
690,24,-1.80278,3.25002
690,25,-1.6014,2.56449
690,26,-1.37151,1.88103
690,27,-1.15045,1.32355
690,28,-0.9685,0.937992
690,29,-0.842008,0.708977
690,30,-0.769369,0.591929
690,31,-0.733801,0.538464
690,32,-0.71212,0.507115
690,33,-0.68163,0.46462
690,34,-0.61537,0.37868
690,35,-0.489721,0.239827
690,36,-0.295031,0.0870432
690,37,-0.0320817,0.00102923
690,38,0.291947,0.0852329
690,39,0.664189,0.441147
690,40,1.06012,1.12385
690,41,1.44526,2.08876
690,42,1.79159,3.20979
690,43,2.08248,4.33672
690,44,2.30679,5.32126
690,45,2.46194,6.06113
690,46,2.55568,6.53152
690,47,2.60456,6.78375
690,48,2.62759,6.90421
690,49,2.63828,6.96054
690,50,2.63828,6.96054
690,51,2.62759,6.90422
690,52,2.60456,6.78376
690,53,2.55568,6.5315
690,54,2.46193,6.06111
690,55,2.30678,5.32125
690,56,2.08248,4.33672
690,57,1.79159,3.20978
690,58,1.44525,2.08876
690,59,1.06012,1.12384
690,60,0.664192,0.441151
690,61,0.291948,0.0852335
690,62,-0.0320807,0.00102917
690,63,-0.29503,0.087043
690,64,-0.489718,0.239824
690,65,-0.61537,0.37868
690,66,-0.68163,0.464619
690,67,-0.712122,0.507118
690,68,-0.7338,0.538462
690,69,-0.769371,0.591931
690,70,-0.842009,0.708979
690,71,-0.9685,0.937993
690,72,-1.15045,1.32354
690,73,-1.37151,1.88103
690,74,-1.6014,2.56449
690,75,-1.80278,3.25002
690,76,-1.93094,3.72853
690,77,-1.94027,3.76463
690,78,-1.79431,3.21956
690,79,-1.47995,2.19024
690,80,-1.00756,1.01517
690,81,-0.406562,0.165293
690,82,0.276268,0.0763241
690,83,0.977543,0.955591
690,84,1.62601,2.64392
690,85,2.16289,4.67811
690,86,2.53894,6.44621
690,87,2.71754,7.38501
690,88,2.68518,7.21019
690,89,2.45401,6.02215
690,90,2.06119,4.24851
690,91,1.56351,2.44457
690,92,1.02731,1.05536
690,93,0.519433,0.269811
690,94,0.0991722,0.00983512
690,95,-0.191517,0.0366788
690,96,-0.327866,0.107496
690,97,-0.312872,0.0978889
690,98,-0.183975,0.0338468
690,99,0,0
700,0,0,0
700,1,0.183514,0.0336775
700,2,0.300602,0.0903618
700,3,0.302663,0.0916051
700,4,0.158723,0.0251928
700,5,-0.140729,0.0198045
700,6,-0.576843,0.332748
700,7,-1.10958,1.23118
700,8,-1.68381,2.83521
700,9,-2.22708,4.95991
700,10,-2.66053,7.07844
700,11,-2.91719,8.50997
700,12,-2.95548,8.73485
700,13,-2.76477,7.64398
700,14,-2.36002,5.56972
700,15,-1.77479,3.14987
700,16,-1.06199,1.12782
700,17,-0.295239,0.0871662
700,18,0.447445,0.200207
700,19,1.10456,1.22005
700,20,1.62987,2.65648
700,21,1.98779,3.95132
700,22,2.15915,4.66195
700,23,2.15475,4.64297
700,24,2.01571,4.06308
700,25,1.78982,3.20347
700,26,1.52034,2.31144
700,27,1.24921,1.56052
700,28,1.01434,1.02889
700,29,0.838257,0.702676
700,30,0.723529,0.523494
700,31,0.661111,0.437068
700,32,0.632603,0.400187
700,33,0.607441,0.368985
700,34,0.551984,0.304687
700,35,0.439038,0.192754
700,36,0.257577,0.0663458
700,37,0.00496672,2.46683e-05
700,38,-0.311609,0.0971001
700,39,-0.667343,0.445347
700,40,-1.03483,1.07087
700,41,-1.39297,1.94036
700,42,-1.7253,2.97668
700,43,-2.01766,4.07096
700,44,-2.25978,5.10661
700,45,-2.44494,5.97772
700,46,-2.56926,6.60111
700,47,-2.64072,6.97339
700,48,-2.6751,7.15616
700,49,-2.68818,7.22631
700,50,-2.68818,7.22632
700,51,-2.6751,7.15616
700,52,-2.64072,6.97338
700,53,-2.56926,6.6011
700,54,-2.44494,5.97771
700,55,-2.25978,5.10661
700,56,-2.01766,4.07095
700,57,-1.7253,2.97668
700,58,-1.39297,1.94035
700,59,-1.03483,1.07087
700,60,-0.667346,0.445351
700,61,-0.31161,0.0971006
700,62,0.00496777,2.46788e-05
700,63,0.257575,0.0663447
700,64,0.439036,0.192753
700,65,0.551983,0.304686
700,66,0.60744,0.368983
700,67,0.632603,0.400187
700,68,0.661112,0.43707
700,69,0.72353,0.523496
700,70,0.838255,0.702671
700,71,1.01434,1.02889
700,72,1.24921,1.56052
700,73,1.52034,2.31144
700,74,1.78983,3.20348
700,75,2.01571,4.06307
700,76,2.15475,4.64296
700,77,2.15916,4.66196
700,78,1.98779,3.95133
700,79,1.62987,2.65649
700,80,1.10456,1.22005
700,81,0.447444,0.200206
700,82,-0.29524,0.0871666
700,83,-1.06199,1.12782
700,84,-1.77479,3.14986
700,85,-2.36003,5.56972
700,86,-2.76478,7.644
700,87,-2.95548,8.73485
700,88,-2.91719,8.50997
700,89,-2.66053,7.07842
700,90,-2.22708,4.95988
700,91,-1.68381,2.83521
700,92,-1.10958,1.23118
700,93,-0.576844,0.332748
700,94,-0.140731,0.0198053
700,95,0.158723,0.0251929
700,96,0.302663,0.0916047
700,97,0.3006,0.0903604
700,98,0.183514,0.0336775
700,99,0,0
710,0,0,0
710,1,-0.201377,0.0405528
710,2,-0.328578,0.107964
710,3,-0.325228,0.105773
710,4,-0.165415,0.0273622
710,5,0.152684,0.0233124
710,6,0.614649,0.377794
710,7,1.18121,1.39526
710,8,1.78435,3.18389
710,9,2.34775,5.51194
710,10,2.79731,7.82493
710,11,3.06582,9.39928
710,12,3.10976,9.67062
710,13,2.91729,8.51058
710,14,2.50024,6.2512
710,15,1.88861,3.56686
710,16,1.1379,1.29481
710,17,0.321342,0.103261
710,18,-0.483419,0.233694
710,19,-1.20554,1.45332
710,20,-1.79109,3.20802
710,21,-2.20057,4.84249
710,22,-2.41518,5.83311
710,23,-2.44189,5.96285
710,24,-2.31076,5.33963
710,25,-2.06533,4.26559
710,26,-1.75351,3.07478
710,27,-1.42526,2.03136
710,28,-1.12449,1.26449
710,29,-0.88413,0.781686
710,30,-0.716754,0.513736
710,31,-0.616977,0.38066
710,32,-0.567269,0.321795
710,33,-0.534485,0.285675
710,34,-0.486281,0.236469
710,35,-0.396318,0.157068
710,36,-0.241013,0.0580875
710,37,-0.012298,0.000151241
710,38,0.283739,0.0805078
710,39,0.631691,0.399034
710,40,1.00531,1.01065
710,41,1.37529,1.89142
710,42,1.71898,2.95488
710,43,2.02248,4.0904
710,44,2.27806,5.18958
710,45,2.48065,6.15364
710,46,2.63255,6.93034
710,47,2.74228,7.52012
710,48,2.81463,7.92213
710,49,2.85185,8.13303
710,50,2.85184,8.13301
710,51,2.81463,7.92214
710,52,2.74228,7.52011
710,53,2.63255,6.93034
710,54,2.48065,6.15363
710,55,2.27806,5.18958
710,56,2.02247,4.0904
710,57,1.71898,2.95489
710,58,1.37529,1.89142
710,59,1.00531,1.01066
710,60,0.631693,0.399036
710,61,0.283741,0.0805087
710,62,-0.0122989,0.000151263
710,63,-0.241011,0.0580865
710,64,-0.396316,0.157066
710,65,-0.486281,0.236469
710,66,-0.534484,0.285673
710,67,-0.567268,0.321793
710,68,-0.616976,0.380659
710,69,-0.716753,0.513736
710,70,-0.884133,0.781691
710,71,-1.12449,1.26449
710,72,-1.42526,2.03137
710,73,-1.75351,3.07479
710,74,-2.06533,4.26559
710,75,-2.31076,5.33962
710,76,-2.44189,5.96284
710,77,-2.41518,5.83311
710,78,-2.20057,4.84249
710,79,-1.79109,3.20801
710,80,-1.20554,1.45332
710,81,-0.483416,0.233691
710,82,0.321343,0.103261
710,83,1.1379,1.29481
710,84,1.88861,3.56686
710,85,2.50024,6.25121
710,86,2.91729,8.51059
710,87,3.10976,9.67061
710,88,3.06583,9.3993
710,89,2.79731,7.82493
710,90,2.34775,5.51192
710,91,1.78434,3.18389
710,92,1.18122,1.39527
710,93,0.614649,0.377793
710,94,0.152684,0.0233123
710,95,-0.165416,0.0273625
710,96,-0.325228,0.105773
710,97,-0.328576,0.107962
710,98,-0.201378,0.0405531
710,99,0,0
720,0,0,0
720,1,0.185716,0.0344904
720,2,0.303643,0.0921988
720,3,0.300853,0.0905128
720,4,0.142835,0.0204019
720,5,-0.179282,0.0321419
720,6,-0.644861,0.415845
720,7,-1.21488,1.47594
720,8,-1.83167,3.35501
720,9,-2.41427,5.8287
720,10,-2.87794,8.28255
720,11,-3.15922,9.98068
720,12,-3.21552,10.3396
720,13,-3.02311,9.1392
720,14,-2.58509,6.68271
720,15,-1.93169,3.73143
720,16,-1.12278,1.26064
720,17,-0.239758,0.0574837
720,18,0.627264,0.39346
720,19,1.39786,1.954
720,20,2.01196,4.04797
720,21,2.42933,5.90165
720,22,2.63465,6.94136
720,23,2.63559,6.94635
720,24,2.46359,6.06926
720,25,2.16816,4.7009
720,26,1.80597,3.26152
720,27,1.43103,2.04784
720,28,1.08615,1.17973
720,29,0.804793,0.647692
720,30,0.608655,0.370461
720,31,0.4933,0.243345
720,32,0.433717,0.188111
720,33,0.399479,0.159584
720,34,0.358191,0.128301
720,35,0.28091,0.0789105
720,36,0.147893,0.0218724
720,37,-0.0519635,0.0027002
720,38,-0.323168,0.104438
720,39,-0.65971,0.435218
720,40,-1.03928,1.08009
720,41,-1.43071,2.04693
720,42,-1.80665,3.26398
720,43,-2.14593,4.60502
720,44,-2.42907,5.90037
720,45,-2.64624,7.00258
720,46,-2.80134,7.84751
720,47,-2.90859,8.45987
720,48,-2.97991,8.87984
720,49,-3.01508,9.09074
720,50,-3.01508,9.09073
720,51,-2.97991,8.87984
720,52,-2.90859,8.45987
720,53,-2.80134,7.84752
720,54,-2.64624,7.00256
720,55,-2.42907,5.90037
720,56,-2.14593,4.60502
720,57,-1.80665,3.26398
720,58,-1.43071,2.04692
720,59,-1.03928,1.0801
720,60,-0.659708,0.435215
720,61,-0.32317,0.104439
720,62,-0.0519643,0.00270029
720,63,0.147896,0.0218732
720,64,0.280911,0.078911
720,65,0.358192,0.128301
720,66,0.399478,0.159583
720,67,0.433718,0.188111
720,68,0.4933,0.243345
720,69,0.608654,0.37046
720,70,0.804794,0.647694
720,71,1.08616,1.17973
720,72,1.43103,2.04784
720,73,1.80597,3.26152
720,74,2.16816,4.70091
720,75,2.46359,6.06927
720,76,2.63559,6.94635
720,77,2.63465,6.94136
720,78,2.42933,5.90164
720,79,2.01195,4.04796
720,80,1.39785,1.95399
720,81,0.62726,0.393456
720,82,-0.239758,0.0574838
720,83,-1.12278,1.26064
720,84,-1.93169,3.73144
720,85,-2.58509,6.68271
720,86,-3.02311,9.1392
720,87,-3.21552,10.3396
720,88,-3.15922,9.98067
720,89,-2.87794,8.28254
720,90,-2.41427,5.82869
720,91,-1.83167,3.35502
720,92,-1.21489,1.47595
720,93,-0.644862,0.415847
720,94,-0.179281,0.0321418
720,95,0.142835,0.0204018
720,96,0.300854,0.0905128
720,97,0.303642,0.0921986
720,98,0.185716,0.0344905
720,99,0,0
730,0,0,0
730,1,-0.197949,0.0391837
730,2,-0.336465,0.113209
730,3,-0.3592,0.129025
730,4,-0.227237,0.0516367
730,5,0.0739396,0.00546707
730,6,0.531274,0.282252
730,7,1.10193,1.21425
730,8,1.7206,2.96047
730,9,2.31135,5.34234
730,10,2.79317,7.80181
730,11,3.09199,9.56042
730,12,3.15715,9.96759
730,13,2.96546,8.79397
730,14,2.51804,6.3405
730,15,1.84954,3.42079
730,16,1.02898,1.0588
730,17,0.13898,0.0193154
730,18,-0.738695,0.54567
730,19,-1.52825,2.33554
730,20,-2.15919,4.66211
730,21,-2.57875,6.64994
730,22,-2.76461,7.64309
730,23,-2.72473,7.42416
730,24,-2.49433,6.22168
730,25,-2.13205,4.54564
730,26,-1.706,2.91045
730,27,-1.27589,1.6279
730,28,-0.893037,0.797516
730,29,-0.593389,0.35211
730,30,-0.389808,0.15195
730,31,-0.278318,0.0774609
730,32,-0.237193,0.0562604
730,33,-0.232256,0.0539426
730,34,-0.223655,0.0500215
730,35,-0.176162,0.0310332
730,36,-0.0696516,0.00485135
730,37,0.1085,0.0117722
730,38,0.360974,0.130302
730,39,0.67638,0.457489
730,40,1.03646,1.07425
730,41,1.42077,2.0186
730,42,1.80434,3.25564
730,43,2.16058,4.66812
730,44,2.46403,6.07143
730,45,2.70057,7.29309
730,46,2.86909,8.23167
730,47,2.97633,8.85856
730,48,3.03885,9.2346
730,49,3.06956,9.42223
730,50,3.06957,9.42223
730,51,3.03885,9.2346
730,52,2.97633,8.85855
730,53,2.86909,8.23167
730,54,2.70057,7.2931
730,55,2.46403,6.07144
730,56,2.16058,4.66812
730,57,1.80434,3.25564
730,58,1.42077,2.0186
730,59,1.03646,1.07424
730,60,0.676381,0.457491
730,61,0.360973,0.130301
730,62,0.1085,0.0117723
730,63,-0.0696504,0.00485118
730,64,-0.176163,0.0310333
730,65,-0.223654,0.0500212
730,66,-0.232253,0.0539414
730,67,-0.237189,0.0562587
730,68,-0.278317,0.0774603
730,69,-0.389811,0.151953
730,70,-0.593391,0.352113
730,71,-0.89304,0.79752
730,72,-1.27589,1.6279
730,73,-1.70601,2.91045
730,74,-2.13205,4.54565
730,75,-2.49433,6.22168
730,76,-2.72473,7.42416
730,77,-2.76461,7.64308
730,78,-2.57874,6.64992
730,79,-2.15919,4.6621
730,80,-1.52824,2.33553
730,81,-0.738697,0.545673
730,82,0.13898,0.0193154
730,83,1.02898,1.0588
730,84,1.84953,3.42078
730,85,2.51803,6.34049
730,86,2.96546,8.79397
730,87,3.15715,9.96758
730,88,3.09199,9.56039
730,89,2.79317,7.8018
730,90,2.31135,5.34234
730,91,1.7206,2.96048
730,92,1.10193,1.21426
730,93,0.531276,0.282255
730,94,0.0739377,0.00546679
730,95,-0.227237,0.0516367
730,96,-0.359202,0.129026
730,97,-0.336466,0.113209
730,98,-0.19795,0.0391842
730,99,0,0
740,0,0,0
740,1,0.233032,0.0543039
740,2,0.394259,0.15544
740,3,0.422521,0.178524
740,4,0.280253,0.0785419
740,5,-0.0431657,0.00186328
740,6,-0.528743,0.279569
740,7,-1.12552,1.26679
740,8,-1.763,3.10818
740,9,-2.36509,5.59364
740,10,-2.85399,8.14528
740,11,-3.15898,9.97918
740,12,-3.22421,10.3956
740,13,-3.01757,9.10572
740,14,-2.54108,6.45707
740,15,-1.83715,3.37512
740,16,-0.978194,0.956863
740,17,-0.0511319,0.00261448
740,18,0.855298,0.731534
740,19,1.65918,2.75289
740,20,2.28974,5.2429
740,21,2.69605,7.26867
740,22,2.85671,8.16077
740,23,2.78851,7.7758
740,24,2.53412,6.42175
740,25,2.14396,4.59656
740,26,1.67706,2.81254
740,27,1.19949,1.43877
740,28,0.769467,0.59208
740,29,0.426087,0.18155
740,30,0.188005,0.0353457
740,31,0.0586447,0.0034392
740,32,0.0203657,0.000414761
740,33,0.0351466,0.00123529
740,34,0.0612401,0.00375035
740,35,0.0578539,0.00334707
740,36,-0.0112297,0.000126105
740,37,-0.1667,0.027789
740,38,-0.408145,0.166582
740,39,-0.720466,0.519071
740,40,-1.08019,1.16682
740,41,-1.46,2.1316
740,42,-1.82888,3.3448
740,43,-2.16254,4.67656
740,44,-2.45047,6.00482
740,45,-2.68288,7.19787
740,46,-2.86,8.1796
740,47,-2.99166,8.95004
740,48,-3.08127,9.49424
740,49,-3.1283,9.78625
740,50,-3.1283,9.78627
740,51,-3.08127,9.49424
740,52,-2.99166,8.95004
740,53,-2.86,8.1796
740,54,-2.68288,7.19785
740,55,-2.45047,6.00482
740,56,-2.16254,4.67656
740,57,-1.82888,3.34479
740,58,-1.46,2.13159
740,59,-1.08019,1.16682
740,60,-0.720463,0.519067
740,61,-0.408144,0.166581
740,62,-0.166703,0.02779
740,63,-0.0112306,0.000126126
740,64,0.0578542,0.00334711
740,65,0.0612375,0.00375003
740,66,0.0351459,0.00123524
740,67,0.0203642,0.000414702
740,68,0.0586444,0.00343916
740,69,0.188005,0.0353458
740,70,0.426085,0.181549
740,71,0.769471,0.592085
740,72,1.19949,1.43877
740,73,1.67706,2.81253
740,74,2.14396,4.59657
740,75,2.53412,6.42174
740,76,2.78852,7.77582
740,77,2.8567,8.16076
740,78,2.69605,7.26868
740,79,2.28974,5.24291
740,80,1.65918,2.75289
740,81,0.855298,0.731534
740,82,-0.0511331,0.00261459
740,83,-0.978195,0.956865
740,84,-1.83715,3.37513
740,85,-2.54108,6.45707
740,86,-3.01757,9.10572
740,87,-3.22422,10.3956
740,88,-3.15898,9.97916
740,89,-2.85399,8.14528
740,90,-2.36509,5.59364
740,91,-1.763,3.10818
740,92,-1.12552,1.2668
740,93,-0.528743,0.27957
740,94,-0.0431653,0.00186324
740,95,0.280254,0.0785422
740,96,0.422521,0.178524
740,97,0.394259,0.15544
740,98,0.233031,0.0543033
740,99,0,0
750,0,0,0
750,1,-0.2123,0.0450714
750,2,-0.354697,0.12581
750,3,-0.370898,0.137565
750,4,-0.216125,0.0467098
750,5,0.125832,0.0158338
750,6,0.633315,0.401088
750,7,1.25565,1.57665
750,8,1.91984,3.68578
750,9,2.53835,6.44322
750,10,3.02688,9.16203
750,11,3.31198,10.9692
750,12,3.34282,11.1744
750,13,3.10255,9.62583
750,14,2.60584,6.79038
750,15,1.89246,3.5814
750,16,1.0261,1.05289
750,17,0.0915434,0.0083802
750,18,-0.825863,0.68205
750,19,-1.64914,2.71966
750,20,-2.31078,5.3397
750,21,-2.75633,7.59736
750,22,-2.95784,8.74884
750,23,-2.92438,8.55197
750,24,-2.69284,7.25138
750,25,-2.31193,5.345
750,26,-1.83737,3.37594
750,27,-1.3366,1.78649
750,28,-0.873254,0.762573
750,29,-0.492524,0.24258
750,30,-0.214738,0.0461126
750,31,-0.0347109,0.00120485
750,32,0.0623766,0.00389084
750,33,0.098712,0.00974407
750,34,0.109223,0.0119297
750,35,0.13406,0.0179721
750,36,0.206137,0.0424923
750,37,0.344582,0.118737
750,38,0.552821,0.305611
750,39,0.823256,0.67775
750,40,1.13878,1.29683
750,41,1.47736,2.1826
750,42,1.82038,3.31378
750,43,2.14515,4.60166
750,44,2.42857,5.89796
750,45,2.66029,7.07712
750,46,2.83857,8.05746
750,47,2.96588,8.79647
750,48,3.04761,9.2879
750,49,3.08721,9.53084
750,50,3.08721,9.53085
750,51,3.04761,9.2879
750,52,2.96588,8.79646
750,53,2.83857,8.05745
750,54,2.66029,7.07712
750,55,2.42857,5.89795
750,56,2.14515,4.60166
750,57,1.82038,3.31377
750,58,1.47736,2.1826
750,59,1.13878,1.29682
750,60,0.823253,0.677746
750,61,0.552819,0.305608
750,62,0.34458,0.118735
750,63,0.206136,0.0424922
750,64,0.134061,0.0179724
750,65,0.109225,0.0119301
750,66,0.0987098,0.00974363
750,67,0.0623777,0.00389098
750,68,-0.0347118,0.00120491
750,69,-0.214737,0.046112
750,70,-0.492522,0.242578
750,71,-0.873255,0.762575
750,72,-1.3366,1.78649
750,73,-1.83737,3.37594
750,74,-2.31192,5.34499
750,75,-2.69284,7.25137
750,76,-2.92437,8.55195
750,77,-2.95785,8.74885
750,78,-2.75633,7.59736
750,79,-2.31078,5.33969
750,80,-1.64914,2.71966
750,81,-0.825864,0.682052
750,82,0.091543,0.00838011
750,83,1.0261,1.05289
750,84,1.89246,3.5814
750,85,2.60584,6.7904
750,86,3.10255,9.62583
750,87,3.34282,11.1744
750,88,3.31198,10.9692
750,89,3.02689,9.16204
750,90,2.53835,6.44322
750,91,1.91984,3.68578
750,92,1.25565,1.57665
750,93,0.633313,0.401086
750,94,0.125835,0.0158345
750,95,-0.216124,0.0467096
750,96,-0.370895,0.137563
750,97,-0.354696,0.125809
750,98,-0.212301,0.0450716
750,99,0,0
760,0,0,0
760,1,0.2066,0.0426838
760,2,0.339196,0.115054
760,3,0.33074,0.109389
760,4,0.141627,0.0200581
760,5,-0.231674,0.0536726
760,6,-0.764085,0.583826
760,7,-1.40671,1.97882
760,8,-2.0869,4.35513
760,9,-2.71835,7.38943
760,10,-3.21251,10.3202
760,11,-3.49493,12.2145
760,12,-3.518,12.3763
760,13,-3.25981,10.6263
760,14,-2.72673,7.43508
760,15,-1.96277,3.85245
760,16,-1.04186,1.08547
760,17,-0.051409,0.00264289
760,18,0.916374,0.839742
760,19,1.77438,3.14841
760,20,2.44871,5.99616
760,21,2.88809,8.34107
760,22,3.07378,9.44815
760,23,3.01804,9.10855
760,24,2.75895,7.61181
760,25,2.35343,5.53864
760,26,1.8615,3.46517
760,27,1.34569,1.81088
760,28,0.868131,0.753651
760,29,0.469807,0.220719
760,30,0.163599,0.0267645
760,31,-0.053369,0.00284825
760,32,-0.190018,0.0361067
760,33,-0.263518,0.0694419
760,34,-0.303738,0.0922566
760,35,-0.346475,0.120045
760,36,-0.417853,0.174601
760,37,-0.535721,0.286997
760,38,-0.710045,0.504164
760,39,-0.940063,0.883719
760,40,-1.21534,1.47706
760,41,-1.51746,2.30268
760,42,-1.82607,3.33453
760,43,-2.12303,4.50725
760,44,-2.39122,5.71793
760,45,-2.61779,6.85283
760,46,-2.7966,7.82099
760,47,-2.92784,8.57222
760,48,-3.0149,9.08965
760,49,-3.05702,9.3454
760,50,-3.05702,9.34539
760,51,-3.01491,9.08966
760,52,-2.92783,8.57221
760,53,-2.79661,7.82101
760,54,-2.61779,6.85283
760,55,-2.39122,5.71793
760,56,-2.12303,4.50726
760,57,-1.82607,3.33454
760,58,-1.51746,2.30268
760,59,-1.21534,1.47706
760,60,-0.940063,0.883719
760,61,-0.710043,0.504161
760,62,-0.535719,0.286995
760,63,-0.41785,0.174599
760,64,-0.346474,0.120044
760,65,-0.303735,0.0922549
760,66,-0.263514,0.0694395
760,67,-0.190018,0.0361069
760,68,-0.0533701,0.00284836
760,69,0.163597,0.0267638
760,70,0.469808,0.220719
760,71,0.868133,0.753655
760,72,1.34569,1.81089
760,73,1.8615,3.46517
760,74,2.35343,5.53865
760,75,2.75895,7.6118
760,76,3.01804,9.10855
760,77,3.07379,9.44816
760,78,2.88809,8.34106
760,79,2.44871,5.99617
760,80,1.77438,3.14841
760,81,0.916373,0.83974
760,82,-0.0514103,0.00264302
760,83,-1.04186,1.08547
760,84,-1.96276,3.85244
760,85,-2.72673,7.43508
760,86,-3.25981,10.6263
760,87,-3.518,12.3763
760,88,-3.49492,12.2145
760,89,-3.21251,10.3202
760,90,-2.71835,7.38942
760,91,-2.0869,4.35513
760,92,-1.40671,1.97882
760,93,-0.764082,0.583822
760,94,-0.231672,0.0536721
760,95,0.141625,0.0200576
760,96,0.330741,0.109389
760,97,0.339195,0.115053
760,98,0.206602,0.0426842
760,99,0,0
770,0,0,0
770,1,-0.180214,0.0324772
770,2,-0.287312,0.0825482
770,3,-0.256707,0.0658984
770,4,-0.0495682,0.00245701
770,5,0.346187,0.119846
770,6,0.905418,0.819781
770,7,1.56864,2.46063
770,8,2.26016,5.10831
770,9,2.88985,8.35125
770,10,3.36501,11.3233
770,11,3.61271,13.0517
770,12,3.58277,12.8363
770,13,3.25723,10.6095
770,14,2.65781,7.06393
770,15,1.83639,3.37231
770,16,0.871111,0.758835
770,17,-0.143145,0.0204905
770,18,-1.113,1.23877
770,19,-1.95088,3.80592
770,20,-2.58577,6.68623
770,21,-2.97851,8.8715
770,22,-3.12257,9.75047
770,23,-3.03994,9.24124
770,24,-2.7696,7.67068
770,25,-2.35981,5.56869
770,26,-1.86802,3.4895
770,27,-1.35378,1.83271
770,28,-0.869047,0.755243
770,29,-0.452967,0.205179
770,30,-0.127318,0.0162099
770,31,0.102993,0.0106075
770,32,0.248802,0.0619026
770,33,0.334411,0.11183
770,34,0.390174,0.152236
770,35,0.447656,0.200396
770,36,0.532148,0.283182
770,37,0.657523,0.432337
770,38,0.830864,0.690335
770,39,1.05153,1.10572
770,40,1.30792,1.71066
770,41,1.58393,2.50885
770,42,1.86093,3.46304
770,43,2.12321,4.50801
770,44,2.36018,5.57044
770,45,2.56467,6.57753
770,46,2.73341,7.47152
770,47,2.85959,8.17725
770,48,2.93955,8.64094
770,49,2.97754,8.86572
770,50,2.97754,8.86572
770,51,2.93955,8.64094
770,52,2.85959,8.17725
770,53,2.73341,7.47153
770,54,2.56467,6.57751
770,55,2.36018,5.57045
770,56,2.12321,4.50802
770,57,1.86093,3.46304
770,58,1.58394,2.50885
770,59,1.30792,1.71067
770,60,1.05154,1.10573
770,61,0.830863,0.690333
770,62,0.657522,0.432336
770,63,0.532144,0.283177
770,64,0.447659,0.200398
770,65,0.390171,0.152234
770,66,0.334412,0.111831
770,67,0.2488,0.0619016
770,68,0.102995,0.010608
770,69,-0.127317,0.0162096
770,70,-0.452965,0.205178
770,71,-0.869043,0.755237
770,72,-1.35377,1.83271
770,73,-1.86802,3.4895
770,74,-2.35981,5.5687
770,75,-2.7696,7.6707
770,76,-3.03994,9.24126
770,77,-3.12257,9.75046
770,78,-2.97851,8.87151
770,79,-2.58577,6.68622
770,80,-1.95088,3.80592
770,81,-1.113,1.23876
770,82,-0.143144,0.0204902
770,83,0.871115,0.758841
770,84,1.83639,3.37232
770,85,2.65781,7.06394
770,86,3.25723,10.6095
770,87,3.58278,12.8363
770,88,3.61271,13.0517
770,89,3.36501,11.3233
770,90,2.88986,8.35126
770,91,2.26016,5.10831
770,92,1.56864,2.46062
770,93,0.905419,0.819783
770,94,0.346187,0.119846
770,95,-0.0495663,0.00245682
770,96,-0.256706,0.0658982
770,97,-0.287313,0.0825485
770,98,-0.180213,0.0324769
770,99,0,0
780,0,0,0
780,1,0.153374,0.0235236
780,2,0.238333,0.0568028
780,3,0.192461,0.0370412
780,4,-0.0309198,0.000956033
780,5,-0.439918,0.193527
780,6,-1.00304,1.00609
780,7,-1.66093,2.75869
780,8,-2.33114,5.43421
780,9,-2.92764,8.57107
780,10,-3.36982,11.3557
780,11,-3.58323,12.8396
780,12,-3.52223,12.4061
780,13,-3.17738,10.0957
780,14,-2.56848,6.5971
780,15,-1.74753,3.05388
780,16,-0.786649,0.618816
780,17,0.228885,0.0523885
780,18,1.20356,1.44855
780,19,2.05014,4.20309
780,20,2.70247,7.30335
780,21,3.11567,9.7074
780,22,3.272,10.706
780,23,3.18585,10.1496
780,24,2.89721,8.39382
780,25,2.46166,6.05978
780,26,1.94212,3.77184
780,27,1.40184,1.96517
780,28,0.896063,0.802929
780,29,0.463263,0.214613
780,30,0.122072,0.0149015
780,31,-0.124855,0.0155887
780,32,-0.289056,0.0835531
780,33,-0.3927,0.154213
780,34,-0.460812,0.212348
780,35,-0.517903,0.268223
780,36,-0.587254,0.344867
780,37,-0.688095,0.473474
780,38,-0.833094,0.694046
780,39,-1.02892,1.05867
780,40,-1.27026,1.61356
780,41,-1.54185,2.37731
780,42,-1.82553,3.33256
780,43,-2.10222,4.41933
780,44,-2.35579,5.54975
780,45,-2.57376,6.62422
780,46,-2.75025,7.5639
780,47,-2.88369,8.31564
780,48,-2.97201,8.83285
780,49,-3.01578,9.09491
780,50,-3.01577,9.0949
780,51,-2.97202,8.83288
780,52,-2.88368,8.31564
780,53,-2.75026,7.56391
780,54,-2.57375,6.62421
780,55,-2.35579,5.54977
780,56,-2.10222,4.41933
780,57,-1.82553,3.33257
780,58,-1.54185,2.37731
780,59,-1.27026,1.61356
780,60,-1.02892,1.05867
780,61,-0.833094,0.694046
780,62,-0.688097,0.473478
780,63,-0.587253,0.344866
780,64,-0.517903,0.268224
780,65,-0.460809,0.212345
780,66,-0.392701,0.154214
780,67,-0.289056,0.0835532
780,68,-0.124857,0.0155894
780,69,0.122069,0.0149009
780,70,0.463261,0.214611
780,71,0.896063,0.802929
780,72,1.40184,1.96517
780,73,1.94212,3.77183
780,74,2.46166,6.05978
780,75,2.89721,8.39381
780,76,3.18584,10.1496
780,77,3.272,10.706
780,78,3.11567,9.70739
780,79,2.70247,7.30334
780,80,2.05014,4.20309
780,81,1.20356,1.44855
780,82,0.228885,0.0523883
780,83,-0.78665,0.618819
780,84,-1.74754,3.05389
780,85,-2.56848,6.59711
780,86,-3.17738,10.0957
780,87,-3.52223,12.4061
780,88,-3.58323,12.8396
780,89,-3.36982,11.3557
780,90,-2.92764,8.57107
780,91,-2.33114,5.4342
780,92,-1.66093,2.75869
780,93,-1.00304,1.00609
780,94,-0.439916,0.193526
780,95,-0.0309221,0.000956177
780,96,0.192463,0.0370418
780,97,0.238336,0.0568042
780,98,0.153377,0.0235246
780,99,0,0
790,0,0,0
790,1,-0.145306,0.0211138
790,2,-0.216065,0.046684
790,3,-0.155565,0.0242005
790,4,0.0748321,0.00559984
790,5,0.482863,0.233157
790,6,1.03942,1.0804
790,7,1.68803,2.84946
790,8,2.35162,5.53012
790,9,2.94302,8.66138
790,10,3.37728,11.406
790,11,3.583,12.8379
790,12,3.5094,12.3159
790,13,3.13526,9.82986
790,14,2.48319,6.16621
790,15,1.61419,2.60561
790,16,0.611379,0.373784
790,17,-0.429247,0.184253
790,18,-1.41439,2.00051
790,19,-2.26076,5.11102
790,20,-2.89843,8.40091
790,21,-3.2874,10.807
790,22,-3.41702,11.676
790,23,-3.29909,10.884
790,24,-2.97415,8.84559
790,25,-2.50185,6.25926
790,26,-1.9467,3.78966
790,27,-1.37271,1.88434
790,28,-0.837486,0.701383
790,29,-0.385398,0.148532
790,30,-0.0408806,0.00167122
790,31,0.194581,0.0378619
790,32,0.335691,0.112688
790,33,0.406841,0.16552
790,34,0.442516,0.19582
790,35,0.480223,0.230614
790,36,0.550173,0.30269
790,37,0.671875,0.451415
790,38,0.849713,0.722012
790,39,1.07741,1.16081
790,40,1.34405,1.80646
790,41,1.63138,2.66141
790,42,1.91839,3.68024
790,43,2.18698,4.78288
790,44,2.42635,5.88717
790,45,2.62935,6.91346
790,46,2.78963,7.78204
790,47,2.9066,8.44833
790,48,2.98272,8.89664
790,49,3.02042,9.12291
790,50,3.02041,9.1229
790,51,2.98272,8.89665
790,52,2.9066,8.44832
790,53,2.78963,7.78203
790,54,2.62935,6.91347
790,55,2.42635,5.88717
790,56,2.18698,4.78287
790,57,1.91839,3.68023
790,58,1.63138,2.6614
790,59,1.34404,1.80645
790,60,1.07741,1.16081
790,61,0.849713,0.722012
790,62,0.671872,0.451412
790,63,0.550175,0.302692
790,64,0.480226,0.230617
790,65,0.442515,0.19582
790,66,0.406841,0.16552
790,67,0.33569,0.112688
790,68,0.194583,0.0378625
790,69,-0.0408796,0.00167114
790,70,-0.385394,0.148529
790,71,-0.837486,0.701382
790,72,-1.37271,1.88434
790,73,-1.9467,3.78965
790,74,-2.50185,6.25926
790,75,-2.97415,8.84558
790,76,-3.29909,10.884
790,77,-3.41702,11.676
790,78,-3.2874,10.807
790,79,-2.89843,8.40092
790,80,-2.26076,5.11103
790,81,-1.41439,2.00051
790,82,-0.429249,0.184254
790,83,0.611379,0.373784
790,84,1.61419,2.60561
790,85,2.48319,6.16621
790,86,3.13526,9.82986
790,87,3.5094,12.3159
790,88,3.583,12.8379
790,89,3.37728,11.406
790,90,2.94302,8.66138
790,91,2.35162,5.53011
790,92,1.68803,2.84946
790,93,1.03942,1.0804
790,94,0.48286,0.233154
790,95,0.0748303,0.00559957
790,96,-0.155566,0.0242007
790,97,-0.216066,0.0466845
790,98,-0.145308,0.0211144
790,99,0,0
800,0,0,0
800,1,0.144056,0.0207522
800,2,0.215539,0.046457
800,3,0.152148,0.0231492
800,4,-0.0787544,0.00620226
800,5,-0.484318,0.234563
800,6,-1.0433,1.08847
800,7,-1.69776,2.88238
800,8,-2.36712,5.60323
800,9,-2.96158,8.77098
800,10,-3.39392,11.5187
800,11,-3.59352,12.9134
800,12,-3.51316,12.3423
800,13,-3.13929,9.85513
800,14,-2.48889,6.19458
800,15,-1.60912,2.58926
800,16,-0.580088,0.336502
800,17,0.500303,0.250303
800,18,1.52923,2.33855
800,19,2.412,5.81773
800,20,3.0726,9.4409
800,21,3.46073,11.9766
800,22,3.56194,12.6874
800,23,3.40023,11.5615
800,24,3.02546,9.15339
800,25,2.5021,6.2605
800,26,1.90411,3.62564
800,27,1.29924,1.68801
800,28,0.7398,0.547305
800,29,0.267294,0.0714462
800,30,-0.0912277,0.00832248
800,31,-0.331697,0.110023
800,32,-0.473659,0.224353
800,33,-0.549106,0.301517
800,34,-0.591123,0.349427
800,35,-0.63214,0.399601
800,36,-0.702469,0.493462
800,37,-0.822233,0.676067
800,38,-0.995543,0.991106
800,39,-1.21531,1.47697
800,40,-1.46953,2.15953
800,41,-1.74288,3.03762
800,42,-2.01813,4.07286
800,43,-2.2795,5.1961
800,44,-2.51544,6.32746
800,45,-2.71847,7.39006
800,46,-2.88136,8.30224
800,47,-2.99984,8.99901
800,48,-3.07578,9.4604
800,49,-3.11299,9.69073
800,50,-3.11299,9.69074
800,51,-3.07577,9.46038
800,52,-2.99984,8.99901
800,53,-2.88136,8.30223
800,54,-2.71847,7.39006
800,55,-2.51544,6.32746
800,56,-2.2795,5.19611
800,57,-2.01813,4.07285
800,58,-1.74288,3.03763
800,59,-1.46953,2.15952
800,60,-1.21531,1.47697
800,61,-0.995541,0.991103
800,62,-0.822232,0.676066
800,63,-0.702469,0.493462
800,64,-0.63214,0.399601
800,65,-0.591125,0.349429
800,66,-0.549107,0.301519
800,67,-0.473658,0.224352
800,68,-0.331697,0.110023
800,69,-0.0912305,0.008323
800,70,0.267294,0.0714461
800,71,0.739802,0.547306
800,72,1.29924,1.68801
800,73,1.90411,3.62564
800,74,2.5021,6.26051
800,75,3.02546,9.15341
800,76,3.40023,11.5616
800,77,3.56194,12.6874
800,78,3.46073,11.9766
800,79,3.0726,9.4409
800,80,2.412,5.81773
800,81,1.52923,2.33855
800,82,0.500303,0.250303
800,83,-0.580086,0.3365
800,84,-1.60912,2.58926
800,85,-2.48889,6.1946
800,86,-3.13929,9.85514
800,87,-3.51316,12.3423
800,88,-3.59352,12.9134
800,89,-3.39391,11.5186
800,90,-2.96158,8.77097
800,91,-2.36711,5.60322
800,92,-1.69775,2.88237
800,93,-1.04329,1.08846
800,94,-0.484318,0.234564
800,95,-0.0787539,0.00620218
800,96,0.152149,0.0231493
800,97,0.215539,0.0464571
800,98,0.144056,0.0207522
800,99,0,0
810,0,0,0
810,1,-0.143649,0.020635
810,2,-0.212967,0.0453549
810,3,-0.1463,0.0214036
810,4,0.0908416,0.0082522
810,5,0.499559,0.249559
810,6,1.05418,1.11129
810,7,1.70667,2.91272
810,8,2.38361,5.68161
810,9,2.99104,8.94634
810,10,3.43407,11.7928
810,11,3.63696,13.2275
810,12,3.55247,12.6201
810,13,3.16384,10.0099
810,14,2.48722,6.18626
810,15,1.57993,2.49619
810,16,0.527751,0.278521
810,17,-0.571555,0.326675
810,18,-1.61388,2.60461
810,19,-2.50567,6.27836
810,20,-3.17111,10.0559
810,21,-3.56126,12.6826
810,22,-3.66162,13.4075
810,23,-3.48717,12.1604
810,24,-3.0824,9.50119
810,25,-2.51926,6.34669
810,26,-1.87677,3.52225
810,27,-1.22526,1.50126
810,28,-0.624088,0.389486
810,29,-0.116803,0.0136431
810,30,0.269982,0.0728901
810,31,0.530955,0.281913
810,32,0.687098,0.472104
810,33,0.770313,0.593382
810,34,0.810786,0.657373
810,35,0.838684,0.703391
810,36,0.884657,0.782619
810,37,0.971647,0.944097
810,38,1.11097,1.23425
810,39,1.30369,1.69961
810,40,1.541,2.37468
810,41,1.8075,3.26706
810,42,2.08405,4.34328
810,43,2.35073,5.52595
810,44,2.58726,6.6939
810,45,2.78088,7.73328
810,46,2.92879,8.57782
810,47,3.03294,9.19873
810,48,3.09652,9.58843
810,49,3.12515,9.76654
810,50,3.12515,9.76655
810,51,3.09652,9.58842
810,52,3.03294,9.19873
810,53,2.92879,8.57782
810,54,2.78088,7.73328
810,55,2.58726,6.69391
810,56,2.35073,5.52594
810,57,2.08405,4.34328
810,58,1.8075,3.26706
810,59,1.541,2.37468
810,60,1.30369,1.69961
810,61,1.11097,1.23425
810,62,0.971648,0.944101
810,63,0.884657,0.782618
810,64,0.838686,0.703394
810,65,0.810787,0.657375
810,66,0.770315,0.593385
810,67,0.687098,0.472104
810,68,0.530959,0.281917
810,69,0.269982,0.0728901
810,70,-0.116802,0.0136426
810,71,-0.624089,0.389487
810,72,-1.22526,1.50126
810,73,-1.87676,3.52224
810,74,-2.51926,6.34669
810,75,-3.0824,9.50119
810,76,-3.48717,12.1603
810,77,-3.66162,13.4074
810,78,-3.56126,12.6826
810,79,-3.17111,10.0559
810,80,-2.50566,6.27836
810,81,-1.61388,2.60461
810,82,-0.571556,0.326676
810,83,0.527752,0.278522
810,84,1.57994,2.4962
810,85,2.48722,6.18628
810,86,3.16384,10.0099
810,87,3.55247,12.62
810,88,3.63696,13.2275
810,89,3.43407,11.7928
810,90,2.99104,8.94634
810,91,2.38361,5.6816
810,92,1.70667,2.91273
810,93,1.05418,1.11129
810,94,0.499559,0.249559
810,95,0.0908414,0.00825216
810,96,-0.1463,0.0214037
810,97,-0.212965,0.0453543
810,98,-0.143647,0.0206344
810,99,0,0
820,0,0,0
820,1,0.158561,0.0251417
820,2,0.237829,0.0565628
820,3,0.180098,0.0324352
820,4,-0.0519552,0.00269934
820,5,-0.464697,0.215943
820,6,-1.03002,1.06094
820,7,-1.69411,2.87001
820,8,-2.37838,5.65671
820,9,-2.98864,8.93198
820,10,-3.42779,11.7497
820,11,-3.61699,13.0826
820,12,-3.51258,12.3382
820,13,-3.10381,9.63366
820,14,-2.41214,5.81842
820,15,-1.49133,2.22408
820,16,-0.423989,0.179766
820,17,0.684248,0.468196
820,18,1.72583,2.9785
820,19,2.60568,6.78958
820,20,3.25044,10.5654
820,21,3.62201,13.119
820,22,3.70785,13.7482
820,23,3.52111,12.3982
820,24,3.10501,9.64111
820,25,2.52214,6.3612
820,26,1.84998,3.42244
820,27,1.16454,1.35614
820,28,0.527571,0.278331
820,29,-0.0098964,9.79388e-05
820,30,-0.415815,0.172902
820,31,-0.686041,0.470652
820,32,-0.839591,0.704914
820,33,-0.9091,0.826464
820,34,-0.932592,0.869728
820,35,-0.942836,0.888939
820,36,-0.968919,0.938804
820,37,-1.03366,1.06846
820,38,-1.14968,1.32177
820,39,-1.31864,1.73881
820,40,-1.53226,2.34783
820,41,-1.77658,3.15623
820,42,-2.02972,4.11977
820,43,-2.2724,5.16381
820,44,-2.49162,6.20817
820,45,-2.67901,7.17709
820,46,-2.83028,8.01051
820,47,-2.94417,8.66813
820,48,-3.02128,9.12812
820,49,-3.06044,9.36632
820,50,-3.06045,9.36633
820,51,-3.02128,9.12812
820,52,-2.94417,8.66812
820,53,-2.83028,8.01051
820,54,-2.67901,7.17711
820,55,-2.49162,6.20817
820,56,-2.2724,5.16382
820,57,-2.02972,4.11978
820,58,-1.77658,3.15623
820,59,-1.53227,2.34784
820,60,-1.31864,1.73881
820,61,-1.14969,1.32178
820,62,-1.03366,1.06846
820,63,-0.968918,0.938801
820,64,-0.942838,0.888944
820,65,-0.932591,0.869725
820,66,-0.909101,0.826465
820,67,-0.839591,0.704912
820,68,-0.686041,0.470652
820,69,-0.415814,0.172901
820,70,-0.00989428,9.78968e-05
820,71,0.52757,0.27833
820,72,1.16453,1.35614
820,73,1.84998,3.42244
820,74,2.52214,6.36119
820,75,3.10501,9.64111
820,76,3.52111,12.3982
820,77,3.70785,13.7482
820,78,3.62201,13.119
820,79,3.25044,10.5654
820,80,2.60568,6.78958
820,81,1.72583,2.9785
820,82,0.684247,0.468194
820,83,-0.42399,0.179768
820,84,-1.49133,2.22408
820,85,-2.41214,5.81842
820,86,-3.10381,9.63366
820,87,-3.51258,12.3382
820,88,-3.61699,13.0826
820,89,-3.42779,11.7497
820,90,-2.98864,8.93198
820,91,-2.37838,5.65671
820,92,-1.69411,2.87001
820,93,-1.03002,1.06094
820,94,-0.464696,0.215942
820,95,-0.0519563,0.00269945
820,96,0.180097,0.0324349
820,97,0.237829,0.0565627
820,98,0.158565,0.0251427
820,99,0,0
830,0,0,0
830,1,-0.170831,0.0291831
830,2,-0.264995,0.0702221
830,3,-0.213384,0.0455327
830,4,0.0221102,0.00048886
830,5,0.443682,0.196854
830,6,1.02229,1.04507
830,7,1.69816,2.88376
830,8,2.38651,5.69541
830,9,2.99077,8.94469
830,10,3.41975,11.6947
830,11,3.60124,12.969
830,12,3.48734,12.1615
830,13,3.06405,9.38839
830,14,2.35447,5.54352
830,15,1.41712,2.00822
830,16,0.339234,0.115079
830,17,-0.775916,0.602046
830,18,-1.81982,3.31173
830,19,-2.69826,7.28059
830,20,-3.34264,11.1732
830,21,-3.70946,13.7601
830,22,-3.78543,14.3295
830,23,-3.58939,12.8837
830,24,-3.16755,10.0334
830,25,-2.58443,6.67926
830,26,-1.90965,3.64677
830,27,-1.21257,1.47032
830,28,-0.559103,0.312596
830,29,-0.000619572,3.83869e-07
830,30,0.434022,0.188375
830,31,0.734585,0.539615
830,32,0.90977,0.827682
830,33,0.987614,0.975381
830,34,1.00706,1.01418
830,35,1.00631,1.01265
830,36,1.01869,1.03773
830,37,1.0683,1.14127
830,38,1.16946,1.36763
830,39,1.32336,1.75128
830,40,1.51887,2.30696
830,41,1.74387,3.0411
830,42,1.98518,3.94094
830,43,2.22674,4.95835
830,44,2.4529,6.0167
830,45,2.65424,7.045
830,46,2.82558,7.98391
830,47,2.95985,8.76069
830,48,3.05066,9.3065
830,49,3.09581,9.58401
830,50,3.0958,9.58401
830,51,3.05066,9.3065
830,52,2.95984,8.76068
830,53,2.82558,7.98391
830,54,2.65424,7.04501
830,55,2.4529,6.01672
830,56,2.22674,4.95835
830,57,1.98518,3.94094
830,58,1.74387,3.0411
830,59,1.51887,2.30697
830,60,1.32336,1.75127
830,61,1.16946,1.36764
830,62,1.0683,1.14127
830,63,1.01869,1.03773
830,64,1.00631,1.01265
830,65,1.00706,1.01417
830,66,0.987614,0.975381
830,67,0.909769,0.82768
830,68,0.734587,0.539618
830,69,0.43402,0.188373
830,70,-0.000617652,3.81494e-07
830,71,-0.559104,0.312597
830,72,-1.21256,1.47031
830,73,-1.90965,3.64678
830,74,-2.58443,6.67926
830,75,-3.16755,10.0334
830,76,-3.58939,12.8837
830,77,-3.78542,14.3294
830,78,-3.70946,13.7601
830,79,-3.34264,11.1732
830,80,-2.69825,7.28058
830,81,-1.81981,3.31173
830,82,-0.775914,0.602043
830,83,0.339237,0.115082
830,84,1.41711,2.00821
830,85,2.35447,5.54351
830,86,3.06405,9.38839
830,87,3.48734,12.1615
830,88,3.60124,12.9689
830,89,3.41975,11.6947
830,90,2.99077,8.9447
830,91,2.38651,5.69541
830,92,1.69816,2.88375
830,93,1.02228,1.04506
830,94,0.443683,0.196854
830,95,0.0221098,0.000488844
830,96,-0.213386,0.0455335
830,97,-0.264993,0.0702215
830,98,-0.170831,0.0291834
830,99,0,0
840,0,0,0
840,1,0.160722,0.0258317
840,2,0.244856,0.0599547
840,3,0.190085,0.0361325
840,4,-0.0425709,0.00181228
840,5,-0.464257,0.215535
840,6,-1.04744,1.09713
840,7,-1.72413,2.97262
840,8,-2.40738,5.79547
840,9,-3.00469,9.02817
840,10,-3.42737,11.7469
840,11,-3.6025,12.978
840,12,-3.47886,12.1025
840,13,-3.04163,9.25152
840,14,-2.31716,5.36924
840,15,-1.36703,1.86878
840,16,-0.282976,0.0800755
840,17,0.830416,0.689591
840,18,1.8702,3.49765
840,19,2.74784,7.55064
840,20,3.39364,11.5168
840,21,3.76099,14.145
840,22,3.83767,14.7277
840,23,3.64309,13.2721
840,24,3.22462,10.3982
840,25,2.64699,7.00654
840,26,1.97965,3.91902
840,27,1.29432,1.67527
840,28,0.654885,0.428874
840,29,0.105187,0.0110642
840,30,-0.329727,0.10872
840,31,-0.64234,0.412601
840,32,-0.840615,0.706634
840,33,-0.944112,0.891347
840,34,-0.986097,0.972386
840,35,-1.00271,1.00543
840,36,-1.02429,1.04917
840,37,-1.07501,1.15564
840,38,-1.17016,1.36927
840,39,-1.317,1.73448
840,40,-1.51392,2.29197
840,41,-1.74901,3.05905
840,42,-2.00663,4.02658
840,43,-2.27019,5.15378
840,44,-2.52086,6.35473
840,45,-2.74378,7.52833
840,46,-2.92933,8.58095
840,47,-3.07141,9.43357
840,48,-3.16679,10.0286
840,49,-3.21423,10.3312
840,50,-3.21423,10.3313
840,51,-3.1668,10.0286
840,52,-3.07141,9.43359
840,53,-2.92933,8.58095
840,54,-2.74378,7.52833
840,55,-2.52086,6.35473
840,56,-2.27019,5.15378
840,57,-2.00663,4.02658
840,58,-1.74901,3.05905
840,59,-1.51393,2.29197
840,60,-1.31699,1.73447
840,61,-1.17016,1.36927
840,62,-1.075,1.15563
840,63,-1.02429,1.04917
840,64,-1.00271,1.00543
840,65,-0.986098,0.972389
840,66,-0.944112,0.891347
840,67,-0.840616,0.706635
840,68,-0.642341,0.412601
840,69,-0.329726,0.108719
840,70,0.105184,0.0110637
840,71,0.654886,0.428876
840,72,1.29432,1.67527
840,73,1.97965,3.91901
840,74,2.64699,7.00654
840,75,3.22461,10.3981
840,76,3.64309,13.2721
840,77,3.83766,14.7277
840,78,3.76098,14.145
840,79,3.39364,11.5168
840,80,2.74784,7.55063
840,81,1.8702,3.49765
840,82,0.830419,0.689596
840,83,-0.282978,0.0800765
840,84,-1.36704,1.86879
840,85,-2.31716,5.36924
840,86,-3.04164,9.25155
840,87,-3.47886,12.1025
840,88,-3.6025,12.978
840,89,-3.42737,11.7469
840,90,-3.00469,9.02817
840,91,-2.40738,5.79546
840,92,-1.72413,2.97262
840,93,-1.04744,1.09713
840,94,-0.464257,0.215535
840,95,-0.042569,0.00181212
840,96,0.190086,0.0361327
840,97,0.244856,0.0599546
840,98,0.160724,0.0258321
840,99,0,0
850,0,0,0
850,1,-0.182994,0.033487
850,2,-0.287881,0.0828754
850,3,-0.25063,0.0628156
850,4,-0.0293813,0.00086326
850,5,0.379779,0.144232
850,6,0.948619,0.899878
850,7,1.62163,2.62969
850,8,2.31363,5.35288
850,9,2.92609,8.56199
850,10,3.36644,11.3329
850,11,3.56045,12.6768
850,12,3.46125,11.9803
850,13,3.05116,9.3096
850,14,2.35124,5.52835
850,15,1.42263,2.02388
850,16,0.350475,0.122833
850,17,-0.76455,0.584536
850,18,-1.81742,3.30303
850,19,-2.71157,7.3526
850,20,-3.36924,11.3517
850,21,-3.74187,14.0016
850,22,-3.81624,14.5637
850,23,-3.61547,13.0716
850,24,-3.1896,10.1735
850,25,-2.60059,6.76309
850,26,-1.92214,3.69461
850,27,-1.2299,1.51266
850,28,-0.58612,0.343537
850,29,-0.0380068,0.00144452
850,30,0.388976,0.151302
850,31,0.688982,0.474697
850,32,0.871397,0.759333
850,33,0.95857,0.918857
850,34,0.98126,0.962872
850,35,0.977272,0.95506
850,36,0.981643,0.963623
850,37,1.01862,1.03758
850,38,1.10448,1.21987
850,39,1.24882,1.55956
850,40,1.45212,2.10867
850,41,1.70345,2.90175
850,42,1.98441,3.93788
850,43,2.2752,5.17652
850,44,2.55593,6.5328
850,45,2.80757,7.88244
850,46,3.01649,9.09922
850,47,3.17742,10.096
850,48,3.28725,10.806
850,49,3.34271,11.1737
850,50,3.34271,11.1737
850,51,3.28725,10.806
850,52,3.17742,10.096
850,53,3.01649,9.09921
850,54,2.80757,7.88243
850,55,2.55593,6.53279
850,56,2.2752,5.17652
850,57,1.98441,3.93787
850,58,1.70345,2.90174
850,59,1.45212,2.10866
850,60,1.24882,1.55956
850,61,1.10448,1.21987
850,62,1.01862,1.03758
850,63,0.981644,0.963625
850,64,0.977273,0.955063
850,65,0.981259,0.962869
850,66,0.958569,0.918854
850,67,0.871395,0.75933
850,68,0.68898,0.474693
850,69,0.388973,0.1513
850,70,-0.0380038,0.00144429
850,71,-0.586117,0.343534
850,72,-1.2299,1.51266
850,73,-1.92214,3.69461
850,74,-2.60059,6.76308
850,75,-3.1896,10.1735
850,76,-3.61547,13.0716
850,77,-3.81624,14.5637
850,78,-3.74188,14.0016
850,79,-3.36924,11.3517
850,80,-2.71157,7.35261
850,81,-1.81742,3.30302
850,82,-0.764548,0.584533
850,83,0.350476,0.122833
850,84,1.42263,2.02388
850,85,2.35124,5.52835
850,86,3.05116,9.30959
850,87,3.46125,11.9802
850,88,3.56045,12.6768
850,89,3.36644,11.3329
850,90,2.92609,8.56198
850,91,2.31363,5.35288
850,92,1.62163,2.62968
850,93,0.948617,0.899874
850,94,0.379781,0.144233
850,95,-0.0293812,0.000863253
850,96,-0.250632,0.0628164
850,97,-0.287884,0.0828771
850,98,-0.182993,0.0334865
850,99,0,0
860,0,0,0
860,1,0.198873,0.0395505
860,2,0.316428,0.100127
860,3,0.290243,0.0842412
860,4,0.085637,0.0073337
860,5,-0.304489,0.0927136
860,6,-0.854551,0.730257
860,7,-1.50724,2.27177
860,8,-2.18577,4.77757
860,9,-2.79871,7.83276
860,10,-3.25088,10.5682
860,11,-3.4609,11.9778
860,12,-3.37849,11.4142
860,13,-2.98951,8.93715
860,14,-2.31393,5.35425
860,15,-1.40602,1.97689
860,16,-0.351663,0.123667
860,17,0.745048,0.555096
860,18,1.78045,3.16999
860,19,2.65747,7.06213
860,20,3.29514,10.858
860,21,3.64769,13.3056
860,22,3.70864,13.754
860,23,3.49805,12.2364
860,24,3.06207,9.37627
860,25,2.46775,6.08978
860,26,1.79072,3.20668
860,27,1.10587,1.22295
860,28,0.476215,0.22678
860,29,-0.0511607,0.00261742
860,30,-0.452169,0.204456
860,31,-0.72438,0.524727
860,32,-0.8801,0.774577
860,33,-0.94302,0.889286
860,34,-0.946661,0.896167
860,35,-0.931095,0.866937
860,36,-0.932052,0.86872
860,37,-0.974796,0.950228
860,38,-1.07432,1.15415
860,39,-1.23562,1.52676
860,40,-1.45531,2.11793
860,41,-1.71988,2.95798
860,42,-2.0055,4.02202
860,43,-2.28998,5.24402
860,44,-2.55906,6.5488
860,45,-2.80149,7.84833
860,46,-3.00641,9.03852
860,47,-3.1648,10.016
860,48,-3.27151,10.7028
860,49,-3.32574,11.0606
860,50,-3.32574,11.0606
860,51,-3.27151,10.7028
860,52,-3.1648,10.016
860,53,-3.00641,9.03853
860,54,-2.80149,7.84832
860,55,-2.55906,6.54879
860,56,-2.28998,5.24402
860,57,-2.0055,4.02202
860,58,-1.71988,2.95798
860,59,-1.45531,2.11792
860,60,-1.23562,1.52676
860,61,-1.07432,1.15415
860,62,-0.974797,0.950229
860,63,-0.93205,0.868717
860,64,-0.931097,0.866941
860,65,-0.946663,0.89617
860,66,-0.943022,0.889291
860,67,-0.880101,0.774577
860,68,-0.724377,0.524723
860,69,-0.45217,0.204457
860,70,-0.0511601,0.00261736
860,71,0.476214,0.226779
860,72,1.10587,1.22295
860,73,1.79072,3.20667
860,74,2.46775,6.08978
860,75,3.06207,9.37628
860,76,3.49805,12.2364
860,77,3.70864,13.754
860,78,3.64769,13.3056
860,79,3.29514,10.858
860,80,2.65747,7.06214
860,81,1.78045,3.16999
860,82,0.745047,0.555094
860,83,-0.351662,0.123666
860,84,-1.40602,1.97689
860,85,-2.31392,5.35424
860,86,-2.98951,8.93715
860,87,-3.37849,11.4142
860,88,-3.4609,11.9778
860,89,-3.25088,10.5682
860,90,-2.7987,7.83274
860,91,-2.18576,4.77756
860,92,-1.50724,2.27177
860,93,-0.854549,0.730253
860,94,-0.304491,0.0927145
860,95,0.0856371,0.00733371
860,96,0.290242,0.0842405
860,97,0.316428,0.100126
860,98,0.198873,0.0395506
860,99,0,0
870,0,0,0
870,1,-0.188627,0.0355801
870,2,-0.30218,0.0913127
870,3,-0.276358,0.0763738
870,4,-0.0757629,0.00574001
870,5,0.305783,0.0935033
870,6,0.846407,0.716406
870,7,1.49159,2.22485
870,8,2.15986,4.66499
870,9,2.75497,7.58989
870,10,3.18875,10.1681
870,11,3.39146,11.502
870,12,3.31405,10.9829
870,13,2.94059,8.64705
870,14,2.2907,5.2473
870,15,1.41625,2.00576
870,16,0.397404,0.15793
870,17,-0.672812,0.452676
870,18,-1.69211,2.86324
870,19,-2.56089,6.55816
870,20,-3.2035,10.2624
870,21,-3.57047,12.7483
870,22,-3.64593,13.2928
870,23,-3.44571,11.8729
870,24,-3.01144,9.06875
870,25,-2.4088,5.80234
870,26,-1.71475,2.94035
870,27,-1.00581,1.01165
870,28,-0.350751,0.123026
870,29,0.200262,0.0401049
870,30,0.618736,0.382834
870,31,0.895182,0.80135
870,32,1.03764,1.0767
870,33,1.07463,1.15482
870,34,1.05056,1.10368
870,35,1.00977,1.01963
870,36,0.988521,0.977174
870,37,1.01159,1.02332
870,38,1.09391,1.19664
870,39,1.24154,1.54143
870,40,1.44809,2.09697
870,41,1.69785,2.88271
870,42,1.97027,3.88198
870,43,2.24536,5.04162
870,44,2.50739,6.287
870,45,2.74352,7.5269
870,46,2.93981,8.64251
870,47,3.08615,9.52433
870,48,3.18081,10.1175
870,49,3.22598,10.407
870,50,3.22598,10.407
870,51,3.18081,10.1175
870,52,3.08615,9.52433
870,53,2.93981,8.64251
870,54,2.74352,7.52691
870,55,2.50739,6.287
870,56,2.24536,5.04163
870,57,1.97027,3.88198
870,58,1.69785,2.88271
870,59,1.44809,2.09697
870,60,1.24154,1.54142
870,61,1.09391,1.19663
870,62,1.01159,1.02332
870,63,0.988521,0.977173
870,64,1.00976,1.01962
870,65,1.05056,1.10368
870,66,1.07463,1.15482
870,67,1.03764,1.07671
870,68,0.895182,0.801351
870,69,0.618737,0.382836
870,70,0.200262,0.0401051
870,71,-0.350752,0.123027
870,72,-1.00581,1.01166
870,73,-1.71475,2.94036
870,74,-2.4088,5.80234
870,75,-3.01144,9.06875
870,76,-3.44571,11.8729
870,77,-3.64592,13.2928
870,78,-3.57047,12.7483
870,79,-3.2035,10.2624
870,80,-2.56089,6.55816
870,81,-1.69211,2.86325
870,82,-0.672813,0.452677
870,83,0.397402,0.157928
870,84,1.41625,2.00577
870,85,2.2907,5.24731
870,86,2.94059,8.64706
870,87,3.31404,10.9829
870,88,3.39146,11.502
870,89,3.18876,10.1682
870,90,2.75497,7.58987
870,91,2.15986,4.66498
870,92,1.49159,2.22485
870,93,0.846405,0.716402
870,94,0.305782,0.0935028
870,95,-0.0757649,0.00574033
870,96,-0.276359,0.0763744
870,97,-0.30218,0.0913129
870,98,-0.188631,0.0355815
870,99,0,0
880,0,0,0
880,1,0.179477,0.0322122
880,2,0.288837,0.083427
880,3,0.273117,0.0745929
880,4,0.0898407,0.00807136
880,5,-0.277784,0.0771639
880,6,-0.808793,0.654146
880,7,-1.4459,2.09064
880,8,-2.1105,4.45422
880,9,-2.71421,7.36691
880,10,-3.16504,10.0175
880,11,-3.38297,11.4445
880,12,-3.31639,10.9984
880,13,-2.9493,8.69837
880,14,-2.30336,5.30549
880,15,-1.4327,2.05263
880,16,-0.416625,0.173576
880,17,0.645784,0.417036
880,18,1.64946,2.72072
880,19,2.50355,6.26778
880,20,3.13559,9.83191
880,21,3.49539,12.2178
880,22,3.56349,12.6984
880,23,3.35455,11.253
880,24,2.91292,8.48508
880,25,2.29952,5.28778
880,26,1.59022,2.52879
880,27,0.870159,0.757176
880,28,0.212632,0.0452123
880,29,-0.333766,0.1114
880,30,-0.741806,0.550276
880,31,-1.0045,1.00902
880,32,-1.13565,1.2897
880,33,-1.16629,1.36023
880,34,-1.13819,1.29548
880,35,-1.09412,1.1971
880,36,-1.06714,1.13879
880,37,-1.07995,1.16629
880,38,-1.1482,1.31837
880,39,-1.27974,1.63774
880,40,-1.47097,2.16374
880,41,-1.70423,2.90439
880,42,-1.95408,3.81841
880,43,-2.20002,4.84007
880,44,-2.42764,5.89346
880,45,-2.62506,6.89096
880,46,-2.78533,7.75806
880,47,-2.90524,8.44042
880,48,-2.984,8.90424
880,49,-3.0224,9.13489
880,50,-3.0224,9.1349
880,51,-2.984,8.90423
880,52,-2.90524,8.44043
880,53,-2.78533,7.75806
880,54,-2.62507,6.89098
880,55,-2.42765,5.89346
880,56,-2.20002,4.84007
880,57,-1.95408,3.81841
880,58,-1.70423,2.90439
880,59,-1.47097,2.16374
880,60,-1.27974,1.63774
880,61,-1.14821,1.31838
880,62,-1.07995,1.16629
880,63,-1.06714,1.13879
880,64,-1.09412,1.19711
880,65,-1.13819,1.29548
880,66,-1.16629,1.36023
880,67,-1.13565,1.2897
880,68,-1.00449,1.00901
880,69,-0.741805,0.550275
880,70,-0.333764,0.111399
880,71,0.212635,0.0452135
880,72,0.87016,0.757179
880,73,1.59022,2.52879
880,74,2.29952,5.28778
880,75,2.91292,8.48508
880,76,3.35455,11.253
880,77,3.56349,12.6984
880,78,3.49539,12.2178
880,79,3.13559,9.83191
880,80,2.50355,6.26777
880,81,1.64946,2.72072
880,82,0.645782,0.417034
880,83,-0.416627,0.173578
880,84,-1.4327,2.05263
880,85,-2.30336,5.30548
880,86,-2.9493,8.69837
880,87,-3.31639,10.9984
880,88,-3.38297,11.4445
880,89,-3.16505,10.0175
880,90,-2.7142,7.36691
880,91,-2.1105,4.45422
880,92,-1.4459,2.09064
880,93,-0.80879,0.654141
880,94,-0.277784,0.0771639
880,95,0.0898432,0.0080718
880,96,0.273118,0.0745936
880,97,0.28884,0.0834283
880,98,0.179484,0.0322145
880,99,0,0
890,0,0,0
890,1,-0.200367,0.0401471
890,2,-0.327296,0.107123
890,3,-0.315458,0.0995139
890,4,-0.124434,0.0154839
890,5,0.250149,0.0625745
890,6,0.77999,0.608385
890,7,1.40751,1.98108
890,8,2.055,4.22301
890,9,2.64036,6.97152
890,10,3.08202,9.49887
890,11,3.30462,10.9205
890,12,3.25439,10.5911
890,13,2.90925,8.46374
890,14,2.28453,5.21906
890,15,1.43144,2.04901
890,16,0.427952,0.183143
890,17,-0.628626,0.395171
890,18,-1.63374,2.66912
890,19,-2.48993,6.19974
890,20,-3.11719,9.71687
890,21,-3.46607,12.0136
890,22,-3.5204,12.3932
890,23,-3.29767,10.8746
890,24,-2.84548,8.09678
890,25,-2.22999,4.97287
890,26,-1.52731,2.33268
890,27,-0.812926,0.660849
890,28,-0.154582,0.0238956
890,29,0.395591,0.156492
890,30,0.81044,0.656813
890,31,1.08247,1.17175
890,32,1.22145,1.49193
890,33,1.25456,1.57393
890,34,1.22164,1.49241
890,35,1.16576,1.35901
890,36,1.12432,1.26409
890,37,1.12565,1.26709
890,38,1.18548,1.40536
890,39,1.30547,1.70425
890,40,1.47689,2.1812
890,41,1.68518,2.83984
890,42,1.91143,3.65358
890,43,2.1348,4.55736
890,44,2.33901,5.47097
890,45,2.51562,6.32833
890,46,2.65808,7.06538
890,47,2.76122,7.62431
890,48,2.82623,7.98755
890,49,2.85765,8.16616
890,50,2.85765,8.16616
890,51,2.82622,7.98754
890,52,2.76122,7.62432
890,53,2.65808,7.06539
890,54,2.51562,6.32834
890,55,2.33901,5.47096
890,56,2.1348,4.55736
890,57,1.91143,3.65356
890,58,1.68518,2.83984
890,59,1.47689,2.18119
890,60,1.30547,1.70425
890,61,1.18548,1.40535
890,62,1.12565,1.26709
890,63,1.12431,1.26408
890,64,1.16577,1.35901
890,65,1.22164,1.49241
890,66,1.25457,1.57394
890,67,1.22145,1.49194
890,68,1.08247,1.17175
890,69,0.810442,0.656817
890,70,0.395591,0.156493
890,71,-0.15458,0.023895
890,72,-0.812925,0.660847
890,73,-1.52731,2.33268
890,74,-2.22999,4.97286
890,75,-2.84548,8.09678
890,76,-3.29767,10.8746
890,77,-3.5204,12.3932
890,78,-3.46607,12.0136
890,79,-3.11719,9.71688
890,80,-2.48993,6.19975
890,81,-1.63375,2.66912
890,82,-0.628625,0.395169
890,83,0.427952,0.183143
890,84,1.43143,2.04901
890,85,2.28453,5.21906
890,86,2.90925,8.46373
890,87,3.25439,10.5911
890,88,3.30462,10.9205
890,89,3.08202,9.49888
890,90,2.64036,6.97152
890,91,2.055,4.22303
890,92,1.40751,1.98108
890,93,0.779987,0.60838
890,94,0.250149,0.0625746
890,95,-0.124436,0.0154843
890,96,-0.31546,0.0995152
890,97,-0.327297,0.107123
890,98,-0.200366,0.0401466
890,99,0,0
900,0,0,0
900,1,0.180709,0.0326558
900,2,0.293047,0.0858768
900,3,0.279612,0.0781826
900,4,0.101081,0.0102174
900,5,-0.253291,0.0641561
900,6,-0.758037,0.57462
900,7,-1.35838,1.84519
900,8,-1.98085,3.92376
900,9,-2.54112,6.45728
900,10,-2.95623,8.73929
900,11,-3.15551,9.95726
900,12,-3.0907,9.55242
900,13,-2.74601,7.54059
900,14,-2.13946,4.5773
900,15,-1.32286,1.74997
900,16,-0.370898,0.137565
900,17,0.629956,0.396845
900,18,1.58415,2.50955
900,19,2.39928,5.75656
900,20,3.00067,9.00403
900,21,3.33937,11.1514
900,22,3.39805,11.5467
900,23,3.1917,10.1869
900,24,2.76198,7.62851
900,25,2.17164,4.71601
900,26,1.49308,2.2293
900,27,0.79836,0.637378
900,28,0.152122,0.023141
900,29,-0.395069,0.15608
900,30,-0.811327,0.658252
900,31,-1.08749,1.18264
900,32,-1.23489,1.52495
900,33,-1.27804,1.6334
900,34,-1.25236,1.56841
900,35,-1.19659,1.43183
900,36,-1.14643,1.31431
900,37,-1.13174,1.28084
900,38,-1.17314,1.37626
900,39,-1.27803,1.63335
900,40,-1.43586,2.06168
900,41,-1.62761,2.64913
900,42,-1.83644,3.3725
900,43,-2.04594,4.18589
900,44,-2.23779,5.00772
900,45,-2.39588,5.74024
900,46,-2.51537,6.3271
900,47,-2.60227,6.77181
900,48,-2.65892,7.06987
900,49,-2.68536,7.21116
900,50,-2.68536,7.21115
900,51,-2.65892,7.06987
900,52,-2.60227,6.77181
900,53,-2.51537,6.3271
900,54,-2.39588,5.74025
900,55,-2.23779,5.00772
900,56,-2.04595,4.1859
900,57,-1.83644,3.3725
900,58,-1.62762,2.64913
900,59,-1.43586,2.06169
900,60,-1.27803,1.63336
900,61,-1.17314,1.37626
900,62,-1.13174,1.28084
900,63,-1.14643,1.3143
900,64,-1.19659,1.43184
900,65,-1.25236,1.56841
900,66,-1.27804,1.6334
900,67,-1.23489,1.52496
900,68,-1.0875,1.18265
900,69,-0.811328,0.658253
900,70,-0.395072,0.156082
900,71,0.152121,0.0231407
900,72,0.798359,0.637377
900,73,1.49309,2.2293
900,74,2.17164,4.71602
900,75,2.76198,7.62851
900,76,3.1917,10.187
900,77,3.39805,11.5467
900,78,3.33937,11.1514
900,79,3.00067,9.00403
900,80,2.39928,5.75656
900,81,1.58415,2.50954
900,82,0.629956,0.396845
900,83,-0.370902,0.137568
900,84,-1.32286,1.74997
900,85,-2.13946,4.5773
900,86,-2.74602,7.54061
900,87,-3.0907,9.55243
900,88,-3.15551,9.95726
900,89,-2.95623,8.73929
900,90,-2.54112,6.45727
900,91,-1.98085,3.92376
900,92,-1.35838,1.84519
900,93,-0.75804,0.574625
900,94,-0.253291,0.0641562
900,95,0.101081,0.0102174
900,96,0.27961,0.0781817
900,97,0.293049,0.0858777
900,98,0.18071,0.032656
900,99,0,0
910,0,0,0
910,1,-0.185047,0.0342426
910,2,-0.303145,0.0918971
910,3,-0.296367,0.0878336
910,4,-0.127014,0.0161326
910,5,0.213143,0.0454298
910,6,0.701457,0.492042
910,7,1.28555,1.65265
910,8,1.89327,3.58448
910,9,2.44318,5.96915
910,10,2.85182,8.1329
910,11,3.04633,9.28013
910,12,2.97865,8.87237
910,13,2.63479,6.94214
910,14,2.03517,4.14193
910,15,1.22992,1.51271
910,16,0.294334,0.0866326
910,17,-0.678199,0.459953
910,18,-1.58974,2.52726
910,19,-2.35431,5.5428
910,20,-2.90613,8.44558
910,21,-3.20579,10.2771
910,22,-3.24305,10.5174
910,23,-3.03219,9.19417
910,24,-2.61228,6.82401
910,25,-2.04231,4.17105
910,26,-1.38942,1.93049
910,27,-0.723413,0.523326
910,28,-0.106714,0.0113879
910,29,0.413544,0.171018
910,30,0.80744,0.651959
910,31,1.06678,1.13801
910,32,1.20384,1.44923
910,33,1.24636,1.55342
910,34,1.22772,1.50728
910,35,1.18033,1.39317
910,36,1.13739,1.29366
910,37,1.12647,1.26893
910,38,1.16332,1.35332
910,39,1.24946,1.56114
910,40,1.37732,1.897
910,41,1.53977,2.37089
910,42,1.72754,2.9844
910,43,1.92571,3.70836
910,44,2.11583,4.47674
910,45,2.28311,5.21257
910,46,2.41899,5.85149
910,47,2.51959,6.34832
910,48,2.58575,6.6861
910,49,2.6192,6.86021
910,50,2.6192,6.86021
910,51,2.58575,6.6861
910,52,2.51959,6.34831
910,53,2.41898,5.85148
910,54,2.28311,5.21257
910,55,2.11583,4.47673
910,56,1.92571,3.70836
910,57,1.72754,2.98439
910,58,1.53977,2.37088
910,59,1.37732,1.897
910,60,1.24945,1.56113
910,61,1.16332,1.35332
910,62,1.12647,1.26893
910,63,1.13739,1.29366
910,64,1.18033,1.39317
910,65,1.22771,1.50728
910,66,1.24636,1.55342
910,67,1.20384,1.44924
910,68,1.06678,1.13801
910,69,0.807441,0.651962
910,70,0.413546,0.17102
910,71,-0.106712,0.0113875
910,72,-0.723412,0.523325
910,73,-1.38942,1.93048
910,74,-2.04231,4.17105
910,75,-2.61228,6.82401
910,76,-3.03219,9.19418
910,77,-3.24305,10.5174
910,78,-3.2058,10.2771
910,79,-2.90613,8.4456
910,80,-2.35431,5.54279
910,81,-1.58974,2.52726
910,82,-0.678198,0.459953
910,83,0.294335,0.0866334
910,84,1.22992,1.51271
910,85,2.03517,4.14193
910,86,2.6348,6.94215
910,87,2.97865,8.87238
910,88,3.04633,9.28014
910,89,2.85182,8.13289
910,90,2.44319,5.96916
910,91,1.89328,3.58449
910,92,1.28555,1.65265
910,93,0.701457,0.492042
910,94,0.213142,0.0454296
910,95,-0.127013,0.0161324
910,96,-0.296366,0.0878329
910,97,-0.303144,0.0918963
910,98,-0.185047,0.0342425
910,99,0,0
920,0,0,0
920,1,0.173369,0.0300569
920,2,0.277629,0.0770776
920,3,0.259172,0.0671699
920,4,0.0867973,0.00753378
920,5,-0.243141,0.0591176
920,6,-0.708729,0.502297
920,7,-1.26333,1.59599
920,8,-1.83903,3.38202
920,9,-2.35546,5.5482
920,10,-2.7339,7.47422
920,11,-2.90903,8.46247
920,12,-2.83773,8.0527
920,13,-2.50759,6.28803
920,14,-1.93737,3.75341
920,15,-1.17471,1.37994
920,16,-0.289186,0.0836284
920,17,0.635506,0.403868
920,18,1.50735,2.27209
920,19,2.24033,5.01909
920,20,2.76956,7.67045
920,21,3.05625,9.34064
920,22,3.08797,9.53555
920,23,2.88067,8.29828
920,24,2.47451,6.12321
920,25,1.92632,3.71072
920,26,1.30278,1.69723
920,27,0.668554,0.446965
920,28,0.0805126,0.00648228
920,29,-0.416175,0.173202
920,30,-0.794404,0.631077
920,31,-1.04693,1.09606
920,32,-1.18504,1.40431
920,33,-1.23224,1.51841
920,34,-1.21958,1.48737
920,35,-1.18068,1.39402
920,36,-1.14561,1.31243
920,37,-1.13828,1.29567
920,38,-1.17408,1.37847
920,39,-1.25619,1.57801
920,40,-1.37941,1.90278
920,41,-1.53446,2.35456
920,42,-1.70793,2.91704
920,43,-1.88682,3.5601
920,44,-2.05989,4.24314
920,45,-2.21814,4.92016
920,46,-2.35369,5.53987
920,47,-2.46083,6.0557
920,48,-2.53646,6.43363
920,49,-2.57626,6.63714
920,50,-2.57626,6.63713
920,51,-2.53646,6.43361
920,52,-2.46083,6.05569
920,53,-2.35369,5.53988
920,54,-2.21815,4.92017
920,55,-2.05989,4.24314
920,56,-1.88682,3.56011
920,57,-1.70793,2.91703
920,58,-1.53445,2.35455
920,59,-1.37941,1.90278
920,60,-1.25619,1.57801
920,61,-1.17408,1.37847
920,62,-1.13828,1.29567
920,63,-1.14561,1.31243
920,64,-1.18068,1.39401
920,65,-1.21958,1.48737
920,66,-1.23224,1.51841
920,67,-1.18504,1.40431
920,68,-1.04693,1.09606
920,69,-0.794406,0.631082
920,70,-0.416177,0.173203
920,71,0.0805092,0.00648172
920,72,0.668556,0.446967
920,73,1.30278,1.69724
920,74,1.92632,3.71073
920,75,2.47451,6.12321
920,76,2.88067,8.29828
920,77,3.08797,9.53555
920,78,3.05625,9.34064
920,79,2.76956,7.67045
920,80,2.24033,5.01909
920,81,1.50734,2.27209
920,82,0.635505,0.403866
920,83,-0.289186,0.0836283
920,84,-1.17471,1.37994
920,85,-1.93737,3.75341
920,86,-2.50759,6.28803
920,87,-2.83773,8.0527
920,88,-2.90903,8.46247
920,89,-2.7339,7.47422
920,90,-2.35546,5.5482
920,91,-1.83902,3.38201
920,92,-1.26332,1.59598
920,93,-0.708725,0.502291
920,94,-0.24314,0.059117
920,95,0.0867973,0.00753377
920,96,0.259171,0.0671696
920,97,0.277626,0.0770763
920,98,0.17337,0.0300573
920,99,0,0
930,0,0,0
930,1,-0.140225,0.0196632
930,2,-0.216171,0.0467299
930,3,-0.182924,0.0334613
930,4,-0.0136636,0.000186694
930,5,0.299256,0.0895543
930,6,0.738876,0.545938
930,7,1.26109,1.59036
930,8,1.80155,3.24559
930,9,2.28588,5.22524
930,10,2.64191,6.9797
930,11,2.80751,7.88212
930,12,2.7376,7.49444
930,13,2.41664,5.84013
930,14,1.86304,3.47091
930,15,1.1234,1.26202
930,16,0.266155,0.0708385
930,17,-0.624499,0.389999
930,18,-1.46104,2.13465
930,19,-2.16367,4.68147
930,20,-2.66852,7.12098
930,21,-2.93836,8.63397
930,22,-2.96502,8.79136
930,23,-2.76335,7.6361
930,24,-2.36871,5.61077
930,25,-1.83521,3.36801
930,26,-1.22705,1.50565
930,27,-0.609693,0.371726
930,28,-0.0418576,0.00175206
930,29,0.43549,0.189652
930,30,0.799979,0.639966
930,31,1.04481,1.09162
930,32,1.18224,1.39769
930,33,1.23576,1.52711
930,34,1.23346,1.52142
930,35,1.20363,1.44872
930,36,1.17194,1.37345
930,37,1.16256,1.35153
930,38,1.19004,1.41619
930,39,1.26062,1.58917
930,40,1.37381,1.88735
930,41,1.52058,2.31217
930,42,1.68648,2.84422
930,43,1.85486,3.44051
930,44,2.01307,4.05245
930,45,2.15311,4.63586
930,46,2.27007,5.15322
930,47,2.3608,5.57337
930,48,2.42226,5.86736
930,49,2.45269,6.01569
930,50,2.45269,6.01568
930,51,2.42226,5.86736
930,52,2.3608,5.57337
930,53,2.27007,5.15323
930,54,2.15311,4.63588
930,55,2.01307,4.05246
930,56,1.85486,3.44052
930,57,1.68648,2.84423
930,58,1.52059,2.31219
930,59,1.37381,1.88735
930,60,1.26062,1.58918
930,61,1.19004,1.41619
930,62,1.16256,1.35154
930,63,1.17194,1.37345
930,64,1.20363,1.44872
930,65,1.23346,1.52142
930,66,1.23576,1.5271
930,67,1.18224,1.39768
930,68,1.0448,1.09161
930,69,0.799976,0.639961
930,70,0.435489,0.189651
930,71,-0.0418581,0.0017521
930,72,-0.609694,0.371727
930,73,-1.22705,1.50565
930,74,-1.83521,3.368
930,75,-2.36871,5.61077
930,76,-2.76335,7.63611
930,77,-2.96502,8.79136
930,78,-2.93837,8.63399
930,79,-2.66852,7.12099
930,80,-2.16367,4.68149
930,81,-1.46104,2.13465
930,82,-0.624498,0.389997
930,83,0.266157,0.0708393
930,84,1.1234,1.26203
930,85,1.86304,3.47091
930,86,2.41664,5.84013
930,87,2.7376,7.49444
930,88,2.80751,7.88212
930,89,2.64191,6.97969
930,90,2.28588,5.22525
930,91,1.80155,3.24558
930,92,1.26109,1.59036
930,93,0.738875,0.545936
930,94,0.299257,0.0895549
930,95,-0.0136624,0.00018666
930,96,-0.182926,0.0334618
930,97,-0.216171,0.0467301
930,98,-0.140225,0.019663
930,99,0,0
940,0,0,0
940,1,0.124762,0.0155656
940,2,0.195699,0.0382981
940,3,0.162513,0.0264106
940,4,-0.00435149,1.89355e-05
940,5,-0.308881,0.0954074
940,6,-0.733146,0.537503
940,7,-1.23316,1.5207
940,8,-1.74468,3.04392
940,9,-2.19651,4.82466
940,10,-2.52082,6.35452
940,11,-2.66114,7.08164
940,12,-2.57903,6.65139
940,13,-2.2603,5.10895
940,14,-1.7229,2.96839
940,15,-1.01483,1.02988
940,16,-0.203849,0.0415546
940,17,0.63489,0.403085
940,18,1.42403,2.02787
940,19,2.08797,4.3596
940,20,2.56559,6.58225
940,21,2.81653,7.93282
940,22,2.82837,7.99968
940,23,2.61829,6.85545
940,24,2.22286,4.94112
940,25,1.69441,2.87103
940,26,1.09868,1.2071
940,27,0.500902,0.250903
940,28,-0.0484314,0.0023456
940,29,-0.511318,0.261446
940,30,-0.862313,0.743583
940,31,-1.09595,1.20111
940,32,-1.22482,1.50018
940,33,-1.27029,1.61365
940,34,-1.25862,1.58412
940,35,-1.21957,1.48735
940,36,-1.18161,1.3962
940,37,-1.16362,1.35401
940,38,-1.17522,1.38115
940,39,-1.22348,1.4969
940,40,-1.30773,1.71017
940,41,-1.42242,2.02329
940,42,-1.55896,2.43035
940,43,-1.70379,2.90291
940,44,-1.84373,3.39935
940,45,-1.96713,3.86962
940,46,-2.06675,4.27145
940,47,-2.14079,4.58298
940,48,-2.1895,4.79392
940,49,-2.21327,4.89857
940,50,-2.21327,4.89857
940,51,-2.1895,4.79393
940,52,-2.14079,4.58297
940,53,-2.06675,4.27145
940,54,-1.96713,3.8696
940,55,-1.84373,3.39934
940,56,-1.70379,2.9029
940,57,-1.55896,2.43035
940,58,-1.42242,2.02328
940,59,-1.30773,1.71016
940,60,-1.22348,1.49689
940,61,-1.17522,1.38114
940,62,-1.16362,1.35402
940,63,-1.18161,1.3962
940,64,-1.21957,1.48735
940,65,-1.25862,1.58412
940,66,-1.2703,1.61365
940,67,-1.22482,1.50018
940,68,-1.09595,1.20111
940,69,-0.862313,0.743583
940,70,-0.511321,0.261449
940,71,-0.0484346,0.00234591
940,72,0.500902,0.250903
940,73,1.09868,1.2071
940,74,1.69441,2.87104
940,75,2.22287,4.94113
940,76,2.6183,6.85547
940,77,2.82837,7.9997
940,78,2.81653,7.93283
940,79,2.56559,6.58224
940,80,2.08797,4.3596
940,81,1.42403,2.02787
940,82,0.63489,0.403085
940,83,-0.203849,0.0415543
940,84,-1.01483,1.02988
940,85,-1.7229,2.96839
940,86,-2.2603,5.10896
940,87,-2.57903,6.6514
940,88,-2.66114,7.08165
940,89,-2.52082,6.35453
940,90,-2.19651,4.82466
940,91,-1.74468,3.04392
940,92,-1.23316,1.5207
940,93,-0.733147,0.537505
940,94,-0.30888,0.095407
940,95,-0.00435125,1.89334e-05
940,96,0.162513,0.0264105
940,97,0.195699,0.038298
940,98,0.124764,0.0155661
940,99,0,0
950,0,0,0
950,1,-0.109938,0.0120863
950,2,-0.166476,0.0277143
950,3,-0.125091,0.0156478
950,4,0.0410438,0.0016846
950,5,0.337095,0.113633
950,6,0.738579,0.545498
950,7,1.19968,1.43924
950,8,1.6652,2.7729
950,9,2.07082,4.28828
950,10,2.35393,5.54099
950,11,2.46408,6.0717
950,12,2.36724,5.60381
950,13,2.05107,4.20689
950,14,1.5313,2.34488
950,15,0.85141,0.724899
950,16,0.0760106,0.00577761
950,17,-0.721463,0.520509
950,18,-1.46604,2.14926
950,19,-2.08266,4.33749
950,20,-2.51003,6.30026
950,21,-2.71564,7.37472
950,22,-2.6976,7.27703
950,23,-2.47075,6.10462
950,24,-2.06863,4.27924
950,25,-1.54652,2.39173
950,26,-0.962468,0.926344
950,27,-0.372301,0.138608
950,28,0.173615,0.0301422
950,29,0.635947,0.404429
950,30,0.989186,0.97849
950,31,1.22473,1.49997
950,32,1.34798,1.81706
950,33,1.37713,1.89648
950,34,1.33927,1.79364
950,35,1.26661,1.60429
950,36,1.1928,1.42277
950,37,1.14495,1.3109
950,38,1.13808,1.29523
950,39,1.17352,1.37714
950,40,1.24595,1.5524
950,41,1.34624,1.81237
950,42,1.4609,2.13423
950,43,1.57626,2.48458
950,44,1.68047,2.82399
950,45,1.7686,3.12794
950,46,1.84115,3.38983
950,47,1.89702,3.5987
950,48,1.93497,3.74409
950,49,1.954,3.81812
950,50,1.954,3.81811
950,51,1.93496,3.74408
950,52,1.89702,3.5987
950,53,1.84115,3.38983
950,54,1.7686,3.12794
950,55,1.68047,2.82399
950,56,1.57626,2.48458
950,57,1.4609,2.13423
950,58,1.34624,1.81236
950,59,1.24595,1.5524
950,60,1.17352,1.37714
950,61,1.13808,1.29523
950,62,1.14494,1.3109
950,63,1.1928,1.42276
950,64,1.26661,1.6043
950,65,1.33927,1.79364
950,66,1.37713,1.89647
950,67,1.34798,1.81706
950,68,1.22473,1.49997
950,69,0.989186,0.978488
950,70,0.635948,0.40443
950,71,0.173617,0.0301428
950,72,-0.3723,0.138608
950,73,-0.962467,0.926344
950,74,-1.54652,2.39173
950,75,-2.06863,4.27923
950,76,-2.47075,6.10461
950,77,-2.6976,7.27703
950,78,-2.71564,7.37471
950,79,-2.51003,6.30027
950,80,-2.08266,4.33748
950,81,-1.46603,2.14926
950,82,-0.721462,0.520507
950,83,0.0760116,0.00577776
950,84,0.85141,0.724899
950,85,1.5313,2.34489
950,86,2.05107,4.2069
950,87,2.36724,5.60382
950,88,2.46408,6.0717
950,89,2.35393,5.54099
950,90,2.07082,4.28828
950,91,1.6652,2.77291
950,92,1.19968,1.43924
950,93,0.738576,0.545494
950,94,0.337095,0.113633
950,95,0.0410454,0.00168472
950,96,-0.125093,0.0156481
950,97,-0.166478,0.0277149
950,98,-0.109938,0.0120863
950,99,0,0
960,0,0,0
960,1,0.0772694,0.00597056
960,2,0.108092,0.0116838
960,3,0.0540097,0.00291705
960,4,-0.107288,0.0115107
960,5,-0.376731,0.141926
960,6,-0.736944,0.543086
960,7,-1.15409,1.33192
960,8,-1.57368,2.47648
960,9,-1.93283,3.73582
960,10,-2.17427,4.72747
960,11,-2.25005,5.06271
960,12,-2.13116,4.54184
960,13,-1.81291,3.28665
960,14,-1.31388,1.72627
960,15,-0.676123,0.457143
960,16,0.0433245,0.00187701
960,17,0.779395,0.607456
960,18,1.46033,2.13257
960,19,2.01983,4.0797
960,20,2.40984,5.80731
960,21,2.59976,6.75877
960,22,2.57707,6.64131
960,23,2.35221,5.5329
960,24,1.95568,3.82468
960,25,1.43487,2.05885
960,26,0.848974,0.720756
960,27,0.259084,0.0671247
960,28,-0.282293,0.0796894
960,29,-0.735239,0.540576
960,30,-1.07562,1.15696
960,31,-1.29723,1.68281
960,32,-1.40959,1.98693
960,33,-1.43361,2.05524
960,34,-1.39533,1.94695
960,35,-1.32262,1.74933
960,36,-1.24435,1.5484
960,37,-1.18704,1.40907
960,38,-1.16545,1.35828
960,39,-1.18261,1.39855
960,40,-1.23638,1.52864
960,41,-1.32069,1.74421
960,42,-1.42342,2.02613
960,43,-1.52888,2.33747
960,44,-1.62504,2.64077
960,45,-1.70522,2.90778
960,46,-1.76502,3.1153
960,47,-1.80406,3.25463
960,48,-1.8264,3.33574
960,49,-1.83584,3.3703
960,50,-1.83584,3.37031
960,51,-1.8264,3.33574
960,52,-1.80406,3.25463
960,53,-1.76502,3.1153
960,54,-1.70522,2.90778
960,55,-1.62505,2.64077
960,56,-1.52888,2.33746
960,57,-1.42342,2.02614
960,58,-1.32068,1.74421
960,59,-1.23638,1.52864
960,60,-1.1826,1.39855
960,61,-1.16545,1.35828
960,62,-1.18704,1.40907
960,63,-1.24435,1.5484
960,64,-1.32262,1.74932
960,65,-1.39533,1.94695
960,66,-1.43361,2.05524
960,67,-1.40959,1.98694
960,68,-1.29723,1.68281
960,69,-1.07562,1.15697
960,70,-0.735244,0.540584
960,71,-0.282296,0.0796911
960,72,0.259083,0.0671239
960,73,0.848974,0.720757
960,74,1.43487,2.05886
960,75,1.95568,3.82468
960,76,2.35221,5.5329
960,77,2.57707,6.64131
960,78,2.59976,6.75877
960,79,2.40984,5.80731
960,80,2.01983,4.0797
960,81,1.46033,2.13256
960,82,0.779396,0.607458
960,83,0.0433234,0.00187691
960,84,-0.676121,0.45714
960,85,-1.31388,1.72628
960,86,-1.81291,3.28664
960,87,-2.13116,4.54184
960,88,-2.25005,5.06271
960,89,-2.17427,4.72747
960,90,-1.93283,3.73581
960,91,-1.57368,2.47647
960,92,-1.15409,1.33192
960,93,-0.736944,0.543086
960,94,-0.376731,0.141926
960,95,-0.107287,0.0115105
960,96,0.0540082,0.00291688
960,97,0.108095,0.0116846
960,98,0.0772708,0.00597078
960,99,0,0
970,0,0,0
970,1,-0.0710686,0.00505075
970,2,-0.0978301,0.00957073
970,3,-0.0477419,0.00227929
970,4,0.0961013,0.00923546
970,5,0.33581,0.112768
970,6,0.657303,0.432047
970,7,1.02699,1.05471
970,8,1.39769,1.95355
970,9,1.71528,2.94217
970,10,1.92568,3.70825
970,11,1.98785,3.95156
970,12,1.8756,3.51786
970,13,1.57999,2.49637
970,14,1.11773,1.24931
970,15,0.524926,0.275547
970,16,-0.147874,0.0218666
970,17,-0.835589,0.69821
970,18,-1.47068,2.16289
970,19,-1.98978,3.95924
970,20,-2.34136,5.48197
970,21,-2.49832,6.24161
970,22,-2.45444,6.02429
970,23,-2.22169,4.9359
970,24,-1.83089,3.35216
970,25,-1.32773,1.76288
970,26,-0.766146,0.58698
970,27,-0.199892,0.0399569
970,28,0.322728,0.104153
970,29,0.763409,0.582793
970,30,1.09727,1.204
970,31,1.31571,1.7311
970,32,1.42651,2.03493
970,33,1.44889,2.09929
970,34,1.40807,1.98266
970,35,1.33324,1.77753
970,36,1.25325,1.57063
970,37,1.18941,1.4147
970,38,1.15615,1.33667
970,39,1.16015,1.34595
970,40,1.19848,1.43636
970,41,1.26418,1.59815
970,42,1.3482,1.81764
970,43,1.439,2.07071
970,44,1.52794,2.3346
970,45,1.60926,2.58973
970,46,1.67757,2.81425
970,47,1.72725,2.9834
970,48,1.75582,3.0829
970,49,1.76766,3.12463
970,50,1.76766,3.12462
970,51,1.75582,3.0829
970,52,1.72725,2.98339
970,53,1.67758,2.81426
970,54,1.60926,2.58972
970,55,1.52794,2.3346
970,56,1.439,2.07071
970,57,1.3482,1.81765
970,58,1.26418,1.59815
970,59,1.19848,1.43636
970,60,1.16015,1.34595
970,61,1.15615,1.33668
970,62,1.18942,1.41471
970,63,1.25325,1.57063
970,64,1.33324,1.77753
970,65,1.40807,1.98266
970,66,1.44889,2.09928
970,67,1.42651,2.03493
970,68,1.31571,1.7311
970,69,1.09727,1.204
970,70,0.763408,0.582792
970,71,0.322727,0.104152
970,72,-0.199896,0.0399584
970,73,-0.766146,0.586979
970,74,-1.32773,1.76288
970,75,-1.83089,3.35215
970,76,-2.22168,4.93588
970,77,-2.45444,6.02429
970,78,-2.49832,6.2416
970,79,-2.34136,5.48197
970,80,-1.98978,3.95924
970,81,-1.47068,2.1629
970,82,-0.835592,0.698215
970,83,-0.147874,0.0218668
970,84,0.524922,0.275543
970,85,1.11773,1.24931
970,86,1.57999,2.49636
970,87,1.8756,3.51787
970,88,1.98785,3.95156
970,89,1.92568,3.70824
970,90,1.71528,2.94218
970,91,1.3977,1.95356
970,92,1.02699,1.05471
970,93,0.657303,0.432048
970,94,0.335809,0.112768
970,95,0.0960992,0.00923506
970,96,-0.0477388,0.00227899
970,97,-0.097831,0.00957091
970,98,-0.071066,0.00505037
970,99,0,0
980,0,0,0
980,1,0.06281,0.00394509
980,2,0.0895784,0.00802428
980,3,0.0485886,0.00236085
980,4,-0.0800245,0.00640391
980,5,-0.29965,0.0897904
980,6,-0.594859,0.353857
980,7,-0.931512,0.867714
980,8,-1.26455,1.59908
980,9,-1.54514,2.38746
980,10,-1.726,2.97907
980,11,-1.76626,3.11966
980,12,-1.64075,2.69207
980,13,-1.34795,1.81698
980,14,-0.905111,0.819227
980,15,-0.346546,0.120094
980,16,0.276732,0.0765803
980,17,0.906817,0.822316
980,18,1.48087,2.19296
980,19,1.94013,3.76411
980,20,2.24168,5.02513
980,21,2.36003,5.56976
980,22,2.29157,5.25128
980,23,2.05196,4.21054
980,24,1.67058,2.79082
980,25,1.18885,1.41337
980,26,0.655747,0.430005
980,27,0.1202,0.0144481
980,28,-0.373909,0.139808
980,29,-0.791139,0.625901
980,30,-1.10823,1.22817
980,31,-1.31819,1.73762
980,32,-1.42762,2.03809
980,33,-1.45291,2.11094
980,34,-1.4155,2.00364
980,35,-1.3383,1.79104
980,36,-1.24622,1.55306
980,37,-1.16256,1.35155
980,38,-1.10394,1.21869
980,39,-1.07966,1.16567
980,40,-1.09368,1.19613
980,41,-1.14123,1.3024
980,42,-1.21192,1.46876
980,43,-1.29779,1.68425
980,44,-1.39018,1.9326
980,45,-1.47845,2.18582
980,46,-1.55561,2.41991
980,47,-1.61707,2.61491
980,48,-1.6592,2.75294
980,49,-1.68049,2.82405
980,50,-1.68049,2.82405
980,51,-1.6592,2.75294
980,52,-1.61707,2.61491
980,53,-1.55561,2.41991
980,54,-1.47845,2.18582
980,55,-1.39018,1.93261
980,56,-1.29779,1.68425
980,57,-1.21193,1.46877
980,58,-1.14123,1.3024
980,59,-1.09367,1.19612
980,60,-1.07966,1.16567
980,61,-1.10394,1.21869
980,62,-1.16257,1.35156
980,63,-1.24622,1.55306
980,64,-1.3383,1.79104
980,65,-1.4155,2.00364
980,66,-1.45291,2.11094
980,67,-1.42761,2.03808
980,68,-1.31819,1.73762
980,69,-1.10822,1.22816
980,70,-0.791137,0.625897
980,71,-0.373908,0.139807
980,72,0.120202,0.0144485
980,73,0.655748,0.430005
980,74,1.18886,1.41338
980,75,1.67057,2.79082
980,76,2.05196,4.21053
980,77,2.29156,5.25126
980,78,2.36003,5.56975
980,79,2.24168,5.02513
980,80,1.94013,3.76411
980,81,1.48087,2.19297
980,82,0.906814,0.822312
980,83,0.27673,0.0765795
980,84,-0.346546,0.120094
980,85,-0.905112,0.819227
980,86,-1.34795,1.81698
980,87,-1.64075,2.69207
980,88,-1.76626,3.11966
980,89,-1.726,2.97906
980,90,-1.54514,2.38745
980,91,-1.26455,1.59908
980,92,-0.931513,0.867716
980,93,-0.594862,0.35386
980,94,-0.299651,0.0897908
980,95,-0.0800237,0.00640379
980,96,0.0485896,0.00236094
980,97,0.0895777,0.00802417
980,98,0.062811,0.00394522
980,99,0,0
990,0,0,0
990,1,-0.0506497,0.00256539
990,2,-0.0698153,0.00487417
990,3,-0.0272886,0.000744666
990,4,0.0983038,0.00966363
990,5,0.307789,0.0947339
990,6,0.580683,0.337193
990,7,0.8858,0.784642
990,8,1.182,1.39711
990,9,1.4223,2.02294
990,10,1.5654,2.45048
990,11,1.57941,2.49453
990,12,1.44515,2.08845
990,13,1.15964,1.34478
990,14,0.739169,0.54637
990,15,0.22004,0.0484176
990,16,-0.349122,0.121886
990,17,-0.916211,0.839442
990,18,-1.42807,2.0394
990,19,-1.83514,3.36774
990,20,-2.09716,4.39808
990,21,-2.1903,4.79742
990,22,-2.11204,4.4607
990,23,-1.87544,3.51727
990,24,-1.5076,2.27286
990,25,-1.0488,1.09998
990,26,-0.544531,0.296514
990,27,-0.0386571,0.00149437
990,28,0.430534,0.18536
990,29,0.831101,0.690729
990,30,1.13978,1.29909
990,31,1.34786,1.81673
990,32,1.45946,2.13002
990,33,1.48583,2.20768
990,34,1.4444,2.08629
990,35,1.35856,1.84568
990,36,1.25327,1.57068
990,37,1.15014,1.32282
990,38,1.06613,1.13662
990,39,1.01163,1.02339
990,40,0.991535,0.983142
990,41,1.00828,1.01662
990,42,1.06219,1.12825
990,43,1.14435,1.30954
990,44,1.23991,1.53738
990,45,1.33922,1.7935
990,46,1.43334,2.05446
990,47,1.51242,2.2874
990,48,1.56822,2.45933
990,49,1.59594,2.54701
990,50,1.59594,2.54701
990,51,1.56822,2.45932
990,52,1.51242,2.2874
990,53,1.43334,2.05446
990,54,1.33922,1.7935
990,55,1.23991,1.53737
990,56,1.14435,1.30954
990,57,1.06219,1.12825
990,58,1.00828,1.01662
990,59,0.991534,0.983139
990,60,1.01163,1.02339
990,61,1.06613,1.13663
990,62,1.15014,1.32282
990,63,1.25327,1.57069
990,64,1.35856,1.84568
990,65,1.4444,2.08629
990,66,1.48582,2.20767
990,67,1.45946,2.13002
990,68,1.34786,1.81673
990,69,1.13978,1.29909
990,70,0.831101,0.690729
990,71,0.430532,0.185358
990,72,-0.0386566,0.00149434
990,73,-0.544531,0.296514
990,74,-1.0488,1.09998
990,75,-1.5076,2.27285
990,76,-1.87544,3.51728
990,77,-2.11204,4.4607
990,78,-2.1903,4.79742
990,79,-2.09716,4.39808
990,80,-1.83514,3.36773
990,81,-1.42807,2.03939
990,82,-0.916206,0.839433
990,83,-0.349121,0.121886
990,84,0.220042,0.0484183
990,85,0.739169,0.54637
990,86,1.15964,1.34477
990,87,1.44515,2.08846
990,88,1.57941,2.49454
990,89,1.5654,2.45048
990,90,1.4223,2.02294
990,91,1.182,1.39712
990,92,0.885801,0.784644
990,93,0.580683,0.337192
990,94,0.307788,0.0947335
990,95,0.0983052,0.00966391
990,96,-0.0272873,0.000744597
990,97,-0.0698159,0.00487426
990,98,-0.0506501,0.00256544
990,99,0,0
1000,0,0,0
1000,1,0.0324372,0.00105217
1000,2,0.0355597,0.0012645
1000,3,-0.0157308,0.000247459
1000,4,-0.137473,0.0188989
1000,5,-0.331209,0.109699
1000,6,-0.580882,0.337424
1000,7,-0.854129,0.729537
1000,8,-1.11395,1.24089
1000,9,-1.32396,1.75286
1000,10,-1.44492,2.08778
1000,11,-1.44409,2.08539
1000,12,-1.3028,1.69728
1000,13,-1.01881,1.03798
1000,14,-0.611912,0.374437
1000,15,-0.117489,0.0138036
1000,16,0.416867,0.173778
1000,17,0.936891,0.877765
1000,18,1.39309,1.94069
1000,19,1.74345,3.03962
1000,20,1.95706,3.83009
1000,21,2.01807,4.07261
1000,22,1.92249,3.69595
1000,23,1.67993,2.82215
1000,24,1.3174,1.73555
1000,25,0.871728,0.759909
1000,26,0.3854,0.148533
1000,27,-0.0981499,0.00963341
1000,28,-0.541461,0.29318
1000,29,-0.916053,0.839154
1000,30,-1.2034,1.44818
1000,31,-1.39566,1.94787
1000,32,-1.49616,2.23851
1000,33,-1.51754,2.30293
1000,34,-1.47603,2.17867
1000,35,-1.38866,1.92838
1000,36,-1.27694,1.63058
1000,37,-1.16485,1.35688
1000,38,-1.06816,1.14097
1000,39,-0.99353,0.987101
1000,40,-0.947915,0.898542
1000,41,-0.937099,0.878155
1000,42,-0.958997,0.919676
1000,43,-1.00793,1.01592
1000,44,-1.0789,1.16402
1000,45,-1.16253,1.35147
1000,46,-1.2465,1.55377
1000,47,-1.3206,1.74397
1000,48,-1.37679,1.89555
1000,49,-1.40803,1.98256
1000,50,-1.40804,1.98257
1000,51,-1.37679,1.89556
1000,52,-1.3206,1.74397
1000,53,-1.2465,1.55377
1000,54,-1.16252,1.35146
1000,55,-1.0789,1.16402
1000,56,-1.00793,1.01592
1000,57,-0.958996,0.919674
1000,58,-0.937097,0.878152
1000,59,-0.947914,0.898541
1000,60,-0.993533,0.987108
1000,61,-1.06816,1.14097
1000,62,-1.16485,1.35689
1000,63,-1.27694,1.63059
1000,64,-1.38866,1.92839
1000,65,-1.47603,2.17868
1000,66,-1.51754,2.30293
1000,67,-1.49616,2.2385
1000,68,-1.39566,1.94786
1000,69,-1.2034,1.44817
1000,70,-0.916051,0.83915
1000,71,-0.541457,0.293176
1000,72,-0.0981484,0.00963311
1000,73,0.385401,0.148534
1000,74,0.871729,0.759911
1000,75,1.3174,1.73555
1000,76,1.67993,2.82216
1000,77,1.92249,3.69596
1000,78,2.01807,4.07261
1000,79,1.95706,3.8301
1000,80,1.74345,3.03963
1000,81,1.39309,1.9407
1000,82,0.936893,0.877769
1000,83,0.416866,0.173777
1000,84,-0.117487,0.0138032
1000,85,-0.611911,0.374435
1000,86,-1.01881,1.03798
1000,87,-1.3028,1.69728
1000,88,-1.44408,2.08538
1000,89,-1.44492,2.08778
1000,90,-1.32396,1.75286
1000,91,-1.11395,1.24088
1000,92,-0.854129,0.729536
1000,93,-0.58088,0.337421
1000,94,-0.331208,0.109699
1000,95,-0.137471,0.0188984
1000,96,-0.015732,0.000247497
1000,97,0.0355603,0.00126454
1000,98,0.0324377,0.0010522
1000,99,0,0
1010,0,0,0
1010,1,-0.0178665,0.000319213
1010,2,-0.00817152,6.67737e-05
1010,3,0.0491789,0.00241857
1010,4,0.165417,0.0273629
1010,5,0.340718,0.116089
1010,6,0.56417,0.318288
1010,7,0.810043,0.65617
1010,8,1.04125,1.08421
1010,9,1.21945,1.48705
1010,10,1.31054,1.71751
1010,11,1.28755,1.65779
1010,12,1.13705,1.29289
1010,13,0.862789,0.744405
1010,14,0.483728,0.233993
1010,15,0.0302549,0.000915357
1010,16,-0.458584,0.210299
1010,17,-0.937099,0.878155
1010,18,-1.35454,1.83478
1010,19,-1.66778,2.7815
1010,20,-1.84987,3.42202
1010,21,-1.88354,3.54773
1010,22,-1.76549,3.11695
1010,23,-1.51105,2.28327
1010,24,-1.14946,1.32126
1010,25,-0.718129,0.51571
1010,26,-0.25521,0.065132
1010,27,0.204717,0.0419089
1010,28,0.629137,0.395814
1010,29,0.989688,0.979483
1010,30,1.26704,1.6054
1010,31,1.4521,2.1086
1010,32,1.5458,2.38948
1010,33,1.55819,2.42796
1010,34,1.50416,2.26249
1010,35,1.40189,1.96531
1010,36,1.27127,1.61613
1010,37,1.13143,1.28013
1010,38,1.0021,1.0042
1010,39,0.897738,0.805934
1010,40,0.824135,0.679198
1010,41,0.785655,0.617253
1010,42,0.786383,0.618398
1010,43,0.824316,0.679497
1010,44,0.89082,0.793561
1010,45,0.972764,0.946271
1010,46,1.0582,1.1198
1010,47,1.13562,1.28964
1010,48,1.19336,1.42411
1010,49,1.22451,1.49942
1010,50,1.22451,1.49942
1010,51,1.19336,1.42411
1010,52,1.13562,1.28964
1010,53,1.0582,1.11979
1010,54,0.972764,0.94627
1010,55,0.89082,0.793561
1010,56,0.824317,0.679498
1010,57,0.786378,0.618391
1010,58,0.785654,0.617252
1010,59,0.824135,0.679199
1010,60,0.897739,0.805936
1010,61,1.0021,1.0042
1010,62,1.13143,1.28014
1010,63,1.27127,1.61613
1010,64,1.4019,1.96531
1010,65,1.50416,2.26249
1010,66,1.55819,2.42797
1010,67,1.5458,2.38949
1010,68,1.4521,2.10859
1010,69,1.26704,1.6054
1010,70,0.98969,0.979486
1010,71,0.629139,0.395815
1010,72,0.204716,0.0419088
1010,73,-0.255213,0.0651336
1010,74,-0.718129,0.515709
1010,75,-1.14946,1.32126
1010,76,-1.51105,2.28328
1010,77,-1.76549,3.11695
1010,78,-1.88354,3.54774
1010,79,-1.84987,3.42203
1010,80,-1.66778,2.7815
1010,81,-1.35454,1.83479
1010,82,-0.9371,0.878156
1010,83,-0.458584,0.210299
1010,84,0.030255,0.000915365
1010,85,0.483726,0.23399
1010,86,0.862789,0.744405
1010,87,1.13705,1.29288
1010,88,1.28755,1.65778
1010,89,1.31054,1.71751
1010,90,1.21945,1.48705
1010,91,1.04125,1.08421
1010,92,0.810046,0.656175
1010,93,0.564173,0.318291
1010,94,0.340717,0.116088
1010,95,0.165419,0.0273634
1010,96,0.0491811,0.00241878
1010,97,-0.00817081,6.67622e-05
1010,98,-0.0178681,0.000319268
1010,99,0,0
1020,0,0,0
1020,1,0.00379009,1.43648e-05
1020,2,-0.0165622,0.000274306
1020,3,-0.0780902,0.00609808
1020,4,-0.189457,0.0358941
1020,5,-0.347718,0.120908
1020,6,-0.538435,0.289913
1020,7,-0.739713,0.547175
1020,8,-0.92505,0.855717
1020,9,-1.06312,1.13023
1020,10,-1.12574,1.2673
1020,11,-1.09068,1.18957
1020,12,-0.944612,0.892291
1020,13,-0.690437,0.476704
1020,14,-0.344109,0.118411
1020,15,0.0679855,0.00462203
1020,16,0.507757,0.257817
1020,17,0.930205,0.865282
1020,18,1.29298,1.67179
1020,19,1.56075,2.43596
1020,20,1.70737,2.91513
1020,21,1.7202,2.95909
1020,22,1.59981,2.55938
1020,23,1.35644,1.83994
1020,24,1.0127,1.02556
1020,25,0.600337,0.360405
1020,26,0.154004,0.0237174
1020,27,-0.289374,0.0837371
1020,28,-0.697009,0.485822
1020,29,-1.04327,1.08842
1020,30,-1.30842,1.71197
1020,31,-1.4837,2.20136
1020,32,-1.56995,2.46476
1020,33,-1.57388,2.47711
1020,34,-1.50755,2.27271
1020,35,-1.38725,1.92447
1020,36,-1.23298,1.52023
1020,37,-1.06812,1.14089
1020,38,-0.912835,0.833268
1020,39,-0.780923,0.609841
1020,40,-0.684809,0.468964
1020,41,-0.631517,0.398814
1020,42,-0.621316,0.386034
1020,43,-0.649822,0.422268
1020,44,-0.707741,0.500898
1020,45,-0.783458,0.613806
1020,46,-0.86428,0.74698
1020,47,-0.938743,0.881238
1020,48,-0.996457,0.992927
1020,49,-1.02761,1.05598
1020,50,-1.02761,1.05598
1020,51,-0.996456,0.992924
1020,52,-0.938743,0.881239
1020,53,-0.864279,0.746979
1020,54,-0.783459,0.613807
1020,55,-0.707738,0.500893
1020,56,-0.649825,0.422272
1020,57,-0.621315,0.386032
1020,58,-0.631517,0.398814
1020,59,-0.684809,0.468963
1020,60,-0.780923,0.609841
1020,61,-0.912833,0.833264
1020,62,-1.06812,1.14088
1020,63,-1.23298,1.52024
1020,64,-1.38725,1.92447
1020,65,-1.50755,2.27272
1020,66,-1.57388,2.4771
1020,67,-1.56996,2.46476
1020,68,-1.4837,2.20136
1020,69,-1.30842,1.71197
1020,70,-1.04327,1.08841
1020,71,-0.69701,0.485822
1020,72,-0.289373,0.0837367
1020,73,0.154005,0.0237176
1020,74,0.600335,0.360402
1020,75,1.0127,1.02556
1020,76,1.35644,1.83993
1020,77,1.59981,2.55938
1020,78,1.7202,2.9591
1020,79,1.70737,2.91512
1020,80,1.56075,2.43595
1020,81,1.29298,1.6718
1020,82,0.930205,0.865281
1020,83,0.507756,0.257816
1020,84,0.0679868,0.0046222
1020,85,-0.344108,0.11841
1020,86,-0.690438,0.476705
1020,87,-0.944613,0.892294
1020,88,-1.09068,1.18958
1020,89,-1.12575,1.2673
1020,90,-1.06312,1.13023
1020,91,-0.925049,0.855716
1020,92,-0.739713,0.547175
1020,93,-0.538436,0.289913
1020,94,-0.347719,0.120909
1020,95,-0.189459,0.0358948
1020,96,-0.0780913,0.00609826
1020,97,-0.0165619,0.000274298
1020,98,0.00378603,1.43341e-05
1020,99,0,0
1030,0,0,0
1030,1,-0.000239819,5.75132e-08
1030,2,0.0149188,0.000222572
1030,3,0.0619066,0.00383243
1030,4,0.150575,0.0226729
1030,5,0.280643,0.0787606
1030,6,0.441734,0.195129
1030,7,0.613605,0.376512
1030,8,0.770731,0.594026
1030,9,0.884519,0.782373
1030,10,0.92774,0.860701
1030,11,0.880995,0.776152
1030,12,0.736852,0.542951
1030,13,0.499573,0.249573
1030,14,0.18546,0.0343955
1030,15,-0.178823,0.0319776
1030,16,-0.560102,0.313714
1030,17,-0.921047,0.848327
1030,18,-1.22529,1.50133
1030,19,-1.44209,2.07963
1030,20,-1.54977,2.40179
1030,21,-1.53615,2.35975
1030,22,-1.40029,1.96082
1030,23,-1.1536,1.3308
1030,24,-0.815838,0.665592
1030,25,-0.415564,0.172693
1030,26,0.0119677,0.000143225
1030,27,0.43292,0.18742
1030,28,0.817584,0.668444
1030,29,1.14071,1.30121
1030,30,1.38376,1.91481
1030,31,1.5365,2.36083
1030,32,1.59753,2.5521
1030,33,1.57438,2.47868
1030,34,1.48085,2.19291
1030,35,1.33557,1.78375
1030,36,1.16006,1.34573
1030,37,0.975574,0.951745
1030,38,0.802419,0.643876
1030,39,0.656904,0.431523
1030,40,0.549033,0.301437
1030,41,0.483993,0.234249
1030,42,0.463738,0.215053
1030,43,0.483843,0.234104
1030,44,0.532566,0.283627
1030,45,0.597841,0.357414
1030,46,0.669478,0.448201
1030,47,0.737676,0.544165
1030,48,0.792328,0.627783
1030,49,0.822922,0.677201
1030,50,0.82292,0.677197
1030,51,0.792331,0.627788
1030,52,0.737674,0.544163
1030,53,0.66948,0.448204
1030,54,0.597839,0.357411
1030,55,0.532568,0.283629
1030,56,0.483841,0.234102
1030,57,0.463738,0.215053
1030,58,0.48399,0.234246
1030,59,0.549036,0.30144
1030,60,0.656904,0.431523
1030,61,0.802419,0.643876
1030,62,0.975572,0.951741
1030,63,1.16006,1.34573
1030,64,1.33557,1.78375
1030,65,1.48085,2.19291
1030,66,1.57438,2.47868
1030,67,1.59753,2.5521
1030,68,1.5365,2.36084
1030,69,1.38377,1.91481
1030,70,1.14071,1.30121
1030,71,0.817583,0.668441
1030,72,0.432923,0.187423
1030,73,0.0119687,0.00014325
1030,74,-0.415561,0.172691
1030,75,-0.815838,0.665591
1030,76,-1.1536,1.3308
1030,77,-1.40029,1.96082
1030,78,-1.53615,2.35975
1030,79,-1.54977,2.40179
1030,80,-1.44209,2.07962
1030,81,-1.22529,1.50133
1030,82,-0.921048,0.848329
1030,83,-0.560102,0.313714
1030,84,-0.178824,0.0319781
1030,85,0.185459,0.0343952
1030,86,0.499573,0.249573
1030,87,0.736851,0.542949
1030,88,0.880996,0.776154
1030,89,0.927742,0.860705
1030,90,0.884518,0.782372
1030,91,0.770728,0.594022
1030,92,0.613607,0.376513
1030,93,0.441735,0.19513
1030,94,0.280645,0.0787619
1030,95,0.150576,0.0226731
1030,96,0.0619086,0.00383268
1030,97,0.0149192,0.000222583
1030,98,-0.000240067,5.76323e-08
1030,99,0,0
1040,0,0,0
1040,1,0.00829697,6.88398e-05
1040,2,0.000704367,4.96133e-07
1040,3,-0.0356933,0.00127401
1040,4,-0.108599,0.0117938
1040,5,-0.218038,0.0475406
1040,6,-0.352665,0.124373
1040,7,-0.491678,0.241748
1040,8,-0.611737,0.374222
1040,9,-0.69159,0.478296
1040,10,-0.712852,0.508158
1040,11,-0.661885,0.438092
1040,12,-0.532983,0.284071
1040,13,-0.327328,0.107144
1040,14,-0.0575621,0.00331339
1040,15,0.25322,0.0641205
1040,16,0.57614,0.331937
1040,17,0.878179,0.771199
1040,18,1.12755,1.27136
1040,19,1.29529,1.67778
1040,20,1.36211,1.85535
1040,21,1.32028,1.74314
1040,22,1.17051,1.37009
1040,23,0.923384,0.852638
1040,24,0.59839,0.35807
1040,25,0.220829,0.0487654
1040,26,-0.18045,0.0325624
1040,27,-0.573515,0.32892
1040,28,-0.928676,0.862439
1040,29,-1.22372,1.49749
1040,30,-1.44219,2.07992
1040,31,-1.57291,2.47403
1040,32,-1.61375,2.60418
1040,33,-1.57265,2.47322
1040,34,-1.46432,2.14423
1040,35,-1.30513,1.70336
1040,36,-1.11406,1.24113
1040,37,-0.912498,0.832653
1040,38,-0.720973,0.519801
1040,39,-0.556278,0.309445
1040,40,-0.429608,0.184563
1040,41,-0.348619,0.121535
1040,42,-0.316033,0.0998772
1040,43,-0.327546,0.107286
1040,44,-0.373621,0.139592
1040,45,-0.44075,0.194261
1040,46,-0.516002,0.266258
1040,47,-0.587494,0.345149
1040,48,-0.64267,0.413025
1040,49,-0.672903,0.452798
1040,50,-0.672899,0.452793
1040,51,-0.64267,0.413025
1040,52,-0.587493,0.345148
1040,53,-0.516003,0.26626
1040,54,-0.440749,0.19426
1040,55,-0.373624,0.139595
1040,56,-0.327545,0.107286
1040,57,-0.316036,0.0998789
1040,58,-0.348618,0.121535
1040,59,-0.42961,0.184565
1040,60,-0.556277,0.309444
1040,61,-0.720974,0.519803
1040,62,-0.912497,0.83265
1040,63,-1.11406,1.24112
1040,64,-1.30513,1.70336
1040,65,-1.46432,2.14424
1040,66,-1.57265,2.47323
1040,67,-1.61375,2.60418
1040,68,-1.57291,2.47404
1040,69,-1.44219,2.07992
1040,70,-1.22372,1.49749
1040,71,-0.928676,0.862439
1040,72,-0.573516,0.32892
1040,73,-0.180454,0.0325636
1040,74,0.220828,0.0487651
1040,75,0.59839,0.358071
1040,76,0.923382,0.852634
1040,77,1.17051,1.37009
1040,78,1.32028,1.74314
1040,79,1.36211,1.85535
1040,80,1.29529,1.67778
1040,81,1.12755,1.27136
1040,82,0.878179,0.771199
1040,83,0.57614,0.331937
1040,84,0.253221,0.064121
1040,85,-0.0575635,0.00331355
1040,86,-0.327326,0.107142
1040,87,-0.532981,0.284069
1040,88,-0.661885,0.438092
1040,89,-0.712854,0.50816
1040,90,-0.691588,0.478294
1040,91,-0.611734,0.374219
1040,92,-0.491678,0.241748
1040,93,-0.352663,0.124371
1040,94,-0.218038,0.0475406
1040,95,-0.108599,0.0117937
1040,96,-0.035693,0.00127399
1040,97,0.000704934,4.96932e-07
1040,98,0.00829646,6.88313e-05
1040,99,0,0
1050,0,0,0
1050,1,0.00262271,6.87859e-06
1050,2,0.0175489,0.000307964
1050,3,0.0535624,0.00286893
1050,4,0.11524,0.0132803
1050,5,0.200223,0.0400892
1050,6,0.299145,0.0894876
1050,7,0.398534,0.158829
1050,8,0.480313,0.2307
1050,9,0.527416,0.278168
1050,10,0.526281,0.276972
1050,11,0.465682,0.21686
1050,12,0.34098,0.116267
1050,13,0.15634,0.0244421
1050,14,-0.0748805,0.00560709
1050,15,-0.330814,0.109438
1050,16,-0.58672,0.344241
1050,17,-0.81789,0.668943
1050,18,-1.00102,1.00205
1050,19,-1.11634,1.24622
1050,20,-1.14837,1.31875
1050,21,-1.08846,1.18475
1050,22,-0.937388,0.878696
1050,23,-0.703332,0.494676
1050,24,-0.402761,0.162217
1050,25,-0.0608646,0.0037045
1050,26,0.295074,0.0870689
1050,27,0.641082,0.410986
1050,28,0.956173,0.914267
1050,29,1.21984,1.48801
1050,30,1.41592,2.00482
1050,31,1.53461,2.35503
1050,32,1.57169,2.47022
1050,33,1.53017,2.34142
1050,34,1.42102,2.01929
1050,35,1.2605,1.58885
1050,36,1.06856,1.14182
1050,37,0.867158,0.751963
1050,38,0.675012,0.455641
1050,39,0.507298,0.257351
1050,40,0.375638,0.141104
1050,41,0.28659,0.082134
1050,42,0.24316,0.0591269
1050,43,0.242212,0.0586668
1050,44,0.276227,0.0763014
1050,45,0.33515,0.112326
1050,46,0.404988,0.164015
1050,47,0.471543,0.222353
1050,48,0.52372,0.274283
1050,49,0.552567,0.30533
1050,50,0.552566,0.305329
1050,51,0.52372,0.274283
1050,52,0.471546,0.222356
1050,53,0.404986,0.164014
1050,54,0.335149,0.112325
1050,55,0.276225,0.0763004
1050,56,0.242212,0.0586669
1050,57,0.243164,0.0591287
1050,58,0.286591,0.0821341
1050,59,0.375639,0.141104
1050,60,0.507302,0.257355
1050,61,0.675012,0.455642
1050,62,0.867158,0.751963
1050,63,1.06856,1.14182
1050,64,1.2605,1.58886
1050,65,1.42102,2.01929
1050,66,1.53017,2.34142
1050,67,1.57169,2.47022
1050,68,1.53461,2.35504
1050,69,1.41592,2.00482
1050,70,1.21984,1.48801
1050,71,0.956173,0.914268
1050,72,0.641082,0.410986
1050,73,0.295072,0.0870677
1050,74,-0.0608686,0.00370498
1050,75,-0.402763,0.162218
1050,76,-0.703334,0.494679
1050,77,-0.937389,0.878699
1050,78,-1.08846,1.18475
1050,79,-1.14837,1.31875
1050,80,-1.11634,1.24622
1050,81,-1.00102,1.00204
1050,82,-0.817888,0.66894
1050,83,-0.586721,0.344242
1050,84,-0.330813,0.109437
1050,85,-0.0748801,0.00560702
1050,86,0.156339,0.0244418
1050,87,0.340977,0.116265
1050,88,0.465684,0.216862
1050,89,0.526282,0.276972
1050,90,0.527417,0.278169
1050,91,0.480313,0.230701
1050,92,0.398533,0.158829
1050,93,0.299144,0.0894874
1050,94,0.200223,0.0400891
1050,95,0.115236,0.0132794
1050,96,0.0535607,0.00286875
1050,97,0.0175497,0.000307993
1050,98,0.00262219,6.8759e-06
1050,99,0,0
1060,0,0,0
1060,1,-0.0105843,0.000112028
1060,2,-0.0308324,0.000950638
1060,3,-0.0643606,0.00414228
1060,4,-0.110929,0.0123053
1060,5,-0.169524,0.0287385
1060,6,-0.236454,0.0559107
1060,7,-0.301832,0.0911025
1060,8,-0.350647,0.122953
1060,9,-0.368273,0.135625
1060,10,-0.344623,0.118765
1060,11,-0.273994,0.0750728
1060,12,-0.154595,0.0238995
1060,13,0.00770147,5.93127e-05
1060,14,0.200783,0.0403138
1060,15,0.408402,0.166793
1060,16,0.611633,0.374095
1060,17,0.78973,0.623673
1060,18,0.921696,0.849523
1060,19,0.991459,0.982991
1060,20,0.987987,0.976118
1060,21,0.906836,0.822351
1060,22,0.750556,0.563334
1060,23,0.52803,0.278816
1060,24,0.254029,0.0645309
1060,25,-0.0535581,0.00286847
1060,26,-0.373702,0.139653
1060,27,-0.683284,0.466877
1060,28,-0.961362,0.924216
1060,29,-1.19157,1.41984
1060,30,-1.36191,1.85481
1060,31,-1.46429,2.14415
1060,32,-1.49582,2.23746
1060,33,-1.45959,2.13041
1060,34,-1.36243,1.85622
1060,35,-1.21578,1.47811
1060,36,-1.03335,1.06781
1060,37,-0.829743,0.688473
1060,38,-0.62359,0.388864
1060,39,-0.434592,0.18887
1060,40,-0.2796,0.0781763
1060,41,-0.168997,0.02856
1060,42,-0.106512,0.0113448
1060,43,-0.0906179,0.00821161
1060,44,-0.113182,0.0128103
1060,45,-0.162531,0.0264165
1060,46,-0.226552,0.0513258
1060,47,-0.291859,0.0851816
1060,48,-0.344383,0.118599
1060,49,-0.37272,0.13892
1060,50,-0.372723,0.138923
1060,51,-0.344385,0.118601
1060,52,-0.29186,0.085182
1060,53,-0.226552,0.0513256
1060,54,-0.162532,0.0264168
1060,55,-0.113182,0.0128101
1060,56,-0.0906183,0.00821168
1060,57,-0.106511,0.0113445
1060,58,-0.168998,0.0285605
1060,59,-0.279601,0.0781767
1060,60,-0.434593,0.188871
1060,61,-0.623589,0.388864
1060,62,-0.829739,0.688468
1060,63,-1.03335,1.06781
1060,64,-1.21578,1.47811
1060,65,-1.36244,1.85623
1060,66,-1.45959,2.13041
1060,67,-1.49582,2.23747
1060,68,-1.46429,2.14414
1060,69,-1.36191,1.85481
1060,70,-1.19157,1.41984
1060,71,-0.961358,0.92421
1060,72,-0.683285,0.466879
1060,73,-0.373703,0.139654
1060,74,-0.0535583,0.00286849
1060,75,0.254031,0.0645319
1060,76,0.52803,0.278816
1060,77,0.750556,0.563334
1060,78,0.906836,0.822351
1060,79,0.987989,0.976122
1060,80,0.991459,0.98299
1060,81,0.921695,0.849522
1060,82,0.78973,0.623674
1060,83,0.611633,0.374095
1060,84,0.408403,0.166793
1060,85,0.200784,0.040314
1060,86,0.00770068,5.93005e-05
1060,87,-0.154594,0.0238994
1060,88,-0.273995,0.0750734
1060,89,-0.344626,0.118767
1060,90,-0.368272,0.135624
1060,91,-0.350647,0.122953
1060,92,-0.301834,0.0911037
1060,93,-0.236455,0.0559111
1060,94,-0.169522,0.0287378
1060,95,-0.110928,0.0123051
1060,96,-0.06436,0.00414221
1060,97,-0.03083,0.00095049
1060,98,-0.0105813,0.000111965
1060,99,0,0
1070,0,0,0
1070,1,0.0176458,0.000311373
1070,2,0.0414697,0.00171974
1070,3,0.0757902,0.00574416
1070,4,0.118077,0.0139421
1070,5,0.163151,0.0266184
1070,6,0.205147,0.0420853
1070,7,0.236666,0.0560107
1070,8,0.250235,0.0626177
1070,9,0.236666,0.0560108
1070,10,0.188234,0.0354321
1070,11,0.103007,0.0106105
1070,12,-0.0168884,0.000285218
1070,13,-0.164341,0.0270081
1070,14,-0.328047,0.107615
1070,15,-0.493768,0.243807
1070,16,-0.644686,0.41562
1070,17,-0.763706,0.583246
1070,18,-0.834838,0.696954
1070,19,-0.847208,0.717761
1070,20,-0.796686,0.634708
1070,21,-0.683302,0.466902
1070,22,-0.512244,0.262394
1070,23,-0.295133,0.0871033
1070,24,-0.0457388,0.00209204
1070,25,0.222247,0.0493939
1070,26,0.493585,0.243626
1070,27,0.752371,0.566062
1070,28,0.984126,0.968504
1070,29,1.17693,1.38517
1070,30,1.32081,1.74454
1070,31,1.40869,1.98441
1070,32,1.43619,2.06264
1070,33,1.4023,1.96644
1070,34,1.31033,1.71698
1070,35,1.16736,1.36272
1070,36,0.985756,0.971715
1070,37,0.781544,0.610811
1070,38,0.571714,0.326857
1070,39,0.372224,0.138551
1070,40,0.197747,0.0391039
1070,41,0.060542,0.00366533
1070,42,-0.0316748,0.00100329
1070,43,-0.0769591,0.0059227
1070,44,-0.0789972,0.00624055
1070,45,-0.0473057,0.00223783
1070,46,0.00398126,1.58504e-05
1070,47,0.0591824,0.00350256
1070,48,0.104934,0.0110112
1070,49,0.131103,0.0171881
1070,50,0.131102,0.0171878
1070,51,0.104935,0.0110113
1070,52,0.0591838,0.00350272
1070,53,0.00398285,1.58631e-05
1070,54,-0.0473066,0.00223791
1070,55,-0.0789968,0.00624049
1070,56,-0.0769584,0.0059226
1070,57,-0.0316769,0.00100343
1070,58,0.0605384,0.00366489
1070,59,0.197747,0.039104
1070,60,0.372223,0.13855
1070,61,0.571717,0.32686
1070,62,0.781544,0.61081
1070,63,0.985756,0.971715
1070,64,1.16736,1.36272
1070,65,1.31034,1.71698
1070,66,1.4023,1.96644
1070,67,1.43619,2.06265
1070,68,1.40869,1.98441
1070,69,1.32081,1.74454
1070,70,1.17693,1.38517
1070,71,0.984126,0.968504
1070,72,0.752372,0.566064
1070,73,0.493584,0.243625
1070,74,0.222248,0.0493942
1070,75,-0.0457345,0.00209164
1070,76,-0.295131,0.0871024
1070,77,-0.512242,0.262392
1070,78,-0.6833,0.466899
1070,79,-0.796686,0.634708
1070,80,-0.847208,0.717761
1070,81,-0.834837,0.696953
1070,82,-0.763707,0.583248
1070,83,-0.644686,0.41562
1070,84,-0.493767,0.243806
1070,85,-0.328045,0.107614
1070,86,-0.164342,0.0270082
1070,87,-0.0168873,0.00028518
1070,88,0.103005,0.01061
1070,89,0.188234,0.035432
1070,90,0.236666,0.0560107
1070,91,0.250236,0.0626181
1070,92,0.236662,0.0560088
1070,93,0.205143,0.0420837
1070,94,0.163152,0.0266187
1070,95,0.118079,0.0139427
1070,96,0.0757892,0.00574401
1070,97,0.0414688,0.00171966
1070,98,0.0176448,0.00031134
1070,99,0,0
1080,0,0,0
1080,1,-0.0255451,0.000652551
1080,2,-0.051274,0.00262903
1080,3,-0.0788,0.00620944
1080,4,-0.108143,0.011695
1080,5,-0.135366,0.018324
1080,6,-0.15438,0.0238332
1080,7,-0.159145,0.0253271
1080,8,-0.142735,0.0203732
1080,9,-0.0993727,0.00987494
1080,10,-0.0249043,0.000620224
1080,11,0.0800627,0.00641003
1080,12,0.206261,0.0425435
1080,13,0.340663,0.116051
1080,14,0.4715,0.222313
1080,15,0.586801,0.344335
1080,16,0.674438,0.454867
1080,17,0.724832,0.525382
1080,18,0.731634,0.535289
1080,19,0.69051,0.476805
1080,20,0.60005,0.36006
1080,21,0.464357,0.215628
1080,22,0.291424,0.084928
1080,23,0.0887529,0.00787708
1080,24,-0.135433,0.018342
1080,25,-0.369738,0.136706
1080,26,-0.602418,0.362908
1080,27,-0.824093,0.679128
1080,28,-1.02481,1.05024
1080,29,-1.19269,1.42252
1080,30,-1.31692,1.73428
1080,31,-1.38996,1.93199
1080,32,-1.40862,1.9842
1080,33,-1.37131,1.8805
1080,34,-1.27816,1.6337
1080,35,-1.13374,1.28537
1080,36,-0.947631,0.898005
1080,37,-0.733742,0.538377
1080,38,-0.508901,0.258981
1080,39,-0.290569,0.0844304
1080,40,-0.0944103,0.00891331
1080,41,0.0653611,0.00427208
1080,42,0.177838,0.0316265
1080,43,0.239933,0.057568
1080,44,0.255398,0.0652282
1080,45,0.234072,0.0547899
1080,46,0.189296,0.0358328
1080,47,0.135519,0.0183655
1080,48,0.0888781,0.00789932
1080,49,0.0626417,0.00392399
1080,50,0.0626425,0.00392408
1080,51,0.0888776,0.00789923
1080,52,0.135519,0.0183653
1080,53,0.189295,0.0358326
1080,54,0.234073,0.05479
1080,55,0.255398,0.0652283
1080,56,0.239935,0.0575688
1080,57,0.177838,0.0316263
1080,58,0.0653598,0.00427191
1080,59,-0.0944096,0.00891317
1080,60,-0.290569,0.0844303
1080,61,-0.508904,0.258983
1080,62,-0.733742,0.538377
1080,63,-0.947632,0.898006
1080,64,-1.13374,1.28537
1080,65,-1.27816,1.6337
1080,66,-1.37131,1.8805
1080,67,-1.40862,1.9842
1080,68,-1.38996,1.93198
1080,69,-1.31692,1.73429
1080,70,-1.19269,1.42251
1080,71,-1.02481,1.05024
1080,72,-0.824095,0.679132
1080,73,-0.602418,0.362908
1080,74,-0.369737,0.136706
1080,75,-0.135435,0.0183427
1080,76,0.088752,0.00787692
1080,77,0.291423,0.0849276
1080,78,0.464358,0.215628
1080,79,0.600051,0.360061
1080,80,0.690508,0.476802
1080,81,0.731634,0.535289
1080,82,0.724832,0.525381
1080,83,0.674439,0.454868
1080,84,0.586801,0.344335
1080,85,0.471503,0.222315
1080,86,0.340664,0.116052
1080,87,0.206262,0.0425442
1080,88,0.0800644,0.0064103
1080,89,-0.0249029,0.000620157
1080,90,-0.0993729,0.00987497
1080,91,-0.142734,0.0203731
1080,92,-0.159146,0.0253273
1080,93,-0.15438,0.0238331
1080,94,-0.135367,0.0183243
1080,95,-0.108141,0.0116946
1080,96,-0.0787996,0.00620937
1080,97,-0.0512749,0.00262911
1080,98,-0.0255436,0.000652477
1080,99,0,0
1090,0,0,0
1090,1,0.0365445,0.0013355
1090,2,0.0688787,0.00474427
1090,3,0.092082,0.0084791
1090,4,0.104382,0.0108955
1090,5,0.10345,0.010702
1090,6,0.0830027,0.00688945
1090,7,0.0391651,0.0015339
1090,8,-0.0275627,0.000759703
1090,9,-0.11445,0.0130987
1090,10,-0.21897,0.0479477
1090,11,-0.335013,0.112234
1090,12,-0.452135,0.204426
1090,13,-0.560463,0.314119
1090,14,-0.648903,0.421075
1090,15,-0.707603,0.500702
1090,16,-0.730042,0.532961
1090,17,-0.710742,0.505154
1090,18,-0.648372,0.420386
1090,19,-0.546534,0.298699
1090,20,-0.411142,0.169038
1090,21,-0.249639,0.0623198
1090,22,-0.0692981,0.00480223
1090,23,0.123276,0.015197
1090,24,0.321088,0.103097
1090,25,0.518589,0.268934
1090,26,0.710607,0.504963
1090,27,0.890857,0.793627
1090,28,1.05162,1.1059
1090,29,1.18364,1.40101
1090,30,1.28023,1.63898
1090,31,1.33505,1.78237
1090,32,1.34132,1.79914
1090,33,1.29565,1.67871
1090,34,1.19848,1.43635
1090,35,1.05373,1.11035
1090,36,0.869823,0.756591
1090,37,0.659612,0.435088
1090,38,0.436545,0.190571
1090,39,0.214493,0.0460074
1090,40,0.0103801,0.000107747
1090,41,-0.159349,0.0253921
1090,42,-0.283748,0.0805132
1090,43,-0.359181,0.129011
1090,44,-0.388879,0.151227
1090,45,-0.381458,0.145511
1090,46,-0.349567,0.122197
1090,47,-0.308516,0.0951822
1090,48,-0.271004,0.0734433
1090,49,-0.247704,0.0613573
1090,50,-0.247703,0.0613568
1090,51,-0.271005,0.0734438
1090,52,-0.308513,0.0951804
1090,53,-0.349568,0.122198
1090,54,-0.381459,0.145511
1090,55,-0.388879,0.151227
1090,56,-0.359179,0.129009
1090,57,-0.283749,0.0805133
1090,58,-0.159346,0.0253911
1090,59,0.0103801,0.000107746
1090,60,0.214497,0.0460088
1090,61,0.436545,0.190572
1090,62,0.659615,0.435092
1090,63,0.869821,0.756589
1090,64,1.05373,1.11035
1090,65,1.19848,1.43635
1090,66,1.29565,1.67872
1090,67,1.34132,1.79914
1090,68,1.33505,1.78237
1090,69,1.28023,1.63899
1090,70,1.18364,1.401
1090,71,1.05162,1.10591
1090,72,0.89086,0.793632
1090,73,0.710609,0.504965
1090,74,0.518589,0.268935
1090,75,0.321086,0.103096
1090,76,0.123278,0.0151974
1090,77,-0.0692952,0.00480183
1090,78,-0.249639,0.0623197
1090,79,-0.411141,0.169037
1090,80,-0.546536,0.298701
1090,81,-0.648372,0.420386
1090,82,-0.710742,0.505154
1090,83,-0.730043,0.532963
1090,84,-0.707603,0.500702
1090,85,-0.648902,0.421074
1090,86,-0.560461,0.314117
1090,87,-0.452134,0.204425
1090,88,-0.335016,0.112236
1090,89,-0.218972,0.0479486
1090,90,-0.114448,0.0130983
1090,91,-0.0275632,0.000759729
1090,92,0.0391642,0.00153383
1090,93,0.0830049,0.00688981
1090,94,0.103453,0.0107026
1090,95,0.104385,0.0108963
1090,96,0.0920797,0.00847867
1090,97,0.0688806,0.00474454
1090,98,0.0365457,0.00133559
1090,99,0,0
1100,0,0,0
1100,1,-0.0446133,0.00199034
1100,2,-0.07741,0.0059923
1100,3,-0.0927968,0.00861124
1100,4,-0.0851666,0.00725335
1100,5,-0.0483196,0.00233478
1100,6,0.0183993,0.000338535
1100,7,0.111938,0.0125302
1100,8,0.227961,0.0519663
1100,9,0.357054,0.127487
1100,10,0.485576,0.235784
1100,11,0.602804,0.363373
1100,12,0.700864,0.491211
1100,13,0.771926,0.595869
1100,14,0.810005,0.656109
1100,15,0.809791,0.655761
1100,16,0.768063,0.58992
1100,17,0.68595,0.470527
1100,18,0.566994,0.321482
1100,19,0.416828,0.173746
1100,20,0.244913,0.0599824
1100,21,0.0601404,0.00361686
1100,22,-0.130563,0.0170466
1100,23,-0.319341,0.101978
1100,24,-0.499705,0.249705
1100,25,-0.668007,0.446233
1100,26,-0.822326,0.67622
1100,27,-0.960189,0.921963
1100,28,-1.07884,1.16389
1100,29,-1.17501,1.38064
1100,30,-1.24353,1.54637
1100,31,-1.27928,1.63657
1100,32,-1.27733,1.63157
1100,33,-1.23098,1.51532
1100,34,-1.13511,1.28846
1100,35,-0.991768,0.983604
1100,36,-0.808848,0.654236
1100,37,-0.596793,0.356162
1100,38,-0.369247,0.136344
1100,39,-0.14259,0.020332
1100,40,0.0673387,0.00453451
1100,41,0.246507,0.0607659
1100,42,0.383479,0.147057
1100,43,0.472188,0.222961
1100,44,0.514085,0.264283
1100,45,0.519141,0.269508
1100,46,0.499853,0.249853
1100,47,0.46785,0.218884
1100,48,0.435918,0.190025
1100,49,0.416407,0.173395
1100,50,0.416408,0.173395
1100,51,0.435919,0.190026
1100,52,0.467852,0.218885
1100,53,0.499852,0.249852
1100,54,0.519141,0.269507
1100,55,0.514085,0.264283
1100,56,0.47219,0.222963
1100,57,0.383481,0.147057
1100,58,0.246507,0.0607657
1100,59,0.0673394,0.00453459
1100,60,-0.14259,0.0203319
1100,61,-0.369247,0.136343
1100,62,-0.596791,0.35616
1100,63,-0.808846,0.654232
1100,64,-0.991767,0.983602
1100,65,-1.1351,1.28846
1100,66,-1.23099,1.51533
1100,67,-1.27733,1.63157
1100,68,-1.27928,1.63657
1100,69,-1.24353,1.54637
1100,70,-1.17501,1.38064
1100,71,-1.07883,1.16388
1100,72,-0.960188,0.92196
1100,73,-0.822325,0.676218
1100,74,-0.668008,0.446235
1100,75,-0.499702,0.249702
1100,76,-0.319342,0.101979
1100,77,-0.130562,0.0170466
1100,78,0.0601384,0.00361663
1100,79,0.24491,0.0599811
1100,80,0.41683,0.173747
1100,81,0.56699,0.321478
1100,82,0.685948,0.470525
1100,83,0.768063,0.589921
1100,84,0.809792,0.655763
1100,85,0.810006,0.65611
1100,86,0.771927,0.595871
1100,87,0.700866,0.491213
1100,88,0.602803,0.363372
1100,89,0.485575,0.235783
1100,90,0.357054,0.127488
1100,91,0.22796,0.0519659
1100,92,0.111937,0.0125299
1100,93,0.0183995,0.000338542
1100,94,-0.0483229,0.0023351
1100,95,-0.08517,0.00725394
1100,96,-0.0928004,0.00861191
1100,97,-0.0774097,0.00599226
1100,98,-0.044614,0.00199041
1100,99,0,0
1110,0,0,0
1110,1,0.0582493,0.00339298
1110,2,0.102752,0.0105581
1110,3,0.118969,0.0141536
1110,4,0.0969014,0.00938987
1110,5,0.034176,0.001168
1110,6,-0.0702246,0.00493149
1110,7,-0.211838,0.0448752
1110,8,-0.376456,0.141719
1110,9,-0.549104,0.301516
1110,10,-0.713728,0.509407
1110,11,-0.851838,0.725628
1110,12,-0.947649,0.898039
1110,13,-0.991253,0.982582
1110,14,-0.978914,0.958272
1110,15,-0.911444,0.830731
1110,16,-0.794512,0.631249
1110,17,-0.637006,0.405777
1110,18,-0.451605,0.203947
1110,19,-0.252155,0.0635823
1110,20,-0.0488758,0.00238884
1110,21,0.150083,0.0225248
1110,22,0.336947,0.113533
1110,23,0.507359,0.257413
1110,24,0.660836,0.436704
1110,25,0.796305,0.634101
1110,26,0.915196,0.837584
1110,27,1.02082,1.04207
1110,28,1.11242,1.23748
1110,29,1.18671,1.40829
1110,30,1.23922,1.53567
1110,31,1.26318,1.59562
1110,32,1.25082,1.56455
1110,33,1.19544,1.42907
1110,34,1.09357,1.19589
1110,35,0.945732,0.89441
1110,36,0.757909,0.574426
1110,37,0.541687,0.293425
1110,38,0.310987,0.0967127
1110,39,0.0804038,0.00646478
1110,40,-0.135476,0.0183537
1110,41,-0.32266,0.10411
1110,42,-0.470144,0.221035
1110,43,-0.573055,0.328392
1110,44,-0.632471,0.40002
1110,45,-0.65423,0.428016
1110,46,-0.648122,0.420062
1110,47,-0.626832,0.392918
1110,48,-0.603914,0.364713
1110,49,-0.589783,0.347844
1110,50,-0.589784,0.347845
1110,51,-0.603914,0.364712
1110,52,-0.626833,0.392919
1110,53,-0.648123,0.420063
1110,54,-0.65423,0.428016
1110,55,-0.632471,0.40002
1110,56,-0.573056,0.328393
1110,57,-0.470144,0.221035
1110,58,-0.322661,0.10411
1110,59,-0.135475,0.0183536
1110,60,0.0804033,0.00646469
1110,61,0.310985,0.0967117
1110,62,0.541686,0.293423
1110,63,0.757907,0.574423
1110,64,0.945732,0.89441
1110,65,1.09357,1.19589
1110,66,1.19544,1.42907
1110,67,1.25082,1.56455
1110,68,1.26318,1.59561
1110,69,1.23922,1.53566
1110,70,1.18671,1.40829
1110,71,1.11242,1.23748
1110,72,1.02082,1.04207
1110,73,0.915192,0.837577
1110,74,0.796303,0.634099
1110,75,0.660836,0.436704
1110,76,0.507358,0.257412
1110,77,0.336944,0.113531
1110,78,0.150084,0.0225252
1110,79,-0.0488783,0.00238909
1110,80,-0.252156,0.0635825
1110,81,-0.451605,0.203947
1110,82,-0.637006,0.405777
1110,83,-0.794512,0.631249
1110,84,-0.911444,0.83073
1110,85,-0.978917,0.958279
1110,86,-0.991254,0.982584
1110,87,-0.947651,0.898043
1110,88,-0.851839,0.72563
1110,89,-0.713728,0.509407
1110,90,-0.549105,0.301516
1110,91,-0.376457,0.14172
1110,92,-0.211838,0.0448753
1110,93,-0.0702267,0.00493179
1110,94,0.0341748,0.00116791
1110,95,0.0969009,0.00938978
1110,96,0.118973,0.0141546
1110,97,0.102753,0.0105581
1110,98,0.058249,0.00339295
1110,99,0,0
1120,0,0,0
1120,1,-0.0704017,0.00495639
1120,2,-0.119017,0.0141649
1120,3,-0.131552,0.017306
1120,4,-0.0969167,0.00939285
1120,5,-0.00831169,6.90842e-05
1120,6,0.129985,0.016896
1120,7,0.305332,0.0932275
1120,8,0.502361,0.252367
1120,9,0.703472,0.494873
1120,10,0.88947,0.791157
1120,11,1.04065,1.08296
1120,12,1.13722,1.29328
1120,13,1.16554,1.35848
1120,14,1.12267,1.2604
1120,15,1.01163,1.0234
1120,16,0.840856,0.707038
1120,17,0.624866,0.390458
1120,18,0.381573,0.145598
1120,19,0.128588,0.0165348
1120,20,-0.11739,0.0137805
1120,21,-0.341383,0.116542
1120,22,-0.534988,0.286212
1120,23,-0.695658,0.48394
1120,24,-0.826493,0.683091
1120,25,-0.934707,0.873678
1120,26,-1.02477,1.05014
1120,27,-1.09973,1.20941
1120,28,-1.16302,1.35262
1120,29,-1.21227,1.46961
1120,30,-1.2415,1.54133
1120,31,-1.24656,1.55392
1120,32,-1.22321,1.49624
1120,33,-1.16474,1.35663
1120,34,-1.06379,1.13166
1120,35,-0.918069,0.842851
1120,36,-0.731423,0.53498
1120,37,-0.512297,0.262448
1120,38,-0.273294,0.0746898
1120,39,-0.030266,0.000916031
1120,40,0.199743,0.0398972
1120,41,0.402057,0.16165
1120,42,0.565828,0.320161
1120,43,0.685266,0.46959
1120,44,0.760905,0.578976
1120,45,0.799994,0.63999
1120,46,0.813526,0.661824
1120,47,0.811666,0.658802
1120,48,0.80299,0.644792
1120,49,0.795421,0.632694
1120,50,0.795422,0.632696
1120,51,0.802989,0.644791
1120,52,0.811665,0.6588
1120,53,0.813525,0.661823
1120,54,0.799993,0.639988
1120,55,0.760902,0.578972
1120,56,0.685265,0.469588
1120,57,0.565826,0.320159
1120,58,0.402059,0.161651
1120,59,0.199743,0.0398974
1120,60,-0.0302639,0.000915903
1120,61,-0.273292,0.0746883
1120,62,-0.512297,0.262449
1120,63,-0.731423,0.534979
1120,64,-0.918069,0.842851
1120,65,-1.06379,1.13166
1120,66,-1.16474,1.35663
1120,67,-1.22321,1.49624
1120,68,-1.24656,1.55392
1120,69,-1.2415,1.54133
1120,70,-1.21227,1.4696
1120,71,-1.16302,1.35261
1120,72,-1.09973,1.20941
1120,73,-1.02477,1.05015
1120,74,-0.934707,0.873677
1120,75,-0.826491,0.683088
1120,76,-0.695658,0.48394
1120,77,-0.53499,0.286215
1120,78,-0.341386,0.116545
1120,79,-0.117392,0.0137809
1120,80,0.128587,0.0165347
1120,81,0.381574,0.145599
1120,82,0.624867,0.390459
1120,83,0.840853,0.707034
1120,84,1.01164,1.02341
1120,85,1.12267,1.2604
1120,86,1.16554,1.35848
1120,87,1.13723,1.29328
1120,88,1.04065,1.08296
1120,89,0.889471,0.791159
1120,90,0.703475,0.494877
1120,91,0.502363,0.252368
1120,92,0.305332,0.0932276
1120,93,0.129985,0.016896
1120,94,-0.00831086,6.90704e-05
1120,95,-0.0969181,0.00939312
1120,96,-0.131552,0.0173058
1120,97,-0.119017,0.0141651
1120,98,-0.0704002,0.00495619
1120,99,0,0
1130,0,0,0
1130,1,0.0828106,0.00685759
1130,2,0.144352,0.0208376
1130,3,0.163453,0.026717
1130,4,0.125247,0.0156868
1130,5,0.0232621,0.000541127
1130,6,-0.140541,0.0197519
1130,7,-0.354511,0.125678
1130,8,-0.597951,0.357545
1130,9,-0.845071,0.714145
1130,10,-1.06833,1.14134
1130,11,-1.24071,1.53935
1130,12,-1.34159,1.79985
1130,13,-1.35793,1.84397
1130,14,-1.28402,1.64869
1130,15,-1.12528,1.26625
1130,16,-0.897263,0.805082
1130,17,-0.620772,0.385358
1130,18,-0.319773,0.102255
1130,19,-0.0185828,0.000345321
1130,20,0.262227,0.068763
1130,21,0.507292,0.257345
1130,22,0.706626,0.49932
1130,23,0.859442,0.73864
1130,24,0.970701,0.94226
1130,25,1.04723,1.0967
1130,26,1.09982,1.2096
1130,27,1.13798,1.295
1130,28,1.16753,1.36313
1130,29,1.19145,1.41955
1130,30,1.2083,1.45999
1130,31,1.21044,1.46517
1130,32,1.1867,1.40826
1130,33,1.1282,1.27283
1130,34,1.02864,1.0581
1130,35,0.884865,0.782986
1130,36,0.698777,0.488289
1130,37,0.478758,0.22921
1130,38,0.23757,0.0564396
1130,39,-0.011014,0.000121308
1130,40,-0.252579,0.0637961
1130,41,-0.473285,0.223999
1130,42,-0.660121,0.43576
1130,43,-0.804597,0.647377
1130,44,-0.904857,0.818765
1130,45,-0.964311,0.929896
1130,46,-0.99089,0.981863
1130,47,-0.995567,0.991153
1130,48,-0.990106,0.980309
1130,49,-0.984285,0.968818
1130,50,-0.984283,0.968813
1130,51,-0.990104,0.980305
1130,52,-0.995566,0.991151
1130,53,-0.990891,0.981865
1130,54,-0.96431,0.929894
1130,55,-0.904858,0.818768
1130,56,-0.804597,0.647377
1130,57,-0.66012,0.435759
1130,58,-0.473286,0.224
1130,59,-0.252579,0.0637959
1130,60,-0.0110155,0.000121341
1130,61,0.237569,0.056439
1130,62,0.478756,0.229208
1130,63,0.698776,0.488288
1130,64,0.884865,0.782985
1130,65,1.02864,1.0581
1130,66,1.1282,1.27283
1130,67,1.1867,1.40825
1130,68,1.21044,1.46518
1130,69,1.2083,1.45999
1130,70,1.19145,1.41955
1130,71,1.16753,1.36313
1130,72,1.13798,1.295
1130,73,1.09982,1.2096
1130,74,1.04723,1.0967
1130,75,0.970702,0.942263
1130,76,0.859442,0.738641
1130,77,0.706624,0.499317
1130,78,0.507293,0.257346
1130,79,0.262227,0.0687628
1130,80,-0.018583,0.000345328
1130,81,-0.319774,0.102255
1130,82,-0.620772,0.385358
1130,83,-0.897265,0.805084
1130,84,-1.12528,1.26625
1130,85,-1.28402,1.6487
1130,86,-1.35793,1.84398
1130,87,-1.34158,1.79985
1130,88,-1.24071,1.53935
1130,89,-1.06833,1.14134
1130,90,-0.845068,0.714141
1130,91,-0.59795,0.357544
1130,92,-0.354509,0.125677
1130,93,-0.14054,0.0197514
1130,94,0.0232602,0.000541035
1130,95,0.125249,0.0156874
1130,96,0.163454,0.0267171
1130,97,0.144353,0.0208378
1130,98,0.0828104,0.00685757
1130,99,0,0
1140,0,0,0
1140,1,-0.108785,0.0118342
1140,2,-0.187662,0.0352169
1140,3,-0.210835,0.0444515
1140,4,-0.161924,0.0262195
1140,5,-0.0359099,0.00128952
1140,6,0.160611,0.025796
1140,7,0.412505,0.17016
1140,8,0.696186,0.484676
1140,9,0.978682,0.957819
1140,10,1.2263,1.50381
1140,11,1.41067,1.99
1140,12,1.50976,2.27939
1140,13,1.50918,2.27762
1140,14,1.40497,1.97394
1140,15,1.20608,1.45463
1140,16,0.930901,0.866576
1140,17,0.604749,0.365722
1140,18,0.255175,0.0651142
1140,19,-0.089309,0.00797609
1140,20,-0.400832,0.160666
1140,21,-0.661395,0.437444
1140,22,-0.863198,0.74511
1140,23,-1.00413,1.00827
1140,24,-1.08973,1.1875
1140,25,-1.13293,1.28353
1140,26,-1.14915,1.32055
1140,27,-1.15177,1.32657
1140,28,-1.15024,1.32304
1140,29,-1.14977,1.32198
1140,30,-1.14946,1.32127
1140,31,-1.14249,1.30529
1140,32,-1.11889,1.25193
1140,33,-1.06801,1.14065
1140,34,-0.980046,0.96049
1140,35,-0.84789,0.718917
1140,36,-0.66909,0.447681
1140,37,-0.448738,0.201366
1140,38,-0.199214,0.0396861
1140,39,0.0623767,0.00389085
1140,40,0.317144,0.10058
1140,41,0.548667,0.301036
1140,42,0.745595,0.555911
1140,43,0.901082,0.811948
1140,44,1.01161,1.02336
1140,45,1.07997,1.16633
1140,46,1.115,1.24323
1140,47,1.12662,1.26927
1140,48,1.12532,1.26635
1140,49,1.12167,1.25815
1140,50,1.12168,1.25815
1140,51,1.12532,1.26634
1140,52,1.12662,1.26926
1140,53,1.115,1.24323
1140,54,1.07996,1.16632
1140,55,1.01161,1.02336
1140,56,0.90108,0.811945
1140,57,0.74559,0.555904
1140,58,0.54867,0.301039
1140,59,0.317143,0.10058
1140,60,0.0623754,0.00389069
1140,61,-0.199218,0.0396877
1140,62,-0.448737,0.201365
1140,63,-0.669091,0.447683
1140,64,-0.847893,0.718922
1140,65,-0.980046,0.96049
1140,66,-1.06801,1.14065
1140,67,-1.11889,1.25192
1140,68,-1.14249,1.30529
1140,69,-1.14946,1.32127
1140,70,-1.14977,1.32198
1140,71,-1.15024,1.32305
1140,72,-1.15177,1.32657
1140,73,-1.14915,1.32055
1140,74,-1.13293,1.28354
1140,75,-1.08973,1.1875
1140,76,-1.00413,1.00827
1140,77,-0.863198,0.74511
1140,78,-0.661393,0.437441
1140,79,-0.40083,0.160665
1140,80,-0.089308,0.00797592
1140,81,0.255175,0.0651143
1140,82,0.604748,0.36572
1140,83,0.930902,0.866578
1140,84,1.20608,1.45463
1140,85,1.40497,1.97395
1140,86,1.50918,2.27762
1140,87,1.50976,2.27938
1140,88,1.41067,1.99
1140,89,1.2263,1.50381
1140,90,0.978685,0.957823
1140,91,0.696188,0.484678
1140,92,0.412506,0.170162
1140,93,0.160611,0.0257959
1140,94,-0.0359112,0.00128962
1140,95,-0.161924,0.0262193
1140,96,-0.210834,0.0444508
1140,97,-0.187661,0.0352167
1140,98,-0.108785,0.0118343
1140,99,0,0
1150,0,0,0
1150,1,0.11299,0.0127668
1150,2,0.192749,0.0371522
1150,3,0.211963,0.0449285
1150,4,0.153335,0.0235116
1150,5,0.0115218,0.000132751
1150,6,-0.207854,0.0432032
1150,7,-0.487455,0.237612
1150,8,-0.799245,0.638793
1150,9,-1.109,1.22987
1150,10,-1.38033,1.90531
1150,11,-1.57902,2.49329
1150,12,-1.67811,2.81606
1150,13,-1.66234,2.76338
1150,14,-1.52871,2.33695
1150,15,-1.28671,1.65564
1150,16,-0.958753,0.919207
1150,17,-0.575704,0.331435
1150,18,-0.173307,0.0300353
1150,19,0.213568,0.0456114
1150,20,0.557488,0.310793
1150,21,0.837929,0.702125
1150,22,1.04417,1.09029
1150,23,1.1764,1.38391
1150,24,1.24287,1.54472
1150,25,1.25757,1.58148
1150,26,1.23704,1.53026
1150,27,1.19909,1.43781
1150,28,1.15841,1.34192
1150,29,1.12383,1.263
1150,30,1.09794,1.20548
1150,31,1.07508,1.15579
1150,32,1.04341,1.0887
1150,33,0.989475,0.979062
1150,34,0.901865,0.813361
1150,35,0.773168,0.597789
1150,36,0.599571,0.359485
1150,37,0.382381,0.146215
1150,38,0.131726,0.0173517
1150,39,-0.135344,0.018318
1150,40,-0.400801,0.160641
1150,41,-0.646884,0.418459
1150,42,-0.857493,0.735295
1150,43,-1.02232,1.04514
1150,44,-1.13939,1.29821
1150,45,-1.213,1.47136
1150,46,-1.25163,1.56657
1150,47,-1.26763,1.60689
1150,48,-1.27263,1.61958
1150,49,-1.27348,1.62175
1150,50,-1.27348,1.62175
1150,51,-1.27263,1.61958
1150,52,-1.26763,1.60689
1150,53,-1.25163,1.56657
1150,54,-1.213,1.47136
1150,55,-1.13939,1.2982
1150,56,-1.02232,1.04513
1150,57,-0.857493,0.735294
1150,58,-0.646882,0.418457
1150,59,-0.400798,0.160639
1150,60,-0.135343,0.0183177
1150,61,0.131727,0.0173521
1150,62,0.382382,0.146216
1150,63,0.599573,0.359488
1150,64,0.773169,0.597791
1150,65,0.901867,0.813364
1150,66,0.989477,0.979064
1150,67,1.04341,1.08871
1150,68,1.07508,1.15579
1150,69,1.09794,1.20548
1150,70,1.12384,1.26301
1150,71,1.15841,1.34192
1150,72,1.19909,1.43781
1150,73,1.23704,1.53026
1150,74,1.25757,1.58147
1150,75,1.24287,1.54472
1150,76,1.1764,1.38391
1150,77,1.04417,1.09029
1150,78,0.837928,0.702124
1150,79,0.557487,0.310792
1150,80,0.213567,0.045611
1150,81,-0.173305,0.0300346
1150,82,-0.575703,0.331434
1150,83,-0.958753,0.919208
1150,84,-1.28671,1.65563
1150,85,-1.52871,2.33696
1150,86,-1.66234,2.76338
1150,87,-1.67811,2.81606
1150,88,-1.57902,2.4933
1150,89,-1.38033,1.9053
1150,90,-1.109,1.22988
1150,91,-0.79925,0.6388
1150,92,-0.487456,0.237614
1150,93,-0.207855,0.0432038
1150,94,0.0115197,0.000132703
1150,95,0.153334,0.0235113
1150,96,0.211963,0.0449284
1150,97,0.192751,0.0371528
1150,98,0.11299,0.0127668
1150,99,0,0
1160,0,0,0
1160,1,-0.116982,0.0136847
1160,2,-0.198695,0.0394798
1160,3,-0.215917,0.0466204
1160,4,-0.147313,0.021701
1160,5,0.0155585,0.000242067
1160,6,0.266407,0.0709729
1160,7,0.584086,0.341156
1160,8,0.934899,0.874037
1160,9,1.27801,1.6333
1160,10,1.57039,2.46612
1160,11,1.77415,3.14761
1160,12,1.86093,3.46305
1160,13,1.81574,3.2969
1160,14,1.63962,2.68837
1160,15,1.34744,1.8156
1160,16,0.9655,0.932191
1160,17,0.528294,0.279094
1160,18,0.0740019,0.00547629
1160,19,-0.359225,0.129043
1160,20,-0.738542,0.545444
1160,21,-1.04046,1.08256
1160,22,-1.2533,1.57077
1160,23,-1.37768,1.89799
1160,24,-1.42336,2.02595
1160,25,-1.40719,1.98018
1160,26,-1.35077,1.82457
1160,27,-1.2762,1.62868
1160,28,-1.20217,1.44522
1160,29,-1.13914,1.29763
1160,30,-1.08852,1.18489
1160,31,-1.04503,1.0921
1160,32,-0.997342,0.99469
1160,33,-0.930829,0.866443
1160,34,-0.832708,0.693402
1160,35,-0.694789,0.482731
1160,36,-0.51418,0.264381
1160,37,-0.293855,0.0863505
1160,38,-0.0421509,0.0017767
1160,39,0.227465,0.0517401
1160,40,0.496657,0.246669
1160,41,0.74797,0.559459
1160,42,0.96833,0.937663
1160,43,1.1465,1.31446
1160,44,1.27676,1.63011
1160,45,1.36132,1.85318
1160,46,1.40724,1.98031
1160,47,1.42581,2.03294
1160,48,1.42954,2.04359
1160,49,1.42849,2.04058
1160,50,1.42849,2.04058
1160,51,1.42954,2.04359
1160,52,1.42581,2.03294
1160,53,1.40724,1.98031
1160,54,1.36132,1.85318
1160,55,1.27676,1.63011
1160,56,1.1465,1.31446
1160,57,0.968329,0.93766
1160,58,0.74797,0.559459
1160,59,0.496659,0.246671
1160,60,0.227466,0.0517408
1160,61,-0.0421506,0.00177667
1160,62,-0.293857,0.0863521
1160,63,-0.514181,0.264382
1160,64,-0.69479,0.482734
1160,65,-0.832708,0.693403
1160,66,-0.93083,0.866445
1160,67,-0.99734,0.994687
1160,68,-1.04503,1.0921
1160,69,-1.08853,1.18489
1160,70,-1.13914,1.29763
1160,71,-1.20217,1.44522
1160,72,-1.2762,1.62867
1160,73,-1.35077,1.82457
1160,74,-1.40719,1.98018
1160,75,-1.42336,2.02594
1160,76,-1.37768,1.89799
1160,77,-1.2533,1.57076
1160,78,-1.04046,1.08256
1160,79,-0.738539,0.54544
1160,80,-0.359224,0.129042
1160,81,0.0739991,0.00547587
1160,82,0.528294,0.279095
1160,83,0.965501,0.932192
1160,84,1.34744,1.8156
1160,85,1.63962,2.68837
1160,86,1.81574,3.2969
1160,87,1.86092,3.46304
1160,88,1.77415,3.14761
1160,89,1.57039,2.46612
1160,90,1.27801,1.63331
1160,91,0.9349,0.874038
1160,92,0.584085,0.341156
1160,93,0.266407,0.0709726
1160,94,0.0155589,0.000242079
1160,95,-0.147313,0.021701
1160,96,-0.215916,0.0466196
1160,97,-0.198696,0.0394801
1160,98,-0.116981,0.0136846
1160,99,0,0
1170,0,0,0
1170,1,0.128847,0.0166016
1170,2,0.217587,0.0473439
1170,3,0.231052,0.0533849
1170,4,0.146272,0.0213955
1170,5,-0.044125,0.00194702
1170,6,-0.329877,0.108819
1170,7,-0.683695,0.467439
1170,8,-1.06827,1.14119
1170,9,-1.43958,2.07238
1170,10,-1.75179,3.06877
1170,11,-1.96313,3.85388
1170,12,-2.04143,4.16742
1170,13,-1.96983,3.88021
1170,14,-1.75041,3.06394
1170,15,-1.40323,1.96904
1170,16,-0.960936,0.923399
1170,17,-0.464425,0.215691
1170,18,0.0421055,0.00177288
1170,19,0.516263,0.266527
1170,20,0.921791,0.849699
1170,21,1.23459,1.5242
1170,22,1.44398,2.08508
1170,23,1.55164,2.4076
1170,24,1.57168,2.47018
1170,25,1.52591,2.32841
1170,26,1.43948,2.0721
1170,27,1.33575,1.78422
1170,28,1.23255,1.51919
1170,29,1.14147,1.30296
1170,30,1.06647,1.13736
1170,31,1.00289,1.0058
1170,32,0.94017,0.883919
1170,33,0.864634,0.747592
1170,34,0.762222,0.580983
1170,35,0.62187,0.386722
1170,36,0.437654,0.191541
1170,37,0.210552,0.0443321
1170,38,-0.0496729,0.0024674
1170,39,-0.32714,0.107021
1170,40,-0.605228,0.366302
1170,41,-0.867075,0.751819
1170,42,-1.09592,1.20104
1170,43,-1.28076,1.64033
1170,44,-1.41736,2.0089
1170,45,-1.50743,2.27234
1170,46,-1.55928,2.43135
1170,47,-1.58393,2.50883
1170,48,-1.59249,2.53603
1170,49,-1.59448,2.54238
1170,50,-1.59448,2.54238
1170,51,-1.59249,2.53603
1170,52,-1.58393,2.50884
1170,53,-1.55928,2.43135
1170,54,-1.50743,2.27233
1170,55,-1.41736,2.0089
1170,56,-1.28076,1.64035
1170,57,-1.09592,1.20104
1170,58,-0.867078,0.751824
1170,59,-0.60523,0.366303
1170,60,-0.327143,0.107023
1170,61,-0.0496748,0.00246758
1170,62,0.210551,0.0443318
1170,63,0.437651,0.191539
1170,64,0.621869,0.386721
1170,65,0.76222,0.58098
1170,66,0.864634,0.747592
1170,67,0.940168,0.883916
1170,68,1.00289,1.0058
1170,69,1.06647,1.13736
1170,70,1.14147,1.30296
1170,71,1.23255,1.51918
1170,72,1.33574,1.78421
1170,73,1.43948,2.0721
1170,74,1.52591,2.32841
1170,75,1.57168,2.47017
1170,76,1.55165,2.4076
1170,77,1.44398,2.08508
1170,78,1.23459,1.52421
1170,79,0.921791,0.849699
1170,80,0.516263,0.266528
1170,81,0.0421061,0.00177292
1170,82,-0.464427,0.215692
1170,83,-0.960936,0.923397
1170,84,-1.40323,1.96904
1170,85,-1.75041,3.06394
1170,86,-1.96983,3.88022
1170,87,-2.04142,4.16741
1170,88,-1.96313,3.85387
1170,89,-1.75179,3.06877
1170,90,-1.43958,2.07238
1170,91,-1.06827,1.14119
1170,92,-0.683692,0.467435
1170,93,-0.329878,0.10882
1170,94,-0.0441241,0.00194693
1170,95,0.146274,0.021396
1170,96,0.231053,0.0533854
1170,97,0.217587,0.0473442
1170,98,0.128848,0.0166018
1170,99,0,0
1180,0,0,0
1180,1,-0.143185,0.0205018
1180,2,-0.241613,0.0583766
1180,3,-0.255952,0.0655116
1180,4,-0.159445,0.0254227
1180,5,0.0554371,0.00307328
1180,6,0.375193,0.14077
1180,7,0.768345,0.590353
1180,8,1.19018,1.41652
1180,9,1.59014,2.52854
1180,10,1.92001,3.68645
1180,11,2.13497,4.5581
1180,12,2.20114,4.845
1180,13,2.10299,4.42259
1180,14,1.84436,3.40165
1180,15,1.4488,2.09903
1180,16,0.953765,0.909667
1180,17,0.404314,0.16347
1180,18,-0.149293,0.0222885
1180,19,-0.659213,0.434561
1180,20,-1.0875,1.18267
1180,21,-1.40893,1.98507
1180,22,-1.61358,2.60363
1180,23,-1.70557,2.90895
1180,24,-1.70101,2.89345
1180,25,-1.62476,2.63985
1180,26,-1.5052,2.26562
1180,27,-1.36914,1.87456
1180,28,-1.23754,1.53151
1180,29,-1.12405,1.26348
1180,30,-1.03261,1.06628
1180,31,-0.95733,0.91648
1180,32,-0.886573,0.786011
1180,33,-0.806177,0.649922
1180,34,-0.701176,0.491648
1180,35,-0.557874,0.311223
1180,36,-0.369133,0.136259
1180,37,-0.136922,0.0187476
1180,38,0.129937,0.0168836
1180,39,0.417558,0.174354
1180,40,0.706739,0.49948
1180,41,0.977475,0.955457
1180,42,1.21506,1.47637
1180,43,1.40957,1.98689
1180,44,1.55556,2.41975
1180,45,1.65436,2.73691
1180,46,1.71447,2.93939
1180,47,1.7473,3.05307
1180,48,1.76267,3.107
1180,49,1.76804,3.12597
1180,50,1.76804,3.12598
1180,51,1.76267,3.107
1180,52,1.7473,3.05307
1180,53,1.71446,2.93939
1180,54,1.65436,2.73691
1180,55,1.55555,2.41975
1180,56,1.40957,1.98688
1180,57,1.21506,1.47637
1180,58,0.977475,0.955456
1180,59,0.706739,0.49948
1180,60,0.417559,0.174356
1180,61,0.129939,0.016884
1180,62,-0.136919,0.0187469
1180,63,-0.369133,0.136259
1180,64,-0.557876,0.311225
1180,65,-0.701176,0.491648
1180,66,-0.806179,0.649924
1180,67,-0.886571,0.786008
1180,68,-0.957332,0.916484
1180,69,-1.03261,1.06628
1180,70,-1.12405,1.26349
1180,71,-1.23754,1.53151
1180,72,-1.36914,1.87456
1180,73,-1.5052,2.26562
1180,74,-1.62476,2.63984
1180,75,-1.70101,2.89345
1180,76,-1.70556,2.90895
1180,77,-1.61358,2.60363
1180,78,-1.40892,1.98507
1180,79,-1.0875,1.18266
1180,80,-0.659214,0.434564
1180,81,-0.149293,0.0222884
1180,82,0.404313,0.163469
1180,83,0.953768,0.909673
1180,84,1.4488,2.09903
1180,85,1.84436,3.40166
1180,86,2.103,4.42259
1180,87,2.20114,4.845
1180,88,2.13497,4.5581
1180,89,1.92001,3.68644
1180,90,1.59014,2.52855
1180,91,1.19018,1.41652
1180,92,0.768341,0.590348
1180,93,0.375193,0.14077
1180,94,0.0554404,0.00307364
1180,95,-0.159443,0.025422
1180,96,-0.255954,0.0655123
1180,97,-0.241613,0.0583768
1180,98,-0.143185,0.0205021
1180,99,0,0
1190,0,0,0
1190,1,0.154599,0.023901
1190,2,0.260408,0.0678125
1190,3,0.275316,0.0757991
1190,4,0.170754,0.0291571
1190,5,-0.0613835,0.00376794
1190,6,-0.406301,0.16508
1190,7,-0.82902,0.687275
1190,8,-1.28173,1.64284
1190,9,-1.70928,2.92165
1190,10,-2.05576,4.22613
1190,11,-2.27377,5.17005
1190,12,-2.32993,5.42859
1190,13,-2.20964,4.8825
1190,14,-1.91978,3.68554
1190,15,-1.48517,2.20573
1190,16,-0.946302,0.895487
1190,17,-0.353697,0.125102
1190,18,0.239819,0.0575133
1190,19,0.782775,0.612737
1190,20,1.23358,1.52171
1190,21,1.56613,2.45276
1190,22,1.77024,3.13375
1190,23,1.8505,3.42437
1190,24,1.82463,3.32929
1190,25,1.72049,2.96008
1190,26,1.57017,2.46543
1190,27,1.4048,1.97346
1190,28,1.24863,1.55907
1190,29,1.11578,1.24496
1190,30,1.01006,1.02022
1190,31,0.926023,0.857518
1190,32,0.850362,0.723115
1190,33,0.765804,0.586456
1190,34,0.656837,0.431435
1190,35,0.511789,0.261928
1190,36,0.322974,0.104312
1190,37,0.0894547,0.00800214
1190,38,-0.18064,0.0326308
1190,39,-0.47194,0.222727
1190,40,-0.766984,0.588264
1190,41,-1.04886,1.1001
1190,42,-1.30112,1.69291
1190,43,-1.5113,2.28404
1190,44,-1.67494,2.80543
1190,45,-1.79313,3.21531
1190,46,-1.86946,3.49488
1190,47,-1.91256,3.6579
1190,48,-1.93379,3.73956
1190,49,-1.94207,3.77163
1190,50,-1.94207,3.77165
1190,51,-1.9338,3.73957
1190,52,-1.91256,3.6579
1190,53,-1.86946,3.49489
1190,54,-1.79313,3.21532
1190,55,-1.67494,2.80543
1190,56,-1.5113,2.28404
1190,57,-1.30112,1.69291
1190,58,-1.04886,1.1001
1190,59,-0.766984,0.588265
1190,60,-0.471938,0.222726
1190,61,-0.180641,0.0326312
1190,62,0.0894568,0.00800252
1190,63,0.322973,0.104311
1190,64,0.511787,0.261926
1190,65,0.656837,0.431434
1190,66,0.765806,0.586459
1190,67,0.850362,0.723115
1190,68,0.926025,0.857522
1190,69,1.01006,1.02022
1190,70,1.11578,1.24496
1190,71,1.24863,1.55907
1190,72,1.4048,1.97346
1190,73,1.57017,2.46543
1190,74,1.72049,2.96007
1190,75,1.82463,3.32928
1190,76,1.8505,3.42435
1190,77,1.77024,3.13374
1190,78,1.56613,2.45275
1190,79,1.23357,1.52171
1190,80,0.782777,0.61274
1190,81,0.239818,0.0575125
1190,82,-0.353698,0.125103
1190,83,-0.946303,0.895489
1190,84,-1.48517,2.20573
1190,85,-1.91978,3.68554
1190,86,-2.20964,4.88251
1190,87,-2.32993,5.42859
1190,88,-2.27378,5.17006
1190,89,-2.05576,4.22614
1190,90,-1.70929,2.92166
1190,91,-1.28173,1.64284
1190,92,-0.82902,0.687274
1190,93,-0.4063,0.16508
1190,94,-0.0613844,0.00376805
1190,95,0.170753,0.0291567
1190,96,0.275317,0.0757992
1190,97,0.260409,0.0678128
1190,98,0.154598,0.0239007
1190,99,0,0
1200,0,0,0
1200,1,-0.161599,0.0261142
1200,2,-0.271596,0.0737641
1200,3,-0.285453,0.0814834
1200,4,-0.174736,0.0305327
1200,5,0.0680422,0.00462975
1200,6,0.428954,0.184001
1200,7,0.873144,0.76238
1200,8,1.35135,1.82614
1200,9,1.80486,3.25751
1200,10,2.1722,4.71844
1200,11,2.39976,5.75886
1200,12,2.45175,6.01109
1200,13,2.31376,5.3535
1200,14,1.99176,3.96712
1200,15,1.51283,2.28866
1200,16,0.923391,0.852651
1200,17,0.280564,0.0787164
1200,18,-0.355425,0.126327
1200,19,-0.928872,0.862803
1200,20,-1.39757,1.9532
1200,21,-1.73529,3.01124
1200,22,-1.93228,3.73371
1200,23,-1.99506,3.98026
1200,24,-1.94457,3.78135
1200,25,-1.81274,3.28604
1200,26,-1.63493,2.673
1200,27,-1.44254,2.08093
1200,28,-1.26041,1.58862
1200,29,-1.10567,1.22251
1200,30,-0.983352,0.966982
1200,31,-0.887772,0.78814
1200,32,-0.805846,0.649388
1200,33,-0.719383,0.517512
1200,34,-0.6102,0.372344
1200,35,-0.463864,0.21517
1200,36,-0.272856,0.0744505
1200,37,-0.0371992,0.00138378
1200,38,0.236499,0.0559316
1200,39,0.535163,0.2864
1200,40,0.841281,0.707754
1200,41,1.13468,1.2875
1200,42,1.39747,1.95293
1200,43,1.61774,2.61709
1200,44,1.78876,3.19966
1200,45,1.91135,3.65325
1200,46,1.99247,3.96995
1200,47,2.04096,4.16551
1200,48,2.06589,4.2679
1200,49,2.07585,4.30914
1200,50,2.07585,4.30913
1200,51,2.06589,4.2679
1200,52,2.04096,4.1655
1200,53,1.99247,3.96995
1200,54,1.91135,3.65324
1200,55,1.78876,3.19965
1200,56,1.61774,2.61708
1200,57,1.39747,1.95293
1200,58,1.13468,1.2875
1200,59,0.841281,0.707753
1200,60,0.53516,0.286396
1200,61,0.236499,0.055932
1200,62,-0.0372014,0.00138394
1200,63,-0.272855,0.07445
1200,64,-0.463865,0.215171
1200,65,-0.610199,0.372343
1200,66,-0.719384,0.517514
1200,67,-0.805847,0.649389
1200,68,-0.887773,0.788141
1200,69,-0.983354,0.966985
1200,70,-1.10567,1.22252
1200,71,-1.26041,1.58863
1200,72,-1.44254,2.08093
1200,73,-1.63493,2.673
1200,74,-1.81274,3.28604
1200,75,-1.94457,3.78135
1200,76,-1.99506,3.98025
1200,77,-1.93228,3.73371
1200,78,-1.73529,3.01125
1200,79,-1.39757,1.95319
1200,80,-0.92887,0.8628
1200,81,-0.355421,0.126324
1200,82,0.280565,0.0787166
1200,83,0.923392,0.852652
1200,84,1.51283,2.28866
1200,85,1.99176,3.96712
1200,86,2.31376,5.35349
1200,87,2.45175,6.01107
1200,88,2.39976,5.75886
1200,89,2.17219,4.71843
1200,90,1.80486,3.25751
1200,91,1.35134,1.82613
1200,92,0.873145,0.762382
1200,93,0.428955,0.184002
1200,94,0.0680431,0.00462987
1200,95,-0.174736,0.0305326
1200,96,-0.285451,0.0814824
1200,97,-0.271594,0.0737636
1200,98,-0.161602,0.0261151
1200,99,0,0
1210,0,0,0
1210,1,0.166858,0.0278414
1210,2,0.278357,0.0774828
1210,3,0.288958,0.0834968
1210,4,0.169158,0.0286144
1210,5,-0.0890036,0.00792165
1210,6,-0.470743,0.221599
1210,7,-0.940229,0.88403
1210,8,-1.44326,2.08299
1210,9,-1.91535,3.66858
1210,10,-2.29477,5.26596
1210,11,-2.52795,6.39053
1210,12,-2.57553,6.63338
1210,13,-2.42105,5.86146
1210,14,-2.07294,4.29708
1210,15,-1.56112,2.4371
1210,16,-0.931899,0.868436
1210,17,-0.244645,0.0598512
1210,18,0.434445,0.188742
1210,19,1.04532,1.0927
1210,20,1.54104,2.3748
1210,21,1.89196,3.57951
1210,22,2.08811,4.36022
1210,23,2.13738,4.56839
1210,24,2.06463,4.26269
1210,25,1.90384,3.62461
1210,26,1.69163,2.8616
1210,27,1.46423,2.14398
1210,28,1.25029,1.56323
1210,29,1.06759,1.13974
1210,30,0.923898,0.853588
1210,31,0.815899,0.665692
1210,32,0.729129,0.531629
1210,33,0.643304,0.41384
1210,34,0.537081,0.288456
1210,35,0.393071,0.154505
1210,36,0.202192,0.0408814
1210,37,-0.0361859,0.00130942
1210,38,-0.314305,0.0987873
1210,39,-0.617517,0.381328
1210,40,-0.927603,0.860447
1210,41,-1.22509,1.50084
1210,42,-1.49254,2.22768
1210,43,-1.71758,2.9501
1210,44,-1.89416,3.58785
1210,45,-2.02234,4.08984
1210,46,-2.10717,4.44015
1210,47,-2.15749,4.65478
1210,48,-2.18338,4.76714
1210,49,-2.19372,4.81239
1210,50,-2.19371,4.81238
1210,51,-2.18338,4.76714
1210,52,-2.15749,4.65476
1210,53,-2.10717,4.44015
1210,54,-2.02233,4.08984
1210,55,-1.89416,3.58785
1210,56,-1.71758,2.95009
1210,57,-1.49254,2.22767
1210,58,-1.22509,1.50084
1210,59,-0.927604,0.860448
1210,60,-0.617513,0.381322
1210,61,-0.314304,0.0987873
1210,62,-0.0361836,0.00130926
1210,63,0.202189,0.0408806
1210,64,0.393074,0.154507
1210,65,0.53708,0.288455
1210,66,0.643307,0.413843
1210,67,0.729131,0.531632
1210,68,0.815902,0.665696
1210,69,0.923899,0.853589
1210,70,1.06759,1.13974
1210,71,1.25029,1.56323
1210,72,1.46423,2.14398
1210,73,1.69163,2.86161
1210,74,1.90384,3.62462
1210,75,2.06463,4.2627
1210,76,2.13738,4.56839
1210,77,2.08811,4.36021
1210,78,1.89196,3.57951
1210,79,1.54104,2.3748
1210,80,1.04532,1.0927
1210,81,0.434448,0.188745
1210,82,-0.244644,0.0598509
1210,83,-0.931896,0.86843
1210,84,-1.56112,2.4371
1210,85,-2.07294,4.29707
1210,86,-2.42104,5.86145
1210,87,-2.57553,6.63336
1210,88,-2.52795,6.39051
1210,89,-2.29476,5.26595
1210,90,-1.91535,3.66858
1210,91,-1.44326,2.08299
1210,92,-0.940228,0.884029
1210,93,-0.470743,0.221599
1210,94,-0.0890024,0.00792143
1210,95,0.169159,0.0286146
1210,96,0.288961,0.0834982
1210,97,0.278356,0.0774822
1210,98,0.166859,0.0278418
1210,99,0,0
1220,0,0,0
1220,1,-0.161373,0.0260411
1220,2,-0.266401,0.0709693
1220,3,-0.267995,0.0718214
1220,4,-0.135355,0.018321
1220,5,0.13999,0.0195973
1220,6,0.542327,0.294118
1220,7,1.03257,1.06619
1220,8,1.55473,2.41719
1220,9,2.04475,4.181
1220,10,2.43657,5.93686
1220,11,2.67219,7.14062
1220,12,2.71165,7.35305
1220,13,2.53715,6.43715
1220,14,2.15694,4.65239
1220,15,1.60463,2.57484
1220,16,0.932573,0.869693
1220,17,0.204333,0.041752
1220,18,-0.513141,0.263314
1220,19,-1.15754,1.3399
1220,20,-1.67897,2.81893
1220,21,-2.04498,4.18195
1220,22,-2.2429,5.03062
1220,23,-2.28006,5.19869
1220,24,-2.18052,4.75465
1220,25,-1.98159,3.92668
1220,26,-1.72771,2.985
1220,27,-1.46036,2.13267
1220,28,-1.21208,1.46913
1220,29,-1.00445,1.00893
1220,30,-0.844987,0.714002
1220,31,-0.727458,0.529195
1220,32,-0.636359,0.404953
1220,33,-0.550231,0.302754
1220,34,-0.446641,0.199488
1220,35,-0.308014,0.0948727
1220,36,-0.122963,0.01512
1220,37,0.111269,0.0123809
1220,38,0.387837,0.150417
1220,39,0.69284,0.480027
1220,40,1.00718,1.01441
1220,41,1.31089,1.71843
1220,42,1.5858,2.51475
1220,43,1.81687,3.30101
1220,44,1.99613,3.98454
1220,45,2.12346,4.50908
1220,46,2.20523,4.86304
1220,47,2.25141,5.06883
1220,48,2.27299,5.16647
1220,49,2.28076,5.20188
1220,50,2.28076,5.20187
1220,51,2.27299,5.16647
1220,52,2.25141,5.06883
1220,53,2.20523,4.86303
1220,54,2.12346,4.50907
1220,55,1.99613,3.98453
1220,56,1.81687,3.30102
1220,57,1.5858,2.51475
1220,58,1.31089,1.71843
1220,59,1.00718,1.01442
1220,60,0.692842,0.48003
1220,61,0.387839,0.150419
1220,62,0.111268,0.0123805
1220,63,-0.122961,0.0151195
1220,64,-0.308013,0.094872
1220,65,-0.44664,0.199488
1220,66,-0.550233,0.302757
1220,67,-0.63636,0.404954
1220,68,-0.72746,0.529199
1220,69,-0.844986,0.714001
1220,70,-1.00445,1.00892
1220,71,-1.21207,1.46913
1220,72,-1.46036,2.13266
1220,73,-1.72771,2.985
1220,74,-1.98159,3.92668
1220,75,-2.18052,4.75465
1220,76,-2.28006,5.19869
1220,77,-2.2429,5.03061
1220,78,-2.04498,4.18194
1220,79,-1.67897,2.81893
1220,80,-1.15754,1.3399
1220,81,-0.513142,0.263314
1220,82,0.204333,0.0417521
1220,83,0.932573,0.869693
1220,84,1.60463,2.57484
1220,85,2.15694,4.6524
1220,86,2.53715,6.43715
1220,87,2.71165,7.35305
1220,88,2.6722,7.14064
1220,89,2.43657,5.93685
1220,90,2.04475,4.18099
1220,91,1.55473,2.41719
1220,92,1.03257,1.0662
1220,93,0.542327,0.294119
1220,94,0.139989,0.019597
1220,95,-0.135354,0.0183208
1220,96,-0.267997,0.0718225
1220,97,-0.2664,0.0709688
1220,98,-0.161371,0.0260406
1220,99,0,0
1230,0,0,0
1230,1,0.167961,0.0282109
1230,2,0.276465,0.0764328
1230,3,0.274819,0.0755254
1230,4,0.130472,0.017023
1230,5,-0.165111,0.0272618
1230,6,-0.593525,0.352271
1230,7,-1.11172,1.23593
1230,8,-1.65967,2.75451
1230,9,-2.16859,4.7028
1230,10,-2.57047,6.60734
1230,11,-2.80696,7.87904
1230,12,-2.8365,8.04572
1230,13,-2.6419,6.97963
1230,14,-2.23287,4.9857
1230,15,-1.64321,2.70015
1230,16,-0.928435,0.861991
1230,17,-0.156824,0.0245937
1230,18,0.601198,0.361439
1230,19,1.27862,1.63486
1230,20,1.82128,3.31707
1230,21,2.19568,4.82101
1230,22,2.38982,5.71122
1230,23,2.41219,5.81867
1230,24,2.28894,5.23923
1230,25,2.06086,4.24715
1230,26,1.77472,3.14964
1230,27,1.47351,2.17124
1230,28,1.19217,1.42128
1230,29,0.954062,0.910235
1230,30,0.770533,0.593722
1230,31,0.639795,0.409337
1230,32,0.54586,0.297963
1230,33,0.464097,0.215386
1230,34,0.369514,0.136541
1230,35,0.240785,0.0579773
1230,36,0.0632697,0.00400305
1230,37,-0.167165,0.0279442
1230,38,-0.444144,0.197264
1230,39,-0.752138,0.565712
1230,40,-1.07039,1.14574
1230,41,-1.37793,1.8987
1230,42,-1.65589,2.74199
1230,43,-1.88947,3.57008
1230,44,-2.07084,4.28838
1230,45,-2.20054,4.84238
1230,46,-2.28597,5.22565
1230,47,-2.33713,5.46218
1230,48,-2.36322,5.58483
1230,49,-2.37293,5.6308
1230,50,-2.37293,5.63079
1230,51,-2.36322,5.58482
1230,52,-2.33713,5.46218
1230,53,-2.28597,5.22565
1230,54,-2.20054,4.84237
1230,55,-2.07084,4.28838
1230,56,-1.88947,3.57009
1230,57,-1.65589,2.74198
1230,58,-1.37793,1.8987
1230,59,-1.07039,1.14574
1230,60,-0.752139,0.565713
1230,61,-0.444145,0.197265
1230,62,-0.167167,0.0279447
1230,63,0.0632714,0.00400326
1230,64,0.240782,0.0579759
1230,65,0.369512,0.136539
1230,66,0.464095,0.215384
1230,67,0.54586,0.297963
1230,68,0.639794,0.409336
1230,69,0.770533,0.593721
1230,70,0.954064,0.910238
1230,71,1.19217,1.42128
1230,72,1.47352,2.17125
1230,73,1.77472,3.14963
1230,74,2.06086,4.24715
1230,75,2.28894,5.23922
1230,76,2.41219,5.81866
1230,77,2.38982,5.71122
1230,78,2.19568,4.821
1230,79,1.82128,3.31706
1230,80,1.27862,1.63486
1230,81,0.601194,0.361435
1230,82,-0.156826,0.0245943
1230,83,-0.928436,0.861993
1230,84,-1.64321,2.70014
1230,85,-2.23287,4.9857
1230,86,-2.6419,6.97964
1230,87,-2.8365,8.04573
1230,88,-2.80696,7.87904
1230,89,-2.57048,6.60735
1230,90,-2.1686,4.70281
1230,91,-1.65967,2.75451
1230,92,-1.11172,1.23593
1230,93,-0.593525,0.352272
1230,94,-0.165113,0.0272621
1230,95,0.130475,0.0170236
1230,96,0.274821,0.0755267
1230,97,0.276463,0.076432
1230,98,0.167962,0.0282112
1230,99,0,0
1240,0,0,0
1240,1,-0.164365,0.027016
1240,2,-0.266615,0.0710833
1240,3,-0.255252,0.0651537
1240,4,-0.0984752,0.00969737
1240,5,0.211691,0.0448132
1240,6,0.656395,0.430855
1240,7,1.19251,1.42208
1240,8,1.75833,3.09173
1240,9,2.28158,5.20563
1240,10,2.69087,7.24078
1240,11,2.92523,8.55695
1240,12,2.94273,8.65967
1240,13,2.72688,7.43585
1240,14,2.28817,5.2357
1240,15,1.66326,2.76642
1240,16,0.909036,0.826346
1240,17,0.0966665,0.0093444
1240,18,-0.696952,0.485742
1240,19,-1.40225,1.9663
1240,20,-1.96408,3.85762
1240,21,-2.34658,5.50646
1240,22,-2.53687,6.43569
1240,23,-2.54414,6.47265
1240,24,-2.39755,5.74825
1240,25,-2.14043,4.58143
1240,26,-1.82219,3.32039
1240,27,-1.4896,2.2189
1240,28,-1.17936,1.39089
1240,29,-0.917367,0.841562
1240,30,-0.716439,0.513284
1240,31,-0.573103,0.328447
1240,32,-0.470764,0.221619
1240,33,-0.385112,0.148311
1240,34,-0.290246,0.0842425
1240,35,-0.164941,0.0272054
1240,36,0.00554067,3.06991e-05
1240,37,0.228591,0.0522541
1240,38,0.500293,0.250293
1240,39,0.806066,0.649743
1240,40,1.12677,1.26962
1240,41,1.44058,2.07527
1240,42,1.72713,2.98297
1240,43,1.97122,3.88573
1240,44,2.16379,4.68198
1240,45,2.30406,5.3087
1240,46,2.39728,5.74696
1240,47,2.45295,6.01697
1240,48,2.48289,6.16472
1240,49,2.49574,6.2287
1240,50,2.49573,6.22868
1240,51,2.48288,6.1647
1240,52,2.45295,6.01695
1240,53,2.39728,5.74697
1240,54,2.30406,5.3087
1240,55,2.16379,4.68198
1240,56,1.97122,3.88572
1240,57,1.72713,2.98297
1240,58,1.44058,2.07526
1240,59,1.12677,1.26961
1240,60,0.806064,0.649739
1240,61,0.500292,0.250292
1240,62,0.22859,0.0522533
1240,63,0.00554034,3.06953e-05
1240,64,-0.164941,0.0272056
1240,65,-0.290247,0.0842435
1240,66,-0.385113,0.148312
1240,67,-0.470767,0.221622
1240,68,-0.573104,0.328448
1240,69,-0.716442,0.513289
1240,70,-0.91737,0.841568
1240,71,-1.17936,1.39089
1240,72,-1.4896,2.2189
1240,73,-1.82219,3.32039
1240,74,-2.14042,4.58142
1240,75,-2.39755,5.74824
1240,76,-2.54414,6.47264
1240,77,-2.53686,6.43568
1240,78,-2.34658,5.50646
1240,79,-1.96408,3.85762
1240,80,-1.40225,1.96629
1240,81,-0.696953,0.485743
1240,82,0.0966677,0.00934465
1240,83,0.909039,0.826353
1240,84,1.66326,2.76643
1240,85,2.28817,5.23571
1240,86,2.72688,7.43585
1240,87,2.94273,8.65967
1240,88,2.92523,8.55697
1240,89,2.69087,7.2408
1240,90,2.28159,5.20563
1240,91,1.75833,3.09173
1240,92,1.19251,1.42208
1240,93,0.656396,0.430856
1240,94,0.211691,0.0448132
1240,95,-0.0984753,0.00969738
1240,96,-0.255251,0.0651531
1240,97,-0.266618,0.0710852
1240,98,-0.164368,0.0270169
1240,99,0,0
1250,0,0,0
1250,1,0.165029,0.0272344
1250,2,0.264348,0.0698798
1250,3,0.24603,0.0605307
1250,4,0.0790123,0.00624295
1250,5,-0.243824,0.0594503
1250,6,-0.70503,0.497068
1250,7,-1.26118,1.59057
1250,8,-1.84745,3.41306
1250,9,-2.38867,5.70575
1250,10,-2.81026,7.89757
1250,11,-3.04807,9.2907
1250,12,-3.05799,9.35132
1250,13,-2.8228,7.96818
1250,14,-2.35492,5.54563
1250,15,-1.69452,2.87141
1250,16,-0.902024,0.813647
1250,17,-0.0521824,0.00272301
1250,18,0.774915,0.600493
1250,19,1.50609,2.2683
1250,20,2.08438,4.34464
1250,21,2.47366,6.11901
1250,22,2.6599,7.07508
1250,23,2.65281,7.0374
1250,24,2.48424,6.17145
1250,25,2.2003,4.84133
1250,26,1.85236,3.43125
1250,27,1.49029,2.22095
1250,28,1.15536,1.33485
1250,29,0.87494,0.76552
1250,30,0.660761,0.436605
1250,31,0.509546,0.259637
1250,32,0.404481,0.163605
1250,33,0.320006,0.102404
1250,34,0.229396,0.0526227
1250,35,0.109075,0.0118973
1250,36,-0.0579409,0.00335715
1250,37,-0.27838,0.0774957
1250,38,-0.549376,0.301814
1250,39,-0.858045,0.736242
1250,40,-1.18372,1.40119
1250,41,-1.50472,2.26419
1250,42,-1.80106,3.24381
1250,43,-2.05621,4.228
1250,44,-2.2596,5.1058
1250,45,-2.40834,5.8001
1250,46,-2.50708,6.28543
1250,47,-2.56572,6.5829
1250,48,-2.59611,6.73977
1250,49,-2.60859,6.80474
1250,50,-2.60859,6.80473
1250,51,-2.59611,6.73978
1250,52,-2.56571,6.58289
1250,53,-2.50708,6.28544
1250,54,-2.40834,5.8001
1250,55,-2.2596,5.1058
1250,56,-2.05621,4.228
1250,57,-1.80106,3.2438
1250,58,-1.50472,2.2642
1250,59,-1.18372,1.4012
1250,60,-0.858046,0.736242
1250,61,-0.549378,0.301816
1250,62,-0.278382,0.0774963
1250,63,-0.0579424,0.00335732
1250,64,0.109078,0.011898
1250,65,0.229396,0.0526224
1250,66,0.320006,0.102404
1250,67,0.40448,0.163604
1250,68,0.509546,0.259637
1250,69,0.660761,0.436605
1250,70,0.874938,0.765517
1250,71,1.15535,1.33484
1250,72,1.49028,2.22095
1250,73,1.85236,3.43124
1250,74,2.2003,4.84133
1250,75,2.48424,6.17143
1250,76,2.65281,7.03741
1250,77,2.6599,7.07508
1250,78,2.47366,6.11901
1250,79,2.08438,4.34464
1250,80,1.50609,2.2683
1250,81,0.774916,0.600494
1250,82,-0.0521839,0.00272316
1250,83,-0.902023,0.813646
1250,84,-1.69452,2.87141
1250,85,-2.35492,5.54564
1250,86,-2.8228,7.96818
1250,87,-3.058,9.35134
1250,88,-3.04807,9.29072
1250,89,-2.81026,7.89759
1250,90,-2.38867,5.70576
1250,91,-1.84745,3.41306
1250,92,-1.26118,1.59057
1250,93,-0.705029,0.497065
1250,94,-0.243824,0.0594501
1250,95,0.0790123,0.00624294
1250,96,0.246031,0.0605314
1250,97,0.264348,0.0698799
1250,98,0.165028,0.0272342
1250,99,0,0
1260,0,0,0
1260,1,-0.17232,0.0296941
1260,2,-0.277855,0.0772036
1260,3,-0.262392,0.0688497
1260,4,-0.0914358,0.00836051
1260,5,0.244459,0.0597603
1260,6,0.726154,0.5273
1260,7,1.306,1.70565
1260,8,1.91558,3.66944
1260,9,2.4763,6.13205
1260,10,2.91049,8.47094
1260,11,3.15313,9.94221
1260,12,3.15934,9.98142
1260,13,2.91097,8.47376
1260,14,2.42064,5.85952
1260,15,1.72862,2.98811
1260,16,0.899264,0.808675
1260,17,0.0130977,0.00017155
1260,18,-0.846642,0.716803
1260,19,-1.60274,2.56877
1260,20,-2.19437,4.81527
1260,21,-2.58474,6.68088
1260,22,-2.76215,7.62945
1260,23,-2.739,7.50212
1260,24,-2.54811,6.49285
1260,25,-2.23751,5.00643
1260,26,-1.86142,3.46487
1260,27,-1.47153,2.16541
1260,28,-1.1115,1.23544
1260,29,-0.811817,0.659048
1260,30,-0.585055,0.34229
1260,31,-0.426025,0.181498
1260,32,-0.317384,0.100733
1260,33,-0.234549,0.0550133
1260,34,-0.149643,0.0223931
1260,35,-0.0377476,0.00142488
1260,36,0.11974,0.0143376
1260,37,0.332334,0.110446
1260,38,0.597576,0.357097
1260,39,0.902545,0.814587
1260,40,1.22831,1.50876
1260,41,1.55349,2.41332
1260,42,1.85586,3.44422
1260,43,2.11753,4.48394
1260,44,2.32815,5.42029
1260,45,2.48505,6.17547
1260,46,2.59348,6.72615
1260,47,2.66291,7.09111
1260,48,2.70266,7.30436
1260,49,2.72057,7.40151
1260,50,2.72057,7.4015
1260,51,2.70266,7.30436
1260,52,2.66291,7.0911
1260,53,2.59348,6.72615
1260,54,2.48505,6.17547
1260,55,2.32815,5.4203
1260,56,2.11753,4.48394
1260,57,1.85586,3.44422
1260,58,1.55349,2.41333
1260,59,1.22832,1.50876
1260,60,0.902545,0.814588
1260,61,0.597577,0.357098
1260,62,0.332334,0.110446
1260,63,0.11974,0.0143377
1260,64,-0.037749,0.00142499
1260,65,-0.149645,0.0223937
1260,66,-0.234549,0.0550131
1260,67,-0.317384,0.100732
1260,68,-0.426024,0.181496
1260,69,-0.585056,0.34229
1260,70,-0.811816,0.659046
1260,71,-1.1115,1.23543
1260,72,-1.47153,2.1654
1260,73,-1.86141,3.46486
1260,74,-2.23751,5.00643
1260,75,-2.54811,6.49286
1260,76,-2.739,7.50213
1260,77,-2.76215,7.62945
1260,78,-2.58474,6.68088
1260,79,-2.19437,4.81527
1260,80,-1.60274,2.56877
1260,81,-0.846642,0.716803
1260,82,0.0130953,0.000171486
1260,83,0.899262,0.808672
1260,84,1.72862,2.98811
1260,85,2.42064,5.85952
1260,86,2.91097,8.47374
1260,87,3.15934,9.98142
1260,88,3.15313,9.9422
1260,89,2.91049,8.47093
1260,90,2.4763,6.13205
1260,91,1.91558,3.66943
1260,92,1.306,1.70564
1260,93,0.726153,0.527298
1260,94,0.244458,0.0597598
1260,95,-0.0914362,0.00836057
1260,96,-0.262391,0.0688491
1260,97,-0.277856,0.077204
1260,98,-0.172319,0.0296939
1260,99,0,0
1270,0,0,0
1270,1,0.177648,0.0315588
1270,2,0.287668,0.082753
1270,3,0.271961,0.0739626
1270,4,0.0939932,0.00883472
1270,5,-0.253594,0.0643099
1270,6,-0.748513,0.560271
1270,7,-1.34258,1.80251
1270,8,-1.96601,3.86518
1270,9,-2.5383,6.44295
1270,10,-2.98087,8.88556
1270,11,-3.22618,10.4082
1270,12,-3.22737,10.4159
1270,13,-2.96515,8.79214
1270,14,-2.45252,6.01485
1270,15,-1.73428,3.00774
1270,16,-0.87861,0.771955
1270,17,0.0334001,0.00111557
1270,18,0.91638,0.839753
1270,19,1.69093,2.85924
1270,20,2.29506,5.26729
1270,21,2.68999,7.23603
1270,22,2.86292,8.19632
1270,23,2.82645,7.98881
1270,24,2.6145,6.83559
1270,25,2.27726,5.18593
1270,26,1.8724,3.50589
1270,27,1.45493,2.11683
1270,28,1.06963,1.14412
1270,29,0.747301,0.558458
1270,30,0.50296,0.252969
1270,31,0.333772,0.111404
1270,32,0.221897,0.0492383
1270,33,0.142092,0.02019
1270,34,0.0657333,0.00432087
1270,35,-0.0358671,0.00128645
1270,36,-0.184557,0.0340613
1270,37,-0.38929,0.151547
1270,38,-0.647001,0.41861
1270,39,-0.946314,0.89551
1270,40,-1.26801,1.60785
1270,41,-1.58916,2.52542
1270,42,-1.88983,3.57147
1270,43,-2.15394,4.63946
1270,44,-2.37022,5.61795
1270,45,-2.53514,6.42691
1270,46,-2.65169,7.03149
1270,47,-2.72781,7.44093
1270,48,-2.77239,7.68612
1270,49,-2.79219,7.79635
1270,50,-2.7922,7.79636
1270,51,-2.77238,7.68611
1270,52,-2.72781,7.44093
1270,53,-2.65169,7.03148
1270,54,-2.53513,6.42691
1270,55,-2.37022,5.61796
1270,56,-2.15394,4.63946
1270,57,-1.88983,3.57147
1270,58,-1.58916,2.52542
1270,59,-1.26801,1.60785
1270,60,-0.946313,0.895509
1270,61,-0.647001,0.41861
1270,62,-0.389287,0.151544
1270,63,-0.184556,0.0340608
1270,64,-0.0358631,0.00128616
1270,65,0.0657359,0.00432121
1270,66,0.142092,0.02019
1270,67,0.2219,0.0492395
1270,68,0.333774,0.111405
1270,69,0.502962,0.25297
1270,70,0.7473,0.558458
1270,71,1.06963,1.14412
1270,72,1.45493,2.11683
1270,73,1.8724,3.5059
1270,74,2.27726,5.18593
1270,75,2.6145,6.83561
1270,76,2.82645,7.98881
1270,77,2.86292,8.19632
1270,78,2.68999,7.23603
1270,79,2.29506,5.26728
1270,80,1.69093,2.85926
1270,81,0.916381,0.839754
1270,82,0.0333979,0.00111542
1270,83,-0.878609,0.771954
1270,84,-1.73428,3.00773
1270,85,-2.45252,6.01486
1270,86,-2.96515,8.79214
1270,87,-3.22737,10.4159
1270,88,-3.22618,10.4083
1270,89,-2.98087,8.88557
1270,90,-2.5383,6.44295
1270,91,-1.966,3.86517
1270,92,-1.34257,1.80251
1270,93,-0.748511,0.560269
1270,94,-0.253593,0.0643093
1270,95,0.0939945,0.00883497
1270,96,0.271962,0.0739636
1270,97,0.287671,0.0827548
1270,98,0.177649,0.0315591
1270,99,0,0
1280,0,0,0
1280,1,-0.177303,0.0314365
1280,2,-0.285607,0.0815716
1280,3,-0.26767,0.0716471
1280,4,-0.0865933,0.0074984
1280,5,0.268609,0.072151
1280,6,0.775727,0.601753
1280,7,1.38382,1.91497
1280,8,2.0221,4.0889
1280,9,2.60771,6.80017
1280,10,3.05869,9.35556
1280,11,3.30564,10.9272
1280,12,3.30111,10.8973
1280,13,3.02659,9.16026
1280,14,2.49617,6.23088
1280,15,1.75442,3.078
1280,16,0.870394,0.757585
1280,17,-0.0716113,0.00512818
1280,18,-0.983553,0.967377
1280,19,-1.78406,3.18287
1280,20,-2.40703,5.79382
1280,21,-2.81016,7.897
1280,22,-2.97976,8.87897
1280,23,-2.92876,8.57761
1280,24,-2.69368,7.25591
1280,25,-2.32729,5.41628
1280,26,-1.88923,3.5692
1280,27,-1.43814,2.06825
1280,28,-1.02318,1.0469
1280,29,-0.677392,0.45886
1280,30,-0.414968,0.172198
1280,31,-0.233873,0.0546966
1280,32,-0.11839,0.0140162
1280,33,-0.0412555,0.00170202
1280,34,0.0298637,0.000891843
1280,35,0.123247,0.0151899
1280,36,0.258662,0.066906
1280,37,0.447456,0.200217
1280,38,0.69017,0.476335
1280,39,0.976026,0.952627
1280,40,1.28826,1.65962
1280,41,1.60623,2.57996
1280,42,1.90818,3.64116
1280,43,2.17579,4.73407
1280,44,2.39686,5.74495
1280,45,2.56726,6.59084
1280,46,2.68895,7.23047
1280,47,2.76805,7.66209
1280,48,2.81366,7.91669
1280,49,2.83424,8.03292
1280,50,2.83424,8.03292
1280,51,2.81366,7.91668
1280,52,2.76805,7.66209
1280,53,2.68895,7.23047
1280,54,2.56726,6.59081
1280,55,2.39686,5.74494
1280,56,2.17579,4.73406
1280,57,1.90818,3.64116
1280,58,1.60622,2.57996
1280,59,1.28826,1.65962
1280,60,0.976025,0.952625
1280,61,0.690169,0.476333
1280,62,0.447455,0.200216
1280,63,0.258661,0.0669055
1280,64,0.123249,0.0151904
1280,65,0.0298626,0.000891775
1280,66,-0.0412558,0.00170204
1280,67,-0.118391,0.0140165
1280,68,-0.233875,0.0546973
1280,69,-0.414964,0.172195
1280,70,-0.677392,0.45886
1280,71,-1.02318,1.0469
1280,72,-1.43814,2.06825
1280,73,-1.88923,3.56919
1280,74,-2.32729,5.41628
1280,75,-2.69368,7.2559
1280,76,-2.92875,8.5776
1280,77,-2.97976,8.87897
1280,78,-2.81016,7.89701
1280,79,-2.40704,5.79382
1280,80,-1.78406,3.18287
1280,81,-0.983551,0.967373
1280,82,-0.0716079,0.0051277
1280,83,0.870396,0.757589
1280,84,1.75443,3.07801
1280,85,2.49617,6.23088
1280,86,3.02659,9.16026
1280,87,3.30111,10.8973
1280,88,3.30564,10.9272
1280,89,3.05869,9.35557
1280,90,2.60772,6.80018
1280,91,2.0221,4.08891
1280,92,1.38383,1.91498
1280,93,0.775724,0.601748
1280,94,0.268609,0.0721507
1280,95,-0.0865934,0.00749842
1280,96,-0.267671,0.0716479
1280,97,-0.285607,0.0815713
1280,98,-0.177303,0.0314365
1280,99,0,0
1290,0,0,0
1290,1,0.178992,0.0320382
1290,2,0.28728,0.0825298
1290,3,0.265111,0.070284
1290,4,0.07682,0.00590131
1290,5,-0.285859,0.0817151
1290,6,-0.802198,0.643521
1290,7,-1.42105,2.01937
1290,8,-2.06881,4.27999
1290,9,-2.66256,7.0892
1290,10,-3.12019,9.73559
1290,11,-3.36967,11.3547
1290,12,-3.36115,11.2973
1290,13,-3.07591,9.46121
1290,14,-2.52845,6.39304
1290,15,-1.76444,3.11323
1290,16,-0.854417,0.730029
1290,17,0.115157,0.0132611
1290,18,1.05208,1.10686
1290,19,1.87104,3.50078
1290,20,2.50543,6.27719
1290,21,2.9128,8.48439
1290,22,3.078,9.47408
1290,23,3.0147,9.08839
1290,24,2.76032,7.61934
1290,25,2.36853,5.60994
1290,26,1.90223,3.6185
1290,27,1.423,2.02494
1290,28,0.98156,0.963461
1290,29,0.612633,0.375319
1290,30,0.332777,0.11074
1290,31,0.141136,0.0199193
1290,32,0.0202553,0.000410278
1290,33,-0.0578702,0.00334896
1290,34,-0.124462,0.0154908
1290,35,-0.20927,0.043794
1290,36,-0.335286,0.112417
1290,37,-0.514773,0.264991
1290,38,-0.748896,0.560845
1290,39,-1.02866,1.05813
1290,40,-1.33637,1.7859
1290,41,-1.65042,2.7239
1290,42,-1.94886,3.79807
1290,43,-2.21349,4.89952
1290,44,-2.43312,5.92008
1290,45,-2.603,6.77563
1290,46,-2.7245,7.42289
1290,47,-2.80385,7.86157
1290,48,-2.84962,8.12035
1290,49,-2.87029,8.23854
1290,50,-2.87028,8.23853
1290,51,-2.84962,8.12035
1290,52,-2.80385,7.86156
1290,53,-2.7245,7.4229
1290,54,-2.603,6.77562
1290,55,-2.43312,5.92009
1290,56,-2.21349,4.89952
1290,57,-1.94886,3.79807
1290,58,-1.65042,2.72388
1290,59,-1.33637,1.78589
1290,60,-1.02866,1.05813
1290,61,-0.748896,0.560844
1290,62,-0.514772,0.26499
1290,63,-0.335287,0.112417
1290,64,-0.209271,0.0437946
1290,65,-0.124466,0.0154917
1290,66,-0.0578732,0.00334931
1290,67,0.0202555,0.000410287
1290,68,0.141133,0.0199185
1290,69,0.332779,0.110742
1290,70,0.612634,0.375321
1290,71,0.981561,0.963462
1290,72,1.42301,2.02495
1290,73,1.90223,3.61849
1290,74,2.36854,5.60996
1290,75,2.76031,7.61933
1290,76,3.0147,9.08839
1290,77,3.078,9.47406
1290,78,2.91279,8.48436
1290,79,2.50543,6.27719
1290,80,1.87103,3.50077
1290,81,1.05208,1.10686
1290,82,0.115158,0.0132613
1290,83,-0.854419,0.730031
1290,84,-1.76443,3.11323
1290,85,-2.52845,6.39304
1290,86,-3.07591,9.46121
1290,87,-3.36115,11.2973
1290,88,-3.36967,11.3547
1290,89,-3.1202,9.73562
1290,90,-2.66256,7.0892
1290,91,-2.06882,4.28
1290,92,-1.42105,2.01937
1290,93,-0.802196,0.643518
1290,94,-0.285859,0.0817154
1290,95,0.0768239,0.00590192
1290,96,0.265109,0.070283
1290,97,0.28728,0.0825301
1290,98,0.178993,0.0320386
1290,99,0,0
1300,0,0,0
1300,1,-0.179142,0.0320918
1300,2,-0.286552,0.082112
1300,3,-0.26365,0.0695114
1300,4,-0.0722802,0.00522442
1300,5,0.296488,0.0879052
1300,6,0.819644,0.671816
1300,7,1.4462,2.09148
1300,8,2.10313,4.42317
1300,9,2.70504,7.31724
1300,10,3.16655,10.027
1300,11,3.41598,11.6689
1300,12,3.40434,11.5895
1300,13,3.11205,9.68485
1300,14,2.55346,6.52013
1300,15,1.7739,3.14672
1300,16,0.844539,0.713246
1300,17,-0.145663,0.0212176
1300,18,-1.10221,1.21488
1300,19,-1.93793,3.75557
1300,20,-2.58338,6.67387
1300,21,-2.995,8.97005
1300,22,-3.15815,9.9739
1300,23,-3.08569,9.5215
1300,24,-2.81511,7.92482
1300,25,-2.40207,5.76993
1300,26,-1.91014,3.64863
1300,27,-1.40189,1.96529
1300,28,-0.93165,0.867972
1300,29,-0.538023,0.289469
1300,30,-0.240252,0.0577211
1300,31,-0.0382648,0.00146419
1300,32,0.0843673,0.00711784
1300,33,0.155857,0.0242913
1300,34,0.210655,0.0443754
1300,35,0.280983,0.0789512
1300,36,0.391619,0.153365
1300,37,0.557502,0.310809
1300,38,0.781953,0.61145
1300,39,1.05682,1.11687
1300,40,1.36374,1.8598
1300,41,1.67937,2.82029
1300,42,1.98053,3.92249
1300,43,2.24795,5.05328
1300,44,2.46981,6.09995
1300,45,2.64147,6.97737
1300,46,2.76494,7.64492
1300,47,2.84678,8.10415
1300,48,2.89465,8.37902
1300,49,2.91606,8.50341
1300,50,2.91606,8.5034
1300,51,2.89466,8.37903
1300,52,2.84678,8.10416
1300,53,2.76495,7.64493
1300,54,2.64147,6.97737
1300,55,2.46981,6.09994
1300,56,2.24795,5.05328
1300,57,1.98053,3.9225
1300,58,1.67937,2.8203
1300,59,1.36375,1.8598
1300,60,1.05682,1.11687
1300,61,0.781955,0.611454
1300,62,0.557504,0.31081
1300,63,0.391619,0.153365
1300,64,0.280984,0.078952
1300,65,0.210655,0.0443756
1300,66,0.155858,0.0242918
1300,67,0.084368,0.00711796
1300,68,-0.0382639,0.00146413
1300,69,-0.240252,0.0577211
1300,70,-0.538022,0.289468
1300,71,-0.931653,0.867977
1300,72,-1.40189,1.9653
1300,73,-1.91014,3.64864
1300,74,-2.40207,5.76993
1300,75,-2.81511,7.92483
1300,76,-3.0857,9.52152
1300,77,-3.15815,9.97391
1300,78,-2.99501,8.97006
1300,79,-2.58339,6.67388
1300,80,-1.93793,3.75558
1300,81,-1.10222,1.21488
1300,82,-0.145667,0.0212188
1300,83,0.844537,0.713242
1300,84,1.7739,3.14672
1300,85,2.55346,6.52014
1300,86,3.11205,9.68483
1300,87,3.40433,11.5895
1300,88,3.41598,11.6689
1300,89,3.16655,10.027
1300,90,2.70504,7.31725
1300,91,2.10313,4.42317
1300,92,1.44619,2.09148
1300,93,0.819644,0.671817
1300,94,0.296486,0.0879041
1300,95,-0.0722815,0.00522461
1300,96,-0.263648,0.0695105
1300,97,-0.286554,0.0821132
1300,98,-0.179139,0.0320907
1300,99,0,0
1310,0,0,0
1310,1,0.178508,0.0318649
1310,2,0.285391,0.0814478
1310,3,0.260916,0.0680772
1310,4,0.0666249,0.00443888
1310,5,-0.306174,0.0937424
1310,6,-0.834424,0.696264
1310,7,-1.46638,2.15026
1310,8,-2.12781,4.52758
1310,9,-2.73279,7.46812
1310,10,-3.19518,10.2092
1310,11,-3.4412,11.8419
1310,12,-3.42196,11.7098
1310,13,-3.12015,9.73532
1310,14,-2.55075,6.50635
1310,15,-1.76015,3.09814
1310,16,-0.82137,0.674649
1310,17,0.176752,0.0312414
1310,18,1.14054,1.30083
1310,19,1.98279,3.93147
1310,20,2.6332,6.93374
1310,21,3.04594,9.27773
1310,22,3.20509,10.2726
1310,23,3.12406,9.75974
1310,24,2.84063,8.06917
1310,25,2.41086,5.81225
1310,26,1.90007,3.61028
1310,27,1.37315,1.88554
1310,28,0.885879,0.784782
1310,29,0.47887,0.229317
1310,30,0.173108,0.0299663
1310,31,-0.0321195,0.00103166
1310,32,-0.154241,0.0237904
1310,33,-0.221784,0.049188
1310,34,-0.26935,0.0725496
1310,35,-0.330882,0.109483
1310,36,-0.433207,0.187668
1310,37,-0.591604,0.349995
1310,38,-0.809122,0.654678
1310,39,-1.0777,1.16143
1310,40,-1.38041,1.90554
1310,41,-1.69466,2.87188
1310,42,-1.99747,3.9899
1310,43,-2.26991,5.15251
1310,44,-2.49847,6.24235
1310,45,-2.67628,7.16249
1310,46,-2.80385,7.86156
1310,47,-2.88726,8.33626
1310,48,-2.93548,8.61705
1310,49,-2.95691,8.7433
1310,50,-2.9569,8.74328
1310,51,-2.93548,8.61706
1310,52,-2.88726,8.33626
1310,53,-2.80385,7.86156
1310,54,-2.67628,7.16248
1310,55,-2.49847,6.24236
1310,56,-2.26991,5.15251
1310,57,-1.99747,3.9899
1310,58,-1.69466,2.87187
1310,59,-1.38041,1.90554
1310,60,-1.0777,1.16143
1310,61,-0.809123,0.65468
1310,62,-0.591606,0.349997
1310,63,-0.433208,0.187669
1310,64,-0.330885,0.109485
1310,65,-0.26935,0.0725492
1310,66,-0.221783,0.0491875
1310,67,-0.15424,0.0237899
1310,68,-0.0321154,0.0010314
1310,69,0.173107,0.0299661
1310,70,0.478871,0.229317
1310,71,0.88588,0.784783
1310,72,1.37315,1.88554
1310,73,1.90007,3.61026
1310,74,2.41086,5.81222
1310,75,2.84062,8.06915
1310,76,3.12406,9.75975
1310,77,3.20509,10.2726
1310,78,3.04594,9.27774
1310,79,2.6332,6.93375
1310,80,1.98279,3.93147
1310,81,1.14054,1.30083
1310,82,0.176752,0.0312412
1310,83,-0.82137,0.674649
1310,84,-1.76015,3.09814
1310,85,-2.55075,6.50635
1310,86,-3.12015,9.73534
1310,87,-3.42196,11.7098
1310,88,-3.4412,11.8419
1310,89,-3.19518,10.2092
1310,90,-2.73279,7.46814
1310,91,-2.12781,4.52757
1310,92,-1.46638,2.15027
1310,93,-0.834425,0.696265
1310,94,-0.306173,0.0937416
1310,95,0.0666277,0.00443925
1310,96,0.260916,0.0680774
1310,97,0.285387,0.0814456
1310,98,0.178506,0.0318645
1310,99,0,0
1320,0,0,0
1320,1,-0.182898,0.0334516
1320,2,-0.294301,0.0866133
1320,3,-0.272045,0.0740085
1320,4,-0.0773568,0.00598407
1320,5,0.298214,0.0889318
1320,6,0.831015,0.690587
1320,7,1.46812,2.15537
1320,8,2.13498,4.55813
1320,9,2.74453,7.53242
1320,10,3.21021,10.3055
1320,11,3.45838,11.9604
1320,12,3.43798,11.8197
1320,13,3.1295,9.79374
1320,14,2.54864,6.49558
1320,15,1.74401,3.04159
1320,16,0.790172,0.624372
1320,17,-0.22223,0.0493863
1320,18,-1.19726,1.43343
1320,19,-2.04554,4.18423
1320,20,-2.6957,7.26679
1320,21,-3.10275,9.62706
1320,22,-3.2518,10.5742
1320,23,-3.15686,9.96574
1320,24,-2.85678,8.1612
1320,25,-2.4089,5.8028
1320,26,-1.87985,3.53384
1320,27,-1.33658,1.78646
1320,28,-0.83696,0.700503
1320,29,-0.421879,0.177982
1320,30,-0.11128,0.0123833
1320,31,0.0950444,0.00903344
1320,32,0.214899,0.0461815
1320,33,0.278585,0.0776098
1320,34,0.320842,0.10294
1320,35,0.375138,0.140728
1320,36,0.468764,0.219739
1320,37,0.618467,0.382502
1320,38,0.828555,0.686504
1320,39,1.09125,1.19083
1320,40,1.38969,1.93123
1320,41,1.70204,2.89695
1320,42,2.00576,4.02308
1320,43,2.28134,5.20453
1320,44,2.51539,6.32721
1320,45,2.70133,7.29721
1320,46,2.83836,8.05627
1320,47,2.93081,8.58963
1320,48,2.98632,8.91813
1320,49,3.01215,9.07304
1320,50,3.01215,9.07305
1320,51,2.98632,8.91811
1320,52,2.9308,8.58961
1320,53,2.83836,8.05627
1320,54,2.70133,7.2972
1320,55,2.51539,6.3272
1320,56,2.28134,5.20451
1320,57,2.00576,4.02307
1320,58,1.70204,2.89694
1320,59,1.38968,1.93121
1320,60,1.09125,1.19082
1320,61,0.828555,0.686503
1320,62,0.618466,0.3825
1320,63,0.468759,0.219735
1320,64,0.375135,0.140726
1320,65,0.320841,0.102939
1320,66,0.278584,0.0776091
1320,67,0.214897,0.0461809
1320,68,0.0950407,0.00903273
1320,69,-0.111278,0.0123829
1320,70,-0.421879,0.177982
1320,71,-0.836961,0.700503
1320,72,-1.33658,1.78645
1320,73,-1.87985,3.53385
1320,74,-2.4089,5.80279
1320,75,-2.85678,8.16121
1320,76,-3.15686,9.96574
1320,77,-3.2518,10.5742
1320,78,-3.10275,9.62706
1320,79,-2.6957,7.26677
1320,80,-2.04554,4.18423
1320,81,-1.19726,1.43343
1320,82,-0.22223,0.0493861
1320,83,0.79017,0.624369
1320,84,1.74402,3.04159
1320,85,2.54864,6.49559
1320,86,3.1295,9.79374
1320,87,3.43798,11.8197
1320,88,3.45838,11.9604
1320,89,3.21021,10.3055
1320,90,2.74453,7.53242
1320,91,2.13498,4.55813
1320,92,1.46812,2.15538
1320,93,0.831018,0.690591
1320,94,0.298214,0.0889317
1320,95,-0.0773574,0.00598417
1320,96,-0.272045,0.0740085
1320,97,-0.2943,0.0866125
1320,98,-0.182896,0.0334508
1320,99,0,0
1330,0,0,0
1330,1,0.184507,0.0340428
1330,2,0.295568,0.0873602
1330,3,0.272038,0.0740047
1330,4,0.0749107,0.00561161
1330,5,-0.304628,0.092798
1330,6,-0.841355,0.707878
1330,7,-1.48085,2.19293
1330,8,-2.14844,4.61578
1330,9,-2.75755,7.60409
1330,10,-3.22059,10.3722
1330,11,-3.46299,11.9923
1330,12,-3.43503,11.7994
1330,13,-3.11826,9.72354
1330,14,-2.52862,6.39392
1330,15,-1.71433,2.93894
1330,16,-0.750323,0.562984
1330,17,0.270418,0.073126
1330,18,1.25028,1.56321
1330,19,2.09973,4.40888
1330,20,2.74746,7.54852
1330,21,3.14812,9.91065
1330,22,3.28649,10.801
1330,23,3.17824,10.1012
1330,24,2.86463,8.20612
1330,25,2.40441,5.78117
1330,26,1.86516,3.47882
1330,27,1.31298,1.72392
1330,28,0.803323,0.645328
1330,29,0.376503,0.141755
1330,30,0.0541712,0.00293452
1330,31,-0.162398,0.026373
1330,32,-0.289697,0.0839244
1330,33,-0.356462,0.127065
1330,34,-0.397232,0.157793
1330,35,-0.446581,0.199435
1330,36,-0.532837,0.283915
1330,37,-0.674102,0.454414
1330,38,-0.875559,0.766604
1330,39,-1.1301,1.27712
1330,40,-1.42166,2.02111
1330,41,-1.72859,2.98803
1330,42,-2.02845,4.11463
1330,43,-2.30231,5.30065
1330,44,-2.53739,6.43837
1330,45,-2.7265,7.43381
1330,46,-2.8682,8.22657
1330,47,-2.96618,8.7982
1330,48,-3.02629,9.15842
1330,49,-3.05446,9.32975
1330,50,-3.05446,9.32974
1330,51,-3.02629,9.15842
1330,52,-2.96617,8.79819
1330,53,-2.8682,8.22657
1330,54,-2.7265,7.4338
1330,55,-2.53739,6.43837
1330,56,-2.30231,5.30065
1330,57,-2.02845,4.11462
1330,58,-1.72859,2.98802
1330,59,-1.42166,2.02111
1330,60,-1.13009,1.27711
1330,61,-0.87556,0.766605
1330,62,-0.674101,0.454412
1330,63,-0.532838,0.283916
1330,64,-0.446581,0.199434
1330,65,-0.397231,0.157792
1330,66,-0.356462,0.127065
1330,67,-0.289694,0.0839228
1330,68,-0.162396,0.0263725
1330,69,0.0541743,0.00293485
1330,70,0.376505,0.141756
1330,71,0.803325,0.645331
1330,72,1.31298,1.72392
1330,73,1.86516,3.47883
1330,74,2.40441,5.78117
1330,75,2.86463,8.20612
1330,76,3.17825,10.1012
1330,77,3.28649,10.801
1330,78,3.14812,9.91065
1330,79,2.74746,7.54851
1330,80,2.09973,4.40889
1330,81,1.25028,1.56321
1330,82,0.270421,0.0731276
1330,83,-0.75032,0.562981
1330,84,-1.71433,2.93893
1330,85,-2.52862,6.39391
1330,86,-3.11826,9.72352
1330,87,-3.43502,11.7994
1330,88,-3.46298,11.9923
1330,89,-3.22059,10.3722
1330,90,-2.75755,7.60408
1330,91,-2.14844,4.61578
1330,92,-1.48085,2.19293
1330,93,-0.841353,0.707875
1330,94,-0.304629,0.092799
1330,95,0.07491,0.0056115
1330,96,0.272039,0.074005
1330,97,0.295567,0.0873597
1330,98,0.184506,0.0340423
1330,99,0,0
1340,0,0,0
1340,1,-0.181301,0.03287
1340,2,-0.288868,0.0834445
1340,3,-0.262025,0.0686569
1340,4,-0.0626452,0.00392442
1340,5,0.317524,0.100821
1340,6,0.855077,0.731157
1340,7,1.49696,2.24088
1340,8,2.16602,4.69165
1340,9,2.77379,7.69393
1340,10,3.23303,10.4525
1340,11,3.46891,12.0334
1340,12,3.43189,11.7779
1340,13,3.10451,9.638
1340,14,2.50351,6.26756
1340,15,1.67851,2.8174
1340,16,0.705537,0.497783
1340,17,-0.322005,0.103687
1340,18,-1.30541,1.70409
1340,19,-2.15404,4.63988
1340,20,-2.79738,7.82531
1340,21,-3.19161,10.1864
1340,22,-3.32149,11.0323
1340,23,-3.20129,10.2483
1340,24,-2.87261,8.25189
1340,25,-2.39625,5.74202
1340,26,-1.84063,3.38791
1340,27,-1.2725,1.61925
1340,28,-0.749693,0.562039
1340,29,-0.313615,0.0983542
1340,30,0.0155935,0.000243158
1340,31,0.237445,0.0563799
1340,32,0.368366,0.135693
1340,33,0.437678,0.191562
1340,34,0.479833,0.23024
1340,35,0.52793,0.27871
1340,36,0.608761,0.37059
1340,37,0.739224,0.546452
1340,38,0.926267,0.85797
1340,39,1.16675,1.3613
1340,40,1.44662,2.09272
1340,41,1.74538,3.04635
1340,42,2.04096,4.16552
1340,43,2.31342,5.35193
1340,44,2.54827,6.49366
1340,45,2.73753,7.49408
1340,46,2.87955,8.29181
1340,47,2.97737,8.8647
1340,48,3.03725,9.22487
1340,49,3.06555,9.39761
1340,50,3.06555,9.39761
1340,51,3.03725,9.22488
1340,52,2.97737,8.8647
1340,53,2.87955,8.29182
1340,54,2.73754,7.4941
1340,55,2.54827,6.49367
1340,56,2.31343,5.35195
1340,57,2.04096,4.16552
1340,58,1.74538,3.04635
1340,59,1.44663,2.09273
1340,60,1.16675,1.3613
1340,61,0.926269,0.857974
1340,62,0.739225,0.546454
1340,63,0.608763,0.370592
1340,64,0.527929,0.278709
1340,65,0.479833,0.23024
1340,66,0.437677,0.191561
1340,67,0.368367,0.135694
1340,68,0.237445,0.0563801
1340,69,0.0155958,0.00024323
1340,70,-0.313615,0.0983541
1340,71,-0.749691,0.562037
1340,72,-1.2725,1.61925
1340,73,-1.84063,3.38792
1340,74,-2.39625,5.74202
1340,75,-2.87261,8.2519
1340,76,-3.20129,10.2483
1340,77,-3.32149,11.0323
1340,78,-3.19161,10.1864
1340,79,-2.79738,7.82532
1340,80,-2.15404,4.63989
1340,81,-1.30541,1.7041
1340,82,-0.322007,0.103688
1340,83,0.705536,0.497781
1340,84,1.67851,2.8174
1340,85,2.50351,6.26756
1340,86,3.10451,9.63801
1340,87,3.43188,11.7778
1340,88,3.46891,12.0333
1340,89,3.23303,10.4525
1340,90,2.77379,7.69391
1340,91,2.16602,4.69164
1340,92,1.49696,2.24088
1340,93,0.855073,0.73115
1340,94,0.317524,0.100822
1340,95,-0.0626454,0.00392444
1340,96,-0.262023,0.0686562
1340,97,-0.288869,0.0834451
1340,98,-0.181303,0.0328707
1340,99,0,0
1350,0,0,0
1350,1,0.181311,0.0328736
1350,2,0.287859,0.0828627
1350,3,0.258765,0.0669591
1350,4,0.0573516,0.00328921
1350,5,-0.324302,0.105172
1350,6,-0.863113,0.744963
1350,7,-1.50532,2.26597
1350,8,-2.17388,4.72574
1350,9,-2.77881,7.72179
1350,10,-3.23129,10.4412
1350,11,-3.45803,11.9579
1350,12,-3.41042,11.631
1350,13,-3.07177,9.43578
1350,14,-2.4606,6.05457
1350,15,-1.62755,2.64891
1350,16,-0.649795,0.422233
1350,17,0.378497,0.14326
1350,18,1.35935,1.84782
1350,19,2.20354,4.85557
1350,20,2.84031,8.06733
1350,21,3.22481,10.3994
1350,22,3.34285,11.1747
1350,23,3.21043,10.3068
1350,24,2.86963,8.23479
1350,25,2.38074,5.66791
1350,26,1.81232,3.2845
1350,27,1.23185,1.51745
1350,28,0.696596,0.485246
1350,29,0.247954,0.0614813
1350,30,-0.0919539,0.00845552
1350,31,-0.322043,0.103712
1350,32,-0.457947,0.209716
1350,33,-0.527225,0.277966
1350,34,-0.564869,0.319077
1350,35,-0.605685,0.366854
1350,36,-0.678146,0.459882
1350,37,-0.800303,0.640485
1350,38,-0.978301,0.957073
1350,39,-1.20692,1.45666
1350,40,-1.47219,2.16736
1350,41,-1.75546,3.08164
1350,42,-2.03666,4.14799
1350,43,-2.29842,5.28274
1350,44,-2.5274,6.38775
1350,45,-2.71484,7.37036
1350,46,-2.85802,8.16826
1350,47,-2.95878,8.75437
1350,48,-3.02169,9.13061
1350,49,-3.05157,9.31208
1350,50,-3.05157,9.31207
1350,51,-3.02169,9.13062
1350,52,-2.95878,8.75437
1350,53,-2.85802,8.16828
1350,54,-2.71484,7.37034
1350,55,-2.5274,6.38775
1350,56,-2.29842,5.28274
1350,57,-2.03666,4.14799
1350,58,-1.75546,3.08164
1350,59,-1.47219,2.16736
1350,60,-1.20692,1.45665
1350,61,-0.978302,0.957075
1350,62,-0.800303,0.640485
1350,63,-0.678144,0.45988
1350,64,-0.605685,0.366855
1350,65,-0.564869,0.319077
1350,66,-0.527227,0.277968
1350,67,-0.457947,0.209715
1350,68,-0.322043,0.103712
1350,69,-0.0919538,0.00845549
1350,70,0.247955,0.0614817
1350,71,0.696594,0.485243
1350,72,1.23185,1.51745
1350,73,1.81232,3.2845
1350,74,2.38074,5.66792
1350,75,2.86963,8.23479
1350,76,3.21042,10.3068
1350,77,3.34286,11.1747
1350,78,3.22481,10.3994
1350,79,2.84031,8.06734
1350,80,2.20354,4.85557
1350,81,1.35934,1.84782
1350,82,0.378497,0.14326
1350,83,-0.649796,0.422235
1350,84,-1.62755,2.64891
1350,85,-2.4606,6.05457
1350,86,-3.07177,9.43579
1350,87,-3.41042,11.631
1350,88,-3.45802,11.9579
1350,89,-3.23129,10.4412
1350,90,-2.77881,7.72178
1350,91,-2.17388,4.72574
1350,92,-1.50532,2.26598
1350,93,-0.863113,0.744963
1350,94,-0.324303,0.105172
1350,95,0.0573521,0.00328926
1350,96,0.258764,0.066959
1350,97,0.287858,0.0828622
1350,98,0.181313,0.0328743
1350,99,0,0
1360,0,0,0
1360,1,-0.178605,0.0318996
1360,2,-0.283149,0.0801735
1360,3,-0.251898,0.0634526
1360,4,-0.0473921,0.00224601
1360,5,0.336309,0.113103
1360,6,0.873468,0.762947
1360,7,1.51016,2.28057
1360,8,2.17017,4.70962
1360,9,2.76503,7.64537
1360,10,3.20745,10.2878
1360,11,3.42444,11.7268
1360,12,3.36874,11.3484
1360,13,3.02485,9.14971
1360,14,2.40998,5.808
1360,15,1.57478,2.47992
1360,16,0.597252,0.35671
1360,17,-0.429367,0.184356
1360,18,-1.40706,1.97982
1360,19,-2.24536,5.04166
1360,20,-2.87361,8.25762
1360,21,-3.24819,10.5507
1360,22,-3.35602,11.2629
1360,23,-3.21359,10.3271
1360,24,-2.86227,8.19258
1360,25,-2.36156,5.57695
1360,26,-1.7798,3.16767
1360,27,-1.18491,1.40401
1360,28,-0.636299,0.404877
1360,29,-0.176712,0.0312271
1360,30,0.171521,0.0294196
1360,31,0.406282,0.165065
1360,32,0.54411,0.296055
1360,33,0.613695,0.376622
1360,34,0.648538,0.420601
1360,35,0.682148,0.465326
1360,36,0.743088,0.552179
1360,37,0.850906,0.724042
1360,38,1.01351,1.02721
1360,39,1.22758,1.50695
1360,40,1.48061,2.1922
1360,41,1.75384,3.07595
1360,42,2.02724,4.1097
1360,43,2.28258,5.21015
1360,44,2.50589,6.27948
1360,45,2.68949,7.23337
1360,46,2.8313,8.01628
1360,47,2.9332,8.60366
1360,48,2.99849,8.99095
1360,49,3.03008,9.18136
1360,50,3.03008,9.18138
1360,51,2.99849,8.99095
1360,52,2.9332,8.60366
1360,53,2.8313,8.01627
1360,54,2.68949,7.23336
1360,55,2.50589,6.27948
1360,56,2.28258,5.21015
1360,57,2.02724,4.10969
1360,58,1.75384,3.07594
1360,59,1.48061,2.19219
1360,60,1.22758,1.50695
1360,61,1.01351,1.0272
1360,62,0.850906,0.724041
1360,63,0.743085,0.552175
1360,64,0.682146,0.465323
1360,65,0.648535,0.420598
1360,66,0.613695,0.376622
1360,67,0.544112,0.296058
1360,68,0.406285,0.165067
1360,69,0.171522,0.0294199
1360,70,-0.17671,0.0312263
1360,71,-0.636297,0.404873
1360,72,-1.18491,1.40401
1360,73,-1.7798,3.16768
1360,74,-2.36156,5.57695
1360,75,-2.86227,8.19257
1360,76,-3.21359,10.3272
1360,77,-3.35602,11.2629
1360,78,-3.24819,10.5507
1360,79,-2.87361,8.25762
1360,80,-2.24536,5.04165
1360,81,-1.40706,1.97982
1360,82,-0.429366,0.184355
1360,83,0.597252,0.35671
1360,84,1.57478,2.47993
1360,85,2.40998,5.80801
1360,86,3.02485,9.14971
1360,87,3.36874,11.3484
1360,88,3.42444,11.7268
1360,89,3.20745,10.2877
1360,90,2.76503,7.64536
1360,91,2.17017,4.70963
1360,92,1.51015,2.28056
1360,93,0.873469,0.762948
1360,94,0.336308,0.113103
1360,95,-0.0473917,0.00224598
1360,96,-0.251898,0.0634529
1360,97,-0.283147,0.0801724
1360,98,-0.178603,0.0318991
1360,99,0,0
1370,0,0,0
1370,1,0.170641,0.0291185
1370,2,0.269148,0.0724406
1370,3,0.23576,0.0555828
1370,4,0.0332337,0.00110448
1370,5,-0.346234,0.119878
1370,6,-0.878085,0.771034
1370,7,-1.50872,2.27624
1370,8,-2.16202,4.67433
1370,9,-2.74936,7.559
1370,10,-3.18374,10.1362
1370,11,-3.39322,11.5139
1370,12,-3.33037,11.0913
1370,13,-2.97924,8.87589
1370,14,-2.35969,5.56814
1370,15,-1.52411,2.32291
1370,16,-0.549734,0.302208
1370,17,0.470131,0.221024
1370,18,1.43916,2.07119
1370,19,2.26921,5.14932
1370,20,2.88928,8.34793
1370,21,3.25498,10.5949
1370,22,3.35275,11.241
1370,23,3.19906,10.234
1370,24,2.83582,8.04187
1370,25,2.32325,5.39749
1370,26,1.73199,2.99977
1370,27,1.13109,1.27936
1370,28,0.578202,0.334318
1370,29,0.114804,0.01318
1370,30,-0.236912,0.0561271
1370,31,-0.474757,0.225394
1370,32,-0.614393,0.377479
1370,33,-0.683275,0.466865
1370,34,-0.71461,0.510667
1370,35,-0.742336,0.551063
1370,36,-0.795317,0.632529
1370,37,-0.89312,0.797663
1370,38,-1.04405,1.09005
1370,39,-1.24562,1.55158
1370,40,-1.48698,2.2111
1370,41,-1.75119,3.06666
1370,42,-2.01826,4.07337
1370,43,-2.26915,5.14904
1370,44,-2.48979,6.19905
1370,45,-2.67164,7.13766
1370,46,-2.81099,7.90168
1370,47,-2.90915,8.46314
1370,48,-2.97055,8.82415
1370,49,-2.99992,8.99953
1370,50,-2.99992,8.99954
1370,51,-2.97055,8.82415
1370,52,-2.90915,8.46313
1370,53,-2.81099,7.90168
1370,54,-2.67164,7.13766
1370,55,-2.48979,6.19905
1370,56,-2.26915,5.14904
1370,57,-2.01826,4.07337
1370,58,-1.75119,3.06666
1370,59,-1.48698,2.2111
1370,60,-1.24562,1.55157
1370,61,-1.04405,1.09005
1370,62,-0.893118,0.797659
1370,63,-0.795316,0.632528
1370,64,-0.742335,0.551061
1370,65,-0.71461,0.510668
1370,66,-0.683276,0.466866
1370,67,-0.614393,0.377479
1370,68,-0.474755,0.225393
1370,69,-0.236912,0.0561273
1370,70,0.114802,0.0131795
1370,71,0.578202,0.334318
1370,72,1.13109,1.27936
1370,73,1.73198,2.99977
1370,74,2.32325,5.3975
1370,75,2.83582,8.04187
1370,76,3.19906,10.234
1370,77,3.35276,11.241
1370,78,3.25498,10.5949
1370,79,2.88928,8.34794
1370,80,2.26921,5.14932
1370,81,1.43916,2.07119
1370,82,0.470131,0.221023
1370,83,-0.549733,0.302207
1370,84,-1.52411,2.32291
1370,85,-2.35969,5.56815
1370,86,-2.97924,8.87589
1370,87,-3.33036,11.0913
1370,88,-3.39322,11.5139
1370,89,-3.18374,10.1362
1370,90,-2.74936,7.55899
1370,91,-2.16202,4.67434
1370,92,-1.50872,2.27624
1370,93,-0.878084,0.771032
1370,94,-0.346235,0.119878
1370,95,0.0332325,0.0011044
1370,96,0.235759,0.0555821
1370,97,0.269147,0.0724401
1370,98,0.170641,0.0291182
1370,99,0,0
1380,0,0,0
1380,1,-0.166022,0.0275633
1380,2,-0.26021,0.0677093
1380,3,-0.223688,0.0500363
1380,4,-0.0205133,0.000420796
1380,5,0.35663,0.127185
1380,6,0.883748,0.781011
1380,7,1.50683,2.27054
1380,8,2.14908,4.61855
1380,9,2.72428,7.42172
1380,10,3.1482,9.91119
1380,11,3.34931,11.2179
1380,12,3.2808,10.7636
1380,13,2.92758,8.5707
1380,14,2.30844,5.32892
1380,15,1.47487,2.17525
1380,16,0.504762,0.254784
1380,17,-0.508603,0.258677
1380,18,-1.46828,2.15584
1380,19,-2.28575,5.22465
1380,20,-2.8921,8.36425
1380,21,-3.24477,10.5286
1380,22,-3.33068,11.0934
1380,23,-3.16677,10.0284
1380,24,-2.79609,7.81812
1380,25,-2.27921,5.19481
1380,26,-1.68488,2.83881
1380,27,-1.08053,1.16755
1380,28,-0.523826,0.274394
1380,29,-0.0565921,0.00320266
1380,30,0.298904,0.0893435
1380,31,0.539709,0.291286
1380,32,0.679331,0.461491
1380,33,0.744873,0.554836
1380,34,0.77109,0.59458
1380,35,0.792412,0.627918
1380,36,0.838086,0.702388
1380,37,0.927837,0.860882
1380,38,1.06973,1.14433
1380,39,1.26163,1.5917
1380,40,1.49304,2.22917
1380,41,1.7476,3.0541
1380,42,2.00585,4.02345
1380,43,2.24918,5.0588
1380,44,2.46361,6.06937
1380,45,2.64126,6.97627
1380,46,2.77917,7.72379
1380,47,2.87747,8.27985
1380,48,2.93902,8.63783
1380,49,2.96835,8.81109
1380,50,2.96835,8.81109
1380,51,2.93902,8.63782
1380,52,2.87747,8.27984
1380,53,2.77917,7.72379
1380,54,2.64126,6.97627
1380,55,2.46361,6.06937
1380,56,2.24918,5.0588
1380,57,2.00586,4.02345
1380,58,1.7476,3.05411
1380,59,1.49304,2.22917
1380,60,1.26163,1.59171
1380,61,1.06974,1.14434
1380,62,0.927839,0.860886
1380,63,0.838087,0.70239
1380,64,0.792412,0.627917
1380,65,0.771092,0.594584
1380,66,0.744875,0.554838
1380,67,0.679329,0.461488
1380,68,0.53971,0.291287
1380,69,0.298902,0.0893425
1380,70,-0.0565916,0.0032026
1380,71,-0.523828,0.274395
1380,72,-1.08053,1.16755
1380,73,-1.68488,2.83882
1380,74,-2.27922,5.19482
1380,75,-2.79609,7.81814
1380,76,-3.16677,10.0284
1380,77,-3.33068,11.0935
1380,78,-3.24477,10.5286
1380,79,-2.8921,8.36425
1380,80,-2.28575,5.22466
1380,81,-1.46828,2.15584
1380,82,-0.508606,0.25868
1380,83,0.504762,0.254785
1380,84,1.47487,2.17524
1380,85,2.30844,5.32891
1380,86,2.92758,8.57071
1380,87,3.2808,10.7636
1380,88,3.34931,11.2179
1380,89,3.14821,9.9112
1380,90,2.72429,7.42174
1380,91,2.14908,4.61854
1380,92,1.50683,2.27053
1380,93,0.883751,0.781015
1380,94,0.35663,0.127185
1380,95,-0.0205089,0.000420615
1380,96,-0.223686,0.0500354
1380,97,-0.260209,0.0677086
1380,98,-0.166021,0.0275629
1380,99,0,0
1390,0,0,0
1390,1,0.158053,0.0249808
1390,2,0.24596,0.0604961
1390,3,0.206407,0.0426038
1390,4,0.00352458,1.24227e-05
1390,5,-0.36971,0.136686
1390,6,-0.888682,0.789756
1390,7,-1.50027,2.25082
1390,8,-2.12985,4.53626
1390,9,-2.69189,7.24629
1390,10,-3.10304,9.62888
1390,11,-3.29447,10.8535
1390,12,-3.22046,10.3713
1390,13,-2.86556,8.21144
1390,14,-2.24854,5.05592
1390,15,-1.42045,2.01769
1390,16,-0.458487,0.210211
1390,17,0.544664,0.296658
1390,18,1.49263,2.22794
1390,19,2.29799,5.28077
1390,20,2.89235,8.3657
1390,21,3.23315,10.4533
1390,22,3.3086,10.9468
1390,23,3.13622,9.83587
1390,24,2.75848,7.6092
1390,25,2.23546,4.99729
1390,26,1.63453,2.67168
1390,27,1.02289,1.0463
1390,28,0.459792,0.211409
1390,29,-0.0126954,0.000161173
1390,30,-0.372212,0.138542
1390,31,-0.615337,0.378639
1390,32,-0.755447,0.570701
1390,33,-0.818498,0.66994
1390,34,-0.838697,0.703413
1390,35,-0.851213,0.724564
1390,36,-0.885482,0.784079
1390,37,-0.961761,0.924985
1390,38,-1.08965,1.18733
1390,39,-1.26796,1.60773
1390,40,-1.4863,2.2091
1390,41,-1.72817,2.98656
1390,42,-1.97473,3.89956
1390,43,-2.20881,4.87886
1390,44,-2.41677,5.84076
1390,45,-2.59003,6.70824
1390,46,-2.72519,7.42667
1390,47,-2.82227,7.9652
1390,48,-2.88355,8.31487
1390,49,-2.91249,8.48257
1390,50,-2.91249,8.48257
1390,51,-2.88355,8.31489
1390,52,-2.82227,7.9652
1390,53,-2.72519,7.42667
1390,54,-2.59003,6.70823
1390,55,-2.41677,5.84076
1390,56,-2.20881,4.87886
1390,57,-1.97473,3.89956
1390,58,-1.72817,2.98657
1390,59,-1.48631,2.20911
1390,60,-1.26796,1.60773
1390,61,-1.08965,1.18733
1390,62,-0.961761,0.924985
1390,63,-0.88548,0.784074
1390,64,-0.851213,0.724563
1390,65,-0.838697,0.703412
1390,66,-0.818499,0.669941
1390,67,-0.755447,0.5707
1390,68,-0.615336,0.378638
1390,69,-0.372211,0.138541
1390,70,-0.0126963,0.000161196
1390,71,0.45979,0.211407
1390,72,1.02289,1.0463
1390,73,1.63452,2.67167
1390,74,2.23546,4.99729
1390,75,2.75848,7.6092
1390,76,3.13622,9.83586
1390,77,3.3086,10.9468
1390,78,3.23315,10.4533
1390,79,2.89235,8.3657
1390,80,2.29799,5.28076
1390,81,1.49263,2.22794
1390,82,0.544664,0.296659
1390,83,-0.458484,0.210208
1390,84,-1.42045,2.01768
1390,85,-2.24854,5.05592
1390,86,-2.86556,8.21143
1390,87,-3.22045,10.3713
1390,88,-3.29447,10.8535
1390,89,-3.10304,9.62887
1390,90,-2.69189,7.24628
1390,91,-2.12985,4.53626
1390,92,-1.50028,2.25083
1390,93,-0.888679,0.789751
1390,94,-0.369709,0.136685
1390,95,0.00352478,1.24241e-05
1390,96,0.206404,0.0426027
1390,97,0.245961,0.0604967
1390,98,0.158054,0.0249812
1390,99,0,0
1400,0,0,0
1400,1,-0.150902,0.0227713
1400,2,-0.233857,0.0546889
1400,3,-0.191436,0.0366479
1400,4,0.0113688,0.00012925
1400,5,0.380774,0.144989
1400,6,0.893077,0.797586
1400,7,1.49593,2.23782
1400,8,2.11541,4.47496
1400,9,2.66633,7.10932
1400,10,3.06501,9.39428
1400,11,3.24305,10.5174
1400,12,3.15735,9.96885
1400,13,2.79519,7.81311
1400,14,2.17666,4.73784
1400,15,1.35349,1.83192
1400,16,0.402318,0.16186
1400,17,-0.585976,0.343368
1400,18,-1.5177,2.3034
1400,19,-2.30717,5.32302
1400,20,-2.88674,8.33325
1400,21,-3.21475,10.3346
1400,22,-3.27915,10.7528
1400,23,-3.0974,9.59387
1400,24,-2.71135,7.35143
1400,25,-2.17991,4.75199
1400,26,-1.57178,2.47048
1400,27,-0.954935,0.9119
1400,28,-0.387377,0.150061
1400,29,0.0883063,0.007798
1400,30,0.449164,0.201748
1400,31,0.69242,0.479445
1400,32,0.832327,0.692768
1400,33,0.894768,0.80061
1400,34,0.912392,0.832459
1400,35,0.91928,0.845076
1400,36,0.944388,0.891868
1400,37,1.00783,1.01572
1400,38,1.1196,1.2535
1400,39,1.27969,1.6376
1400,40,1.47953,2.18901
1400,41,1.7046,2.90565
1400,42,1.93749,3.75388
1400,43,2.16125,4.67099
1400,44,2.36214,5.57972
1400,45,2.5313,6.4075
1400,46,2.66449,7.09952
1400,47,2.76087,7.62242
1400,48,2.82232,7.96548
1400,49,2.85192,8.13342
1400,50,2.85191,8.13341
1400,51,2.82232,7.96549
1400,52,2.76087,7.62242
1400,53,2.66449,7.09952
1400,54,2.53131,6.40751
1400,55,2.36214,5.57972
1400,56,2.16125,4.671
1400,57,1.93749,3.75388
1400,58,1.7046,2.90565
1400,59,1.47953,2.18901
1400,60,1.27969,1.6376
1400,61,1.1196,1.2535
1400,62,1.00783,1.01572
1400,63,0.944386,0.891866
1400,64,0.919281,0.845078
1400,65,0.912391,0.832458
1400,66,0.894771,0.800615
1400,67,0.832326,0.692766
1400,68,0.69242,0.479446
1400,69,0.449164,0.201748
1400,70,0.0883074,0.00779819
1400,71,-0.387373,0.150058
1400,72,-0.954931,0.911894
1400,73,-1.57177,2.47048
1400,74,-2.17991,4.75199
1400,75,-2.71135,7.35142
1400,76,-3.0974,9.59387
1400,77,-3.27915,10.7528
1400,78,-3.21475,10.3346
1400,79,-2.88674,8.33325
1400,80,-2.30717,5.32302
1400,81,-1.5177,2.30341
1400,82,-0.585976,0.343368
1400,83,0.402319,0.16186
1400,84,1.35349,1.83193
1400,85,2.17666,4.73785
1400,86,2.7952,7.81312
1400,87,3.15735,9.96885
1400,88,3.24305,10.5174
1400,89,3.06501,9.3943
1400,90,2.66633,7.10932
1400,91,2.11541,4.47495
1400,92,1.49593,2.23781
1400,93,0.893075,0.797582
1400,94,0.380773,0.144988
1400,95,0.0113692,0.000129259
1400,96,-0.191436,0.0366479
1400,97,-0.233856,0.0546885
1400,98,-0.150902,0.0227713
1400,99,0,0
1410,0,0,0
1410,1,0.145354,0.0211279
1410,2,0.222172,0.0493602
1410,3,0.174996,0.0306236
1410,4,-0.0298093,0.000888597
1410,5,-0.397313,0.157857
1410,6,-0.902228,0.814016
1410,7,-1.49272,2.22822
1410,8,-2.0964,4.39491
1410,9,-2.63049,6.91948
1410,10,-3.01458,9.08769
1410,11,-3.18155,10.1223
1410,12,-3.08834,9.53781
1410,13,-2.72273,7.41325
1410,14,-2.10513,4.43155
1410,15,-1.28675,1.65572
1410,16,-0.343396,0.117921
1410,17,0.63397,0.401918
1410,18,1.55112,2.40599
1410,19,2.32279,5.39534
1410,20,2.88283,8.31071
1410,21,3.19195,10.1886
1410,22,3.24024,10.4991
1410,23,3.04579,9.27684
1410,24,2.65084,7.02696
1410,25,2.11419,4.46978
1410,26,1.50291,2.25873
1410,27,0.883656,0.780847
1410,28,0.313878,0.0985196
1410,29,-0.164536,0.0270722
1410,30,-0.529003,0.279844
1410,31,-0.775686,0.601689
1410,32,-0.917225,0.841301
1410,33,-0.979061,0.95856
1410,34,-0.993345,0.986735
1410,35,-0.992834,0.985719
1410,36,-1.00628,1.01261
1410,37,-1.05485,1.11272
1410,38,-1.14959,1.32156
1410,39,-1.29137,1.66763
1410,40,-1.47207,2.167
1410,41,-1.67815,2.81617
1410,42,-1.89389,3.58682
1410,43,-2.1039,4.42641
1410,44,-2.29529,5.26834
1410,45,-2.45899,6.04665
1410,46,-2.59055,6.71097
1410,47,-2.68831,7.22704
1410,48,-2.75213,7.57422
1410,49,-2.78346,7.74764
1410,50,-2.78346,7.74763
1410,51,-2.75213,7.5742
1410,52,-2.68832,7.22704
1410,53,-2.59056,6.71098
1410,54,-2.45899,6.04664
1410,55,-2.29529,5.26834
1410,56,-2.1039,4.42641
1410,57,-1.89389,3.58682
1410,58,-1.67815,2.81618
1410,59,-1.47207,2.167
1410,60,-1.29137,1.66763
1410,61,-1.14959,1.32157
1410,62,-1.05485,1.11271
1410,63,-1.00628,1.0126
1410,64,-0.992834,0.98572
1410,65,-0.993346,0.986736
1410,66,-0.979063,0.958564
1410,67,-0.917227,0.841305
1410,68,-0.775685,0.601687
1410,69,-0.529003,0.279844
1410,70,-0.164538,0.0270727
1410,71,0.313879,0.0985201
1410,72,0.883659,0.780853
1410,73,1.50291,2.25874
1410,74,2.11418,4.46978
1410,75,2.65084,7.02696
1410,76,3.04579,9.27684
1410,77,3.24023,10.4991
1410,78,3.19195,10.1885
1410,79,2.88283,8.3107
1410,80,2.32279,5.39534
1410,81,1.55112,2.40598
1410,82,0.63397,0.401918
1410,83,-0.343394,0.11792
1410,84,-1.28675,1.65573
1410,85,-2.10513,4.43156
1410,86,-2.72273,7.41325
1410,87,-3.08834,9.53782
1410,88,-3.18155,10.1223
1410,89,-3.01458,9.08769
1410,90,-2.63049,6.91949
1410,91,-2.0964,4.39491
1410,92,-1.49272,2.22822
1410,93,-0.902229,0.814018
1410,94,-0.397312,0.157857
1410,95,-0.0298076,0.000888492
1410,96,0.174999,0.0306248
1410,97,0.222172,0.0493604
1410,98,0.145355,0.0211282
1410,99,0,0
1420,0,0,0
1420,1,-0.138019,0.0190491
1420,2,-0.210227,0.0441952
1420,3,-0.162655,0.0264567
1420,4,0.037917,0.0014377
1420,5,0.397773,0.158223
1420,6,0.892938,0.797339
1420,7,1.47125,2.16458
1420,8,2.06039,4.24519
1420,9,2.5792,6.65227
1420,10,2.94853,8.69382
1420,11,3.10261,9.6262
1420,12,3.00012,9.0007
1420,13,2.63081,6.92116
1420,14,2.01686,4.06774
1420,15,1.20968,1.46333
1420,16,0.283968,0.080638
1420,17,-0.671727,0.451217
1420,18,-1.566,2.45236
1420,19,-2.31592,5.3635
1420,20,-2.85729,8.16412
1420,21,-3.15106,9.92919
1420,22,-3.18743,10.1597
1420,23,-2.98468,8.90833
1420,24,-2.58464,6.68034
1420,25,-2.0458,4.18531
1420,26,-1.43409,2.05661
1420,27,-0.814883,0.664035
1420,28,-0.244603,0.0598309
1420,29,0.235792,0.0555979
1420,30,0.603295,0.363965
1420,31,0.853074,0.727736
1420,32,0.996517,0.993047
1420,33,1.05789,1.11913
1420,34,1.06877,1.14226
1420,35,1.06111,1.12595
1420,36,1.06312,1.13022
1420,37,1.09627,1.20181
1420,38,1.17199,1.37357
1420,39,1.29215,1.66964
1420,40,1.45128,2.10622
1420,41,1.63855,2.68483
1420,42,1.83955,3.38395
1420,43,2.03928,4.15865
1420,44,2.22471,4.94931
1420,45,2.38591,5.69257
1420,46,2.51629,6.33173
1420,47,2.61304,6.82798
1420,48,2.6766,7.16417
1420,49,2.70804,7.33348
1420,50,2.70804,7.33348
1420,51,2.6766,7.16417
1420,52,2.61304,6.82797
1420,53,2.51629,6.33173
1420,54,2.38591,5.69256
1420,55,2.2247,4.94931
1420,56,2.03927,4.15864
1420,57,1.83955,3.38394
1420,58,1.63855,2.68483
1420,59,1.45128,2.10622
1420,60,1.29215,1.66965
1420,61,1.17199,1.37357
1420,62,1.09627,1.20181
1420,63,1.06312,1.13022
1420,64,1.06111,1.12595
1420,65,1.06877,1.14226
1420,66,1.05789,1.11912
1420,67,0.996516,0.993043
1420,68,0.853073,0.727734
1420,69,0.603295,0.363965
1420,70,0.235793,0.0555984
1420,71,-0.244605,0.0598317
1420,72,-0.814884,0.664036
1420,73,-1.43409,2.05661
1420,74,-2.0458,4.18531
1420,75,-2.58464,6.68034
1420,76,-2.98468,8.90834
1420,77,-3.18743,10.1597
1420,78,-3.15107,9.92923
1420,79,-2.85729,8.16411
1420,80,-2.31592,5.3635
1420,81,-1.566,2.45235
1420,82,-0.671724,0.451213
1420,83,0.283971,0.0806393
1420,84,1.20968,1.46333
1420,85,2.01687,4.06775
1420,86,2.63081,6.92117
1420,87,3.00012,9.00071
1420,88,3.10262,9.62622
1420,89,2.94853,8.69382
1420,90,2.5792,6.65227
1420,91,2.06039,4.24519
1420,92,1.47125,2.16458
1420,93,0.892939,0.79734
1420,94,0.397774,0.158224
1420,95,0.0379171,0.00143771
1420,96,-0.162657,0.0264573
1420,97,-0.210225,0.0441947
1420,98,-0.138018,0.0190489
1420,99,0,0
1430,0,0,0
1430,1,0.132241,0.0174878
1430,2,0.200846,0.0403393
1430,3,0.152443,0.0232389
1430,4,-0.0450906,0.00203316
1430,5,-0.396596,0.157288
1430,6,-0.877819,0.770566
1430,7,-1.43813,2.0682
1430,8,-2.00766,4.0307
1430,9,-2.50747,6.28739
1430,10,-2.86108,8.18577
1430,11,-3.00536,9.03218
1430,12,-2.89946,8.40688
1430,13,-2.53274,6.41478
1430,14,-1.92763,3.71574
1430,15,-1.13541,1.28915
1430,16,-0.229995,0.0528976
1430,17,0.701438,0.492015
1430,18,1.56935,2.46286
1430,19,2.29365,5.26081
1430,20,2.81373,7.91708
1430,21,3.09232,9.56244
1430,22,3.11891,9.72758
1430,23,2.91124,8.47531
1430,24,2.51004,6.30032
1430,25,1.97218,3.8895
1430,26,1.36294,1.85761
1430,27,0.746713,0.557581
1430,28,0.178854,0.0319888
1430,29,-0.300272,0.0901633
1430,30,-0.667793,0.445948
1430,31,-0.918171,0.843038
1430,32,-1.06195,1.12775
1430,33,-1.12189,1.25864
1430,34,-1.12733,1.27088
1430,35,-1.11005,1.23222
1430,36,-1.09883,1.20743
1430,37,-1.11501,1.24325
1430,38,-1.17194,1.37344
1430,39,-1.27388,1.62276
1430,40,-1.41651,2.0065
1430,41,-1.58909,2.5252
1430,42,-1.77741,3.15918
1430,43,-1.96713,3.86959
1430,44,-2.14524,4.60205
1430,45,-2.3018,5.29828
1430,46,-2.43031,5.90638
1430,47,-2.52717,6.38659
1430,48,-2.59157,6.71622
1430,49,-2.62353,6.88291
1430,50,-2.62353,6.88291
1430,51,-2.59157,6.71622
1430,52,-2.52717,6.38659
1430,53,-2.4303,5.90638
1430,54,-2.3018,5.29827
1430,55,-2.14524,4.60205
1430,56,-1.96713,3.86959
1430,57,-1.77741,3.15918
1430,58,-1.58908,2.52519
1430,59,-1.41651,2.0065
1430,60,-1.27387,1.62275
1430,61,-1.17194,1.37344
1430,62,-1.11501,1.24325
1430,63,-1.09883,1.20743
1430,64,-1.11005,1.23221
1430,65,-1.12733,1.27088
1430,66,-1.12189,1.25864
1430,67,-1.06195,1.12775
1430,68,-0.918172,0.84304
1430,69,-0.667793,0.445948
1430,70,-0.300273,0.0901639
1430,71,0.178855,0.0319893
1430,72,0.746713,0.55758
1430,73,1.36294,1.85761
1430,74,1.97218,3.88951
1430,75,2.51005,6.30033
1430,76,2.91124,8.4753
1430,77,3.11891,9.72759
1430,78,3.09232,9.56244
1430,79,2.81373,7.91708
1430,80,2.29365,5.26081
1430,81,1.56935,2.46287
1430,82,0.701436,0.492013
1430,83,-0.229996,0.0528981
1430,84,-1.13541,1.28915
1430,85,-1.92763,3.71574
1430,86,-2.53274,6.41477
1430,87,-2.89946,8.40687
1430,88,-3.00536,9.03217
1430,89,-2.86108,8.18578
1430,90,-2.50747,6.28741
1430,91,-2.00766,4.0307
1430,92,-1.43812,2.06819
1430,93,-0.87782,0.770568
1430,94,-0.396595,0.157287
1430,95,-0.0450909,0.00203319
1430,96,0.152442,0.0232386
1430,97,0.200846,0.0403391
1430,98,0.132241,0.0174877
1430,99,0,0
1440,0,0,0
1440,1,-0.128525,0.0165186
1440,2,-0.19479,0.0379432
1440,3,-0.147868,0.021865
1440,4,0.0431508,0.00186199
1440,5,0.383435,0.147022
1440,6,0.849025,0.720844
1440,7,1.39041,1.93324
1440,8,1.93994,3.76337
1440,9,2.42082,5.86037
1440,10,2.75819,7.60761
1440,11,2.89106,8.35822
1440,12,2.78205,7.7398
1440,13,2.42203,5.86623
1440,14,1.83158,3.3547
1440,15,1.06007,1.12374
1440,16,0.179868,0.0323526
1440,17,-0.723888,0.524014
1440,18,-1.56502,2.44929
1440,19,-2.26558,5.13287
1440,20,-2.76411,7.64032
1440,21,-3.02467,9.14864
1440,22,-3.03877,9.2341
1440,23,-2.82365,7.97297
1440,24,-2.41962,5.85455
1440,25,-1.88303,3.54579
1440,26,-1.27774,1.63262
1440,27,-0.665912,0.443439
1440,28,-0.101852,0.0103738
1440,29,0.373252,0.139317
1440,30,0.735983,0.541671
1440,31,0.981101,0.962559
1440,32,1.1188,1.25172
1440,33,1.17115,1.3716
1440,34,1.16773,1.3636
1440,35,1.1399,1.29938
1440,36,1.1159,1.24523
1440,37,1.11789,1.24969
1440,38,1.15979,1.3451
1440,39,1.2464,1.55352
1440,40,1.37402,1.88792
1440,41,1.53253,2.34866
1440,42,1.70853,2.91909
1440,43,1.88827,3.56558
1440,44,2.05926,4.24057
1440,45,2.21118,4.88933
1440,46,2.33749,5.46385
1440,47,2.43418,5.92525
1440,48,2.49898,6.2449
1440,49,2.53137,6.40785
1440,50,2.53137,6.40786
1440,51,2.49898,6.24491
1440,52,2.43418,5.92524
1440,53,2.33748,5.46383
1440,54,2.21118,4.88932
1440,55,2.05926,4.24056
1440,56,1.88827,3.56557
1440,57,1.70853,2.91908
1440,58,1.53253,2.34865
1440,59,1.37402,1.88792
1440,60,1.2464,1.55351
1440,61,1.15979,1.3451
1440,62,1.11789,1.24969
1440,63,1.1159,1.24524
1440,64,1.1399,1.29938
1440,65,1.16774,1.36361
1440,66,1.17115,1.3716
1440,67,1.1188,1.25172
1440,68,0.981103,0.962562
1440,69,0.73598,0.541666
1440,70,0.373252,0.139317
1440,71,-0.101852,0.0103739
1440,72,-0.66591,0.443436
1440,73,-1.27774,1.63262
1440,74,-1.88303,3.54579
1440,75,-2.41962,5.85455
1440,76,-2.82365,7.97299
1440,77,-3.03877,9.2341
1440,78,-3.02467,9.14863
1440,79,-2.76411,7.64031
1440,80,-2.26558,5.13287
1440,81,-1.56502,2.44929
1440,82,-0.72389,0.524016
1440,83,0.179867,0.0323523
1440,84,1.06006,1.12374
1440,85,1.83158,3.35469
1440,86,2.42203,5.86623
1440,87,2.78205,7.73979
1440,88,2.89106,8.35822
1440,89,2.75819,7.6076
1440,90,2.42082,5.86037
1440,91,1.93994,3.76336
1440,92,1.39041,1.93324
1440,93,0.849024,0.720842
1440,94,0.383434,0.147022
1440,95,0.043149,0.00186183
1440,96,-0.147871,0.0218659
1440,97,-0.194792,0.0379438
1440,98,-0.128526,0.016519
1440,99,0,0
1450,0,0,0
1450,1,0.119898,0.0143755
1450,2,0.180719,0.0326592
1450,3,0.133024,0.0176953
1450,4,-0.0528474,0.00279285
1450,5,-0.380393,0.144699
1450,6,-0.826558,0.683198
1450,7,-1.34489,1.80873
1450,8,-1.87005,3.49708
1450,9,-2.32799,5.41953
1450,10,-2.64758,7.00968
1450,11,-2.77055,7.67592
1450,12,-2.66073,7.07946
1450,13,-2.30915,5.3322
1450,14,-1.73567,3.01254
1450,15,-0.987885,0.975917
1450,16,-0.134988,0.0182217
1450,17,0.740774,0.548746
1450,18,1.55448,2.41641
1450,19,2.23017,4.97364
1450,20,2.70867,7.33691
1450,21,2.954,8.7261
1450,22,2.95713,8.74462
1450,23,2.73587,7.48498
1450,24,2.3302,5.42982
1450,25,1.79514,3.22254
1450,26,1.19321,1.42375
1450,27,0.585983,0.343376
1450,28,0.0268201,0.000719319
1450,29,-0.444038,0.19717
1450,30,-0.802763,0.644428
1450,31,-1.04366,1.08922
1450,32,-1.17667,1.38456
1450,33,-1.22333,1.49655
1450,34,-1.21249,1.47012
1450,35,-1.17521,1.38111
1450,36,-1.14005,1.29972
1450,37,-1.12911,1.2749
1450,38,-1.15598,1.33628
1450,39,-1.2262,1.50356
1450,40,-1.33722,1.78817
1450,41,-1.48011,2.19072
1450,42,-1.64274,2.69859
1450,43,-1.81157,3.28179
1450,44,-1.97441,3.89828
1450,45,-2.12105,4.49884
1450,46,-2.24374,5.03436
1450,47,-2.33776,5.46512
1450,48,-2.40103,5.76493
1450,49,-2.43296,5.91927
1450,50,-2.43296,5.91928
1450,51,-2.40103,5.76494
1450,52,-2.33776,5.46511
1450,53,-2.24373,5.03435
1450,54,-2.12105,4.49885
1450,55,-1.97441,3.89828
1450,56,-1.81157,3.28179
1450,57,-1.64274,2.69859
1450,58,-1.48011,2.19072
1450,59,-1.33723,1.78817
1450,60,-1.2262,1.50356
1450,61,-1.15598,1.33628
1450,62,-1.12912,1.2749
1450,63,-1.14005,1.29972
1450,64,-1.17521,1.38112
1450,65,-1.21249,1.47013
1450,66,-1.22333,1.49655
1450,67,-1.17667,1.38456
1450,68,-1.04365,1.08921
1450,69,-0.802765,0.644431
1450,70,-0.444039,0.197171
1450,71,0.0268207,0.000719352
1450,72,0.585983,0.343376
1450,73,1.19321,1.42376
1450,74,1.79514,3.22253
1450,75,2.3302,5.42983
1450,76,2.73587,7.48497
1450,77,2.95713,8.74461
1450,78,2.954,8.72609
1450,79,2.70868,7.33693
1450,80,2.23016,4.97363
1450,81,1.55448,2.41641
1450,82,0.740774,0.548746
1450,83,-0.134986,0.0182211
1450,84,-0.987883,0.975913
1450,85,-1.73567,3.01254
1450,86,-2.30915,5.33218
1450,87,-2.66073,7.07947
1450,88,-2.77055,7.67592
1450,89,-2.64758,7.00968
1450,90,-2.32799,5.41953
1450,91,-1.87005,3.49708
1450,92,-1.34489,1.80873
1450,93,-0.826557,0.683196
1450,94,-0.380393,0.144699
1450,95,-0.0528462,0.00279273
1450,96,0.133024,0.0176953
1450,97,0.180718,0.032659
1450,98,0.119898,0.0143756
1450,99,0,0
1460,0,0,0
1460,1,-0.108799,0.0118372
1460,2,-0.161398,0.0260495
1460,3,-0.11191,0.0125238
1460,4,0.0673753,0.00453943
1460,5,0.380376,0.144686
1460,6,0.805288,0.648488
1460,7,1.29803,1.68487
1460,8,1.79787,3.23232
1460,9,2.23401,4.9908
1460,10,2.53672,6.43492
1460,11,2.64992,7.02208
1460,12,2.5388,6.4455
1460,13,2.19455,4.81605
1460,14,1.63682,2.67917
1460,15,0.911953,0.831659
1460,16,0.0876416,0.00768105
1460,17,-0.756519,0.572321
1460,18,-1.53934,2.36956
1460,19,-2.1876,4.78561
1460,20,-2.64464,6.9941
1460,21,-2.87586,8.27055
1460,22,-2.87179,8.24715
1460,23,-2.64848,7.01444
1460,24,-2.2442,5.03644
1460,25,-1.71295,2.93421
1460,26,-1.11575,1.24491
1460,27,-0.513484,0.263666
1460,28,0.0402215,0.00161777
1460,29,0.505975,0.256011
1460,30,0.860834,0.741036
1460,31,1.09864,1.20701
1460,32,1.2285,1.50922
1460,33,1.27154,1.6168
1460,34,1.25539,1.576
1460,35,1.20984,1.4637
1460,36,1.16304,1.35267
1460,37,1.13795,1.29493
1460,38,1.14967,1.32174
1460,39,1.20399,1.44959
1460,40,1.29932,1.68823
1460,41,1.42829,2.04001
1460,42,1.57917,2.49377
1460,43,1.73859,3.02271
1460,44,1.89391,3.58691
1460,45,2.03444,4.13896
1460,46,2.15235,4.63262
1460,47,2.243,5.03103
1460,48,2.30397,5.30829
1460,49,2.33434,5.44914
1460,50,2.33434,5.44914
1460,51,2.30397,5.30828
1460,52,2.243,5.03103
1460,53,2.15235,4.63262
1460,54,2.03445,4.13897
1460,55,1.89391,3.58691
1460,56,1.73859,3.02271
1460,57,1.57917,2.49377
1460,58,1.42829,2.04001
1460,59,1.29932,1.68823
1460,60,1.20399,1.44959
1460,61,1.14967,1.32174
1460,62,1.13795,1.29493
1460,63,1.16304,1.35266
1460,64,1.20983,1.4637
1460,65,1.25539,1.576
1460,66,1.27153,1.6168
1460,67,1.2285,1.50922
1460,68,1.09864,1.207
1460,69,0.860834,0.741035
1460,70,0.505974,0.256009
1460,71,0.0402209,0.00161772
1460,72,-0.513484,0.263666
1460,73,-1.11575,1.24491
1460,74,-1.71295,2.93421
1460,75,-2.2442,5.03644
1460,76,-2.64848,7.01444
1460,77,-2.87179,8.24716
1460,78,-2.87586,8.27056
1460,79,-2.64464,6.99412
1460,80,-2.18761,4.78562
1460,81,-1.53934,2.36957
1460,82,-0.756518,0.572319
1460,83,0.0876423,0.00768118
1460,84,0.911955,0.831662
1460,85,1.63682,2.67917
1460,86,2.19455,4.81606
1460,87,2.5388,6.44551
1460,88,2.64992,7.02207
1460,89,2.53672,6.43493
1460,90,2.23401,4.9908
1460,91,1.79787,3.23233
1460,92,1.29802,1.68487
1460,93,0.805289,0.648491
1460,94,0.380377,0.144687
1460,95,0.0673777,0.00453975
1460,96,-0.111909,0.0125237
1460,97,-0.161398,0.0260493
1460,98,-0.108795,0.0118364
1460,99,0,0
1470,0,0,0
1470,1,0.0997713,0.00995431
1470,2,0.146132,0.0213546
1470,3,0.0950952,0.00904311
1470,4,-0.0789776,0.00623747
1470,5,-0.379337,0.143897
1470,6,-0.785838,0.617541
1470,7,-1.25557,1.57646
1470,8,-1.72884,2.9889
1470,9,-2.13861,4.57367
1470,10,-2.42009,5.85684
1470,11,-2.52006,6.35068
1470,12,-2.4054,5.78594
1470,13,-2.06862,4.27919
1470,14,-1.52866,2.33681
1470,15,-0.829405,0.687913
1470,16,-0.0352496,0.00124253
1470,17,0.777161,0.603979
1470,18,1.52867,2.33685
1470,19,2.14795,4.6137
1470,20,2.58017,6.6573
1470,21,2.79243,7.79767
1470,22,2.77666,7.70981
1470,23,2.54959,6.50043
1470,24,2.14846,4.61588
1470,25,1.62461,2.63936
1470,26,1.03671,1.07477
1470,27,0.443475,0.19667
1470,28,-0.10299,0.0106069
1470,29,-0.562806,0.31675
1470,30,-0.91284,0.833276
1470,31,-1.1472,1.31608
1470,32,-1.27405,1.6232
1470,33,-1.3129,1.7237
1470,34,-1.29079,1.66613
1470,35,-1.23758,1.53159
1470,36,-1.18117,1.39517
1470,37,-1.14369,1.30802
1470,38,-1.14015,1.29994
1470,39,-1.17787,1.38738
1470,40,-1.25643,1.57861
1470,41,-1.36856,1.87296
1470,42,-1.50325,2.25975
1470,43,-1.64843,2.71733
1470,44,-1.79232,3.21241
1470,45,-1.92512,3.70608
1470,46,-2.03892,4.15719
1470,47,-2.12796,4.5282
1470,48,-2.18898,4.79164
1470,49,-2.21995,4.92816
1470,50,-2.21995,4.92816
1470,51,-2.18898,4.79165
1470,52,-2.12796,4.52819
1470,53,-2.03892,4.15719
1470,54,-1.92512,3.70608
1470,55,-1.79232,3.21241
1470,56,-1.64843,2.71733
1470,57,-1.50325,2.25976
1470,58,-1.36856,1.87297
1470,59,-1.25643,1.57861
1470,60,-1.17787,1.38737
1470,61,-1.14015,1.29994
1470,62,-1.14368,1.30801
1470,63,-1.18117,1.39517
1470,64,-1.23758,1.5316
1470,65,-1.29079,1.66613
1470,66,-1.3129,1.7237
1470,67,-1.27405,1.6232
1470,68,-1.1472,1.31608
1470,69,-0.912839,0.833275
1470,70,-0.562805,0.316749
1470,71,-0.102988,0.0106066
1470,72,0.443474,0.196669
1470,73,1.03671,1.07477
1470,74,1.62461,2.63936
1470,75,2.14846,4.61588
1470,76,2.54959,6.50043
1470,77,2.77665,7.70981
1470,78,2.79243,7.79767
1470,79,2.58017,6.65729
1470,80,2.14795,4.61369
1470,81,1.52867,2.33685
1470,82,0.77716,0.603978
1470,83,-0.03525,0.00124256
1470,84,-0.829406,0.687914
1470,85,-1.52866,2.33682
1470,86,-2.06862,4.2792
1470,87,-2.4054,5.78593
1470,88,-2.52006,6.35068
1470,89,-2.42009,5.85684
1470,90,-2.13861,4.57367
1470,91,-1.72884,2.98889
1470,92,-1.25557,1.57645
1470,93,-0.785837,0.61754
1470,94,-0.379337,0.143897
1470,95,-0.0789767,0.00623731
1470,96,0.0950929,0.00904265
1470,97,0.146129,0.0213536
1470,98,0.099769,0.00995385
1470,99,0,0
1480,0,0,0
1480,1,-0.0909245,0.00826727
1480,2,-0.131251,0.0172267
1480,3,-0.0803202,0.00645134
1480,4,0.086197,0.00742993
1480,5,0.371469,0.137989
1480,6,0.755656,0.571017
1480,7,1.19821,1.43571
1480,8,1.64273,2.69858
1480,9,2.02517,4.1013
1480,10,2.28445,5.21869
1480,11,2.37094,5.62136
1480,12,2.2531,5.07644
1480,13,1.92333,3.69918
1480,14,1.40095,1.96265
1480,15,0.729871,0.532712
1480,16,-0.0276697,0.000765612
1480,17,-0.798755,0.638009
1480,18,-1.50923,2.27778
1480,19,-2.09244,4.37829
1480,20,-2.49611,6.23054
1480,21,-2.68908,7.23116
1480,22,-2.66354,7.09442
1480,23,-2.43453,5.92696
1480,24,-2.0376,4.15183
1480,25,-1.52255,2.31816
1480,26,-0.946159,0.895216
1480,27,-0.365183,0.133359
1480,28,0.170126,0.028943
1480,29,0.621951,0.386823
1480,30,0.967598,0.936247
1480,31,1.1995,1.4388
1480,32,1.32401,1.75301
1480,33,1.35908,1.8471
1480,34,1.33116,1.77199
1480,35,1.26993,1.61272
1480,36,1.20248,1.44596
1480,37,1.15078,1.32429
1480,38,1.1303,1.27758
1480,39,1.14896,1.3201
1480,40,1.20739,1.45778
1480,41,1.30021,1.69055
1480,42,1.41787,2.01035
1480,43,1.54899,2.39937
1480,44,1.68242,2.83053
1480,45,1.8077,3.26777
1480,46,1.91601,3.67109
1480,47,2.00113,4.00453
1480,48,2.05938,4.24106
1480,49,2.0889,4.3635
1480,50,2.0889,4.3635
1480,51,2.05939,4.24107
1480,52,2.00114,4.00454
1480,53,1.91601,3.6711
1480,54,1.8077,3.26777
1480,55,1.68242,2.83053
1480,56,1.54899,2.39938
1480,57,1.41787,2.01035
1480,58,1.30021,1.69055
1480,59,1.20739,1.45778
1480,60,1.14896,1.3201
1480,61,1.1303,1.27758
1480,62,1.15078,1.32429
1480,63,1.20248,1.44596
1480,64,1.26993,1.61272
1480,65,1.33116,1.77198
1480,66,1.35908,1.8471
1480,67,1.32401,1.753
1480,68,1.1995,1.43881
1480,69,0.967599,0.936248
1480,70,0.621951,0.386823
1480,71,0.170127,0.0289432
1480,72,-0.365185,0.13336
1480,73,-0.946159,0.895217
1480,74,-1.52255,2.31817
1480,75,-2.0376,4.15183
1480,76,-2.43453,5.92695
1480,77,-2.66353,7.09442
1480,78,-2.68908,7.23116
1480,79,-2.4961,6.23054
1480,80,-2.09243,4.37828
1480,81,-1.50923,2.27778
1480,82,-0.798757,0.638013
1480,83,-0.0276693,0.000765588
1480,84,0.729871,0.532712
1480,85,1.40095,1.96265
1480,86,1.92333,3.69918
1480,87,2.2531,5.07644
1480,88,2.37094,5.62136
1480,89,2.28445,5.2187
1480,90,2.02517,4.1013
1480,91,1.64274,2.69858
1480,92,1.19821,1.43571
1480,93,0.755654,0.571013
1480,94,0.371466,0.137987
1480,95,0.0861959,0.00742974
1480,96,-0.0803207,0.00645142
1480,97,-0.131251,0.0172268
1480,98,-0.0909256,0.00826747
1480,99,0,0
1490,0,0,0
1490,1,0.0862883,0.00744567
1490,2,0.125159,0.0156647
1490,3,0.077639,0.00602781
1490,4,-0.079793,0.00636692
1490,5,-0.349887,0.122421
1490,6,-0.713129,0.508553
1490,7,-1.12985,1.27657
1490,8,-1.54626,2.39091
1490,9,-1.90233,3.61884
1490,10,-2.13996,4.57944
1490,11,-2.21221,4.89387
1490,12,-2.09101,4.37233
1490,13,-1.77088,3.13603
1490,14,-1.27003,1.61297
1490,15,-0.629974,0.396867
1490,16,0.0895788,0.00802436
1490,17,0.819212,0.671109
1490,18,1.48866,2.21611
1490,19,2.03472,4.14011
1490,20,2.40778,5.79738
1490,21,2.57765,6.64427
1490,22,2.53749,6.43887
1490,23,2.30335,5.3054
1490,24,1.90922,3.64513
1490,25,1.40245,1.96686
1490,26,0.838049,0.702326
1490,27,0.27076,0.0733112
1490,28,-0.251461,0.0632328
1490,29,-0.692083,0.47898
1490,30,-1.0283,1.05739
1490,31,-1.2523,1.56826
1490,32,-1.37054,1.87838
1490,33,-1.40051,1.96143
1490,34,-1.36688,1.86835
1490,35,-1.29756,1.68366
1490,36,-1.21946,1.48708
1490,37,-1.1543,1.3324
1490,38,-1.11708,1.24787
1490,39,-1.11679,1.24721
1490,40,-1.15605,1.33644
1490,41,-1.23101,1.5154
1490,42,-1.33301,1.77691
1490,43,-1.45122,2.10603
1490,44,-1.57445,2.47889
1490,45,-1.69193,2.86261
1490,46,-1.79524,3.2229
1490,47,-1.87792,3.52657
1490,48,-1.93494,3.74401
1490,49,-1.96393,3.85701
1490,50,-1.96393,3.85702
1490,51,-1.93494,3.74401
1490,52,-1.87792,3.52657
1490,53,-1.79525,3.22291
1490,54,-1.69193,2.86262
1490,55,-1.57445,2.47889
1490,56,-1.45122,2.10604
1490,57,-1.33301,1.77691
1490,58,-1.23101,1.5154
1490,59,-1.15605,1.33644
1490,60,-1.11678,1.2472
1490,61,-1.11708,1.24787
1490,62,-1.1543,1.3324
1490,63,-1.21946,1.48708
1490,64,-1.29755,1.68365
1490,65,-1.36688,1.86835
1490,66,-1.40051,1.96143
1490,67,-1.37054,1.87838
1490,68,-1.2523,1.56825
1490,69,-1.02829,1.05739
1490,70,-0.692081,0.478976
1490,71,-0.251462,0.0632332
1490,72,0.270763,0.0733123
1490,73,0.838049,0.702327
1490,74,1.40245,1.96686
1490,75,1.90922,3.64513
1490,76,2.30335,5.30542
1490,77,2.53749,6.43887
1490,78,2.57765,6.64426
1490,79,2.40778,5.79738
1490,80,2.03472,4.1401
1490,81,1.48866,2.21611
1490,82,0.819212,0.671108
1490,83,0.0895779,0.0080242
1490,84,-0.629972,0.396864
1490,85,-1.27003,1.61297
1490,86,-1.77088,3.13603
1490,87,-2.09101,4.37233
1490,88,-2.21221,4.89386
1490,89,-2.13996,4.57944
1490,90,-1.90233,3.61884
1490,91,-1.54626,2.39091
1490,92,-1.12985,1.27656
1490,93,-0.713126,0.508549
1490,94,-0.349883,0.122418
1490,95,-0.0797884,0.00636619
1490,96,0.0776411,0.00602814
1490,97,0.12516,0.015665
1490,98,0.0862898,0.00744592
1490,99,0,0
1500,0,0,0
1500,1,-0.0778301,0.00605752
1500,2,-0.111766,0.0124917
1500,3,-0.0653038,0.00426458
1500,4,0.0830174,0.00689189
1500,5,0.334813,0.1121
1500,6,0.671814,0.451335
1500,7,1.05772,1.11876
1500,8,1.44234,2.08033
1500,9,1.76885,3.12884
1500,10,1.98293,3.93203
1500,11,2.04144,4.16749
1500,12,1.91838,3.68017
1500,13,1.60937,2.59006
1500,14,1.13281,1.28326
1500,15,0.528261,0.27906
1500,16,-0.148074,0.021926
1500,17,-0.831117,0.690756
1500,18,-1.45465,2.11602
1500,19,-1.95864,3.83627
1500,20,-2.2969,5.27576
1500,21,-2.44255,5.96603
1500,22,-2.39021,5.71309
1500,23,-2.15485,4.64339
1500,24,-1.76886,3.12888
1500,25,-1.27756,1.63216
1500,26,-0.732316,0.536286
1500,27,-0.184541,0.0340553
1500,28,0.31997,0.102381
1500,29,0.745843,0.556282
1500,30,1.07106,1.14717
1500,31,1.28784,1.65852
1500,32,1.40145,1.96405
1500,33,1.42782,2.03867
1500,34,1.38972,1.93131
1500,35,1.31315,1.72437
1500,36,1.22414,1.49853
1500,37,1.14486,1.3107
1500,38,1.09132,1.19098
1500,39,1.07338,1.15215
1500,40,1.09445,1.19781
1500,41,1.15165,1.3263
1500,42,1.23769,1.53189
1500,43,1.3426,1.80256
1500,44,1.45565,2.11891
1500,45,1.56678,2.45479
1500,46,1.66647,2.77712
1500,47,1.74716,3.05257
1500,48,1.80396,3.25425
1500,49,1.83333,3.3611
1500,50,1.83333,3.36111
1500,51,1.80396,3.25425
1500,52,1.74716,3.05256
1500,53,1.66647,2.77712
1500,54,1.56678,2.45479
1500,55,1.45565,2.11891
1500,56,1.34259,1.80256
1500,57,1.2377,1.53189
1500,58,1.15165,1.3263
1500,59,1.09445,1.19781
1500,60,1.07338,1.15215
1500,61,1.09132,1.19097
1500,62,1.14486,1.3107
1500,63,1.22414,1.49853
1500,64,1.31315,1.72437
1500,65,1.38971,1.9313
1500,66,1.42782,2.03868
1500,67,1.40144,1.96405
1500,68,1.28783,1.65851
1500,69,1.07106,1.14717
1500,70,0.745843,0.556282
1500,71,0.319969,0.10238
1500,72,-0.184542,0.0340556
1500,73,-0.732317,0.536288
1500,74,-1.27756,1.63217
1500,75,-1.76886,3.12888
1500,76,-2.15485,4.64339
1500,77,-2.39021,5.7131
1500,78,-2.44255,5.96603
1500,79,-2.2969,5.27576
1500,80,-1.95864,3.83627
1500,81,-1.45465,2.11601
1500,82,-0.831118,0.690757
1500,83,-0.148074,0.0219259
1500,84,0.528264,0.279063
1500,85,1.13281,1.28327
1500,86,1.60937,2.59006
1500,87,1.91838,3.68017
1500,88,2.04144,4.16749
1500,89,1.98294,3.93203
1500,90,1.76885,3.12883
1500,91,1.44234,2.08033
1500,92,1.05772,1.11876
1500,93,0.671813,0.451332
1500,94,0.334812,0.112099
1500,95,0.0830158,0.00689162
1500,96,-0.0653051,0.00426475
1500,97,-0.111769,0.0124922
1500,98,-0.0778304,0.00605757
1500,99,0,0
1510,0,0,0
1510,1,0.0688836,0.00474495
1510,2,0.0964971,0.00931169
1510,3,0.0505073,0.00255099
1510,4,-0.0876182,0.00767695
1510,5,-0.319596,0.102142
1510,6,-0.628568,0.395098
1510,7,-0.980697,0.961767
1510,8,-1.32977,1.76828
1510,9,-1.62387,2.63695
1510,10,-1.81344,3.28855
1510,11,-1.85872,3.45486
1510,12,-1.73568,3.01259
1510,13,-1.44071,2.07565
1510,14,-0.991786,0.98364
1510,15,-0.425919,0.181407
1510,16,0.204911,0.0419884
1510,17,0.83928,0.704391
1510,18,1.41479,2.00164
1510,19,1.87637,3.52075
1510,20,2.18168,4.75975
1510,21,2.30555,5.31554
1510,22,2.24267,5.02959
1510,23,2.00744,4.02981
1510,24,1.63077,2.6594
1510,25,1.15493,1.33387
1510,26,0.628291,0.39475
1510,27,0.099961,0.00999219
1510,28,-0.386481,0.149368
1510,29,-0.797323,0.635723
1510,30,-1.11127,1.23492
1510,31,-1.32043,1.74353
1510,32,-1.42889,2.04174
1510,33,-1.45062,2.1043
1510,34,-1.40707,1.97986
1510,35,-1.32327,1.75104
1510,36,-1.22394,1.49802
1510,37,-1.13138,1.28002
1510,38,-1.0627,1.12933
1510,39,-1.02809,1.05696
1510,40,-1.03161,1.06422
1510,41,-1.07167,1.14848
1510,42,-1.14212,1.30444
1510,43,-1.23404,1.52285
1510,44,-1.33711,1.78787
1510,45,-1.44095,2.07632
1510,46,-1.53566,2.35825
1510,47,-1.61348,2.60333
1510,48,-1.66886,2.7851
1510,49,-1.69751,2.88154
1510,50,-1.69751,2.88156
1510,51,-1.66886,2.7851
1510,52,-1.61348,2.60333
1510,53,-1.53566,2.35824
1510,54,-1.44095,2.07633
1510,55,-1.33711,1.78787
1510,56,-1.23404,1.52285
1510,57,-1.14211,1.30442
1510,58,-1.07167,1.14848
1510,59,-1.03161,1.06422
1510,60,-1.02809,1.05696
1510,61,-1.0627,1.12933
1510,62,-1.13138,1.28002
1510,63,-1.22394,1.49802
1510,64,-1.32327,1.75104
1510,65,-1.40707,1.97986
1510,66,-1.45062,2.1043
1510,67,-1.42889,2.04174
1510,68,-1.32043,1.74354
1510,69,-1.11127,1.23492
1510,70,-0.797324,0.635725
1510,71,-0.386477,0.149365
1510,72,0.0999612,0.00999224
1510,73,0.628294,0.394753
1510,74,1.15493,1.33387
1510,75,1.63077,2.6594
1510,76,2.00744,4.02981
1510,77,2.24268,5.02959
1510,78,2.30555,5.31555
1510,79,2.18168,4.75974
1510,80,1.87637,3.52076
1510,81,1.4148,2.00165
1510,82,0.839284,0.704397
1510,83,0.20491,0.0419882
1510,84,-0.425919,0.181407
1510,85,-0.991786,0.98364
1510,86,-1.44071,2.07565
1510,87,-1.73568,3.01258
1510,88,-1.85873,3.45486
1510,89,-1.81344,3.28856
1510,90,-1.62387,2.63695
1510,91,-1.32976,1.76827
1510,92,-0.980696,0.961764
1510,93,-0.628567,0.395097
1510,94,-0.319597,0.102142
1510,95,-0.0876162,0.00767659
1510,96,0.0505106,0.00255132
1510,97,0.0964963,0.00931154
1510,98,0.068883,0.00474487
1510,99,0,0
1520,0,0,0
1520,1,-0.0546321,0.00298467
1520,2,-0.0733022,0.00537321
1520,3,-0.0267736,0.000716828
1520,4,0.102099,0.0104241
1520,5,0.314648,0.0990036
1520,6,0.595143,0.354195
1520,7,0.91265,0.832931
1520,8,1.22476,1.50004
1520,9,1.48439,2.20343
1520,10,1.64673,2.71172
1520,11,1.67547,2.80721
1520,12,1.54975,2.40173
1520,13,1.26745,1.60643
1520,14,0.845471,0.714822
1520,15,0.318778,0.101619
1520,16,-0.264368,0.0698906
1520,17,-0.848184,0.719415
1520,18,-1.37524,1.89128
1520,19,-1.79388,3.21799
1520,20,-2.0652,4.26507
1520,21,-2.16671,4.69465
1520,22,-2.09338,4.38223
1520,23,-1.85829,3.45323
1520,24,-1.49041,2.22132
1520,25,-1.02969,1.06027
1520,26,-0.521797,0.272272
1520,27,-0.0127159,0.000161695
1520,28,0.455657,0.207623
1520,29,0.850531,0.723402
1520,30,1.15175,1.32652
1520,31,1.35119,1.82572
1520,32,1.45219,2.10885
1520,33,1.46816,2.15549
1520,34,1.41927,2.01432
1520,35,1.32938,1.76725
1520,36,1.22281,1.49526
1520,37,1.12075,1.25607
1520,38,1.03955,1.08066
1520,39,0.989776,0.979656
1520,40,0.975836,0.952256
1520,41,0.997383,0.994773
1520,42,1.05003,1.10255
1520,43,1.12605,1.268
1520,44,1.21573,1.478
1520,45,1.30865,1.71256
1520,46,1.39534,1.94696
1520,47,1.46762,2.15391
1520,48,1.51921,2.30801
1520,49,1.54617,2.39064
1520,50,1.54617,2.39063
1520,51,1.51921,2.30801
1520,52,1.46762,2.1539
1520,53,1.39534,1.94696
1520,54,1.30865,1.71256
1520,55,1.21573,1.47801
1520,56,1.12605,1.268
1520,57,1.05003,1.10256
1520,58,0.997384,0.994775
1520,59,0.975837,0.952257
1520,60,0.989776,0.979656
1520,61,1.03955,1.08066
1520,62,1.12075,1.25607
1520,63,1.22281,1.49526
1520,64,1.32938,1.76726
1520,65,1.41927,2.01432
1520,66,1.46816,2.15549
1520,67,1.45219,2.10885
1520,68,1.35119,1.82573
1520,69,1.15175,1.32653
1520,70,0.850532,0.723405
1520,71,0.455658,0.207624
1520,72,-0.0127182,0.000161752
1520,73,-0.521797,0.272273
1520,74,-1.02969,1.06027
1520,75,-1.49041,2.22132
1520,76,-1.85829,3.45323
1520,77,-2.09338,4.38224
1520,78,-2.16672,4.69466
1520,79,-2.06521,4.26507
1520,80,-1.79387,3.21798
1520,81,-1.37524,1.89128
1520,82,-0.848185,0.719417
1520,83,-0.26437,0.0698916
1520,84,0.318779,0.10162
1520,85,0.845471,0.714821
1520,86,1.26745,1.60643
1520,87,1.54975,2.40172
1520,88,1.67548,2.80722
1520,89,1.64673,2.71171
1520,90,1.48439,2.20342
1520,91,1.22476,1.50005
1520,92,0.912652,0.832933
1520,93,0.595142,0.354194
1520,94,0.314648,0.0990036
1520,95,0.102099,0.0104241
1520,96,-0.0267775,0.000717036
1520,97,-0.0733037,0.00537343
1520,98,-0.0546333,0.0029848
1520,99,0,0
1530,0,0,0
1530,1,0.0404996,0.00164022
1530,2,0.0497848,0.00247853
1530,3,0.00171408,2.93808e-06
1530,4,-0.118985,0.0141574
1530,5,-0.312925,0.0979217
1530,6,-0.565259,0.319517
1530,7,-0.847602,0.718428
1530,8,-1.12232,1.25959
1530,9,-1.3474,1.81549
1530,10,-1.48245,2.19766
1530,11,-1.49582,2.23747
1530,12,-1.36904,1.87426
1530,13,-1.10008,1.21018
1530,14,-0.705151,0.497238
1530,15,-0.216545,0.0468916
1530,16,0.320733,0.102869
1530,17,0.854649,0.730425
1530,18,1.33298,1.77684
1530,19,1.70889,2.92031
1530,20,1.94627,3.78798
1530,21,2.02438,4.09812
1530,22,1.93951,3.76171
1530,23,1.70411,2.90397
1530,24,1.34488,1.8087
1530,25,0.899416,0.80895
1530,26,0.411108,0.16901
1530,27,-0.0765455,0.00585921
1530,28,-0.524836,0.275453
1530,29,-0.902885,0.815201
1530,30,-1.19045,1.41718
1530,31,-1.37984,1.90396
1530,32,-1.47417,2.17317
1530,33,-1.48509,2.2055
1530,34,-1.43138,2.04886
1530,35,-1.3356,1.78383
1530,36,-1.22061,1.48988
1530,37,-1.10682,1.22504
1530,38,-1.01075,1.02162
1530,39,-0.944038,0.891207
1530,40,-0.912268,0.832232
1530,41,-0.915811,0.838709
1530,42,-0.950975,0.904353
1530,43,-1.011,1.02213
1530,44,-1.08688,1.18131
1530,45,-1.16831,1.36496
1530,46,-1.24612,1.55282
1530,47,-1.31258,1.72286
1530,48,-1.36084,1.85188
1530,49,-1.38603,1.92108
1530,50,-1.38603,1.92108
1530,51,-1.36084,1.85188
1530,52,-1.31258,1.72285
1530,53,-1.24612,1.55282
1530,54,-1.16831,1.36495
1530,55,-1.08688,1.18131
1530,56,-1.011,1.02213
1530,57,-0.950977,0.904357
1530,58,-0.915812,0.838712
1530,59,-0.91227,0.832236
1530,60,-0.94404,0.891212
1530,61,-1.01075,1.02162
1530,62,-1.10682,1.22505
1530,63,-1.22061,1.48988
1530,64,-1.3356,1.78383
1530,65,-1.43138,2.04886
1530,66,-1.48509,2.2055
1530,67,-1.47417,2.17317
1530,68,-1.37984,1.90396
1530,69,-1.19045,1.41717
1530,70,-0.902886,0.815204
1530,71,-0.524837,0.275454
1530,72,-0.0765444,0.00585904
1530,73,0.411107,0.169009
1530,74,0.899415,0.808948
1530,75,1.34488,1.8087
1530,76,1.7041,2.90397
1530,77,1.93951,3.76171
1530,78,2.02438,4.09812
1530,79,1.94627,3.78798
1530,80,1.70889,2.9203
1530,81,1.33298,1.77684
1530,82,0.854647,0.730421
1530,83,0.320732,0.102869
1530,84,-0.216542,0.0468905
1530,85,-0.705151,0.497238
1530,86,-1.10008,1.21018
1530,87,-1.36904,1.87426
1530,88,-1.49582,2.23747
1530,89,-1.48245,2.19766
1530,90,-1.3474,1.81549
1530,91,-1.12231,1.25959
1530,92,-0.847604,0.718433
1530,93,-0.565258,0.319516
1530,94,-0.312925,0.097922
1530,95,-0.118986,0.0141576
1530,96,0.00171092,2.92726e-06
1530,97,0.0497857,0.00247861
1530,98,0.0405036,0.00164054
1530,99,0,0
1540,0,0,0
1540,1,-0.0257703,0.000664108
1540,2,-0.02434,0.000592433
1540,3,0.0265727,0.00070611
1540,4,0.139851,0.0195582
1540,5,0.315005,0.0992282
1540,6,0.538206,0.289665
1540,7,0.784284,0.615101
1540,8,1.01963,1.03964
1540,9,1.20734,1.45767
1540,10,1.3127,1.72319
1540,11,1.30851,1.7122
1540,12,1.17932,1.39079
1540,13,0.924353,0.854428
1540,14,0.558485,0.311905
1540,15,0.111097,0.0123425
1540,16,-0.376977,0.142112
1540,17,-0.858657,0.737291
1540,18,-1.28607,1.65398
1540,19,-1.61668,2.61366
1540,20,-1.81842,3.30664
1540,21,-1.87264,3.50679
1540,22,-1.77614,3.15466
1540,23,-1.54094,2.37451
1540,24,-1.19241,1.42184
1540,25,-0.765899,0.586601
1540,26,-0.301459,0.0908775
1540,27,0.161017,0.0259265
1540,28,0.585834,0.343202
1540,29,0.944815,0.892676
1540,30,1.21889,1.48569
1540,31,1.39915,1.95762
1540,32,1.48723,2.21186
1540,33,1.49396,2.23191
1540,34,1.43654,2.06365
1540,35,1.33548,1.78351
1540,36,1.21237,1.46984
1540,37,1.08778,1.18326
1540,38,0.978504,0.95747
1540,39,0.896201,0.803176
1540,40,0.847156,0.717674
1540,41,0.832658,0.693319
1540,42,0.850045,0.722577
1540,43,0.89332,0.79802
1540,44,0.95394,0.910002
1540,45,1.02289,1.04631
1540,46,1.09105,1.1904
1540,47,1.15007,1.32265
1540,48,1.19352,1.42449
1540,49,1.21658,1.48007
1540,50,1.21658,1.48007
1540,51,1.19352,1.42449
1540,52,1.15007,1.32265
1540,53,1.09105,1.1904
1540,54,1.02289,1.04631
1540,55,0.953941,0.910004
1540,56,0.893322,0.798024
1540,57,0.850045,0.722576
1540,58,0.832657,0.693317
1540,59,0.847157,0.717675
1540,60,0.896204,0.803182
1540,61,0.978504,0.957471
1540,62,1.08778,1.18326
1540,63,1.21237,1.46984
1540,64,1.33548,1.78351
1540,65,1.43654,2.06365
1540,66,1.49396,2.23191
1540,67,1.48723,2.21185
1540,68,1.39915,1.95761
1540,69,1.21889,1.48568
1540,70,0.944814,0.892674
1540,71,0.585833,0.3432
1540,72,0.161018,0.0259267
1540,73,-0.301459,0.0908772
1540,74,-0.765898,0.5866
1540,75,-1.19241,1.42183
1540,76,-1.54094,2.3745
1540,77,-1.77614,3.15466
1540,78,-1.87264,3.50679
1540,79,-1.81842,3.30664
1540,80,-1.61668,2.61367
1540,81,-1.28607,1.65398
1540,82,-0.858661,0.737298
1540,83,-0.376979,0.142113
1540,84,0.111098,0.0123428
1540,85,0.558486,0.311906
1540,86,0.924353,0.854429
1540,87,1.17932,1.39079
1540,88,1.30851,1.7122
1540,89,1.3127,1.72318
1540,90,1.20734,1.45767
1540,91,1.01963,1.03965
1540,92,0.784286,0.615104
1540,93,0.538207,0.289667
1540,94,0.315008,0.0992302
1540,95,0.139852,0.0195586
1540,96,0.0265739,0.000706171
1540,97,-0.0243403,0.000592448
1540,98,-0.0257719,0.000664189
1540,99,0,0
1550,0,0,0
1550,1,0.0136176,0.000185438
1550,2,0.00374478,1.40234e-05
1550,3,-0.0476245,0.00226809
1550,4,-0.150469,0.022641
1550,5,-0.304601,0.0927818
1550,6,-0.498327,0.24833
1550,7,-0.709411,0.503265
1550,8,-0.90805,0.824556
1550,9,-1.06175,1.12731
1550,10,-1.14036,1.30042
1550,11,-1.12043,1.25536
1550,12,-0.989342,0.978798
1550,13,-0.748045,0.559571
1550,14,-0.411419,0.169266
1550,15,-0.00658065,4.33049e-05
1550,16,0.429874,0.184792
1550,17,0.855642,0.732124
1550,18,1.22847,1.50914
1550,19,1.51149,2.28462
1550,20,1.6768,2.81165
1550,21,1.70819,2.91792
1550,22,1.60287,2.5692
1550,23,1.37178,1.88179
1550,24,1.03794,1.07731
1550,25,0.632903,0.400566
1550,26,0.193125,0.0372973
1550,27,-0.244151,0.0596097
1550,28,-0.645381,0.416517
1550,29,-0.984065,0.968385
1550,30,-1.2422,1.54307
1550,31,-1.41107,1.99113
1550,32,-1.49191,2.2258
1550,33,-1.49436,2.23311
1550,34,-1.4338,2.05579
1550,35,-1.32872,1.76549
1550,36,-1.19868,1.43683
1550,37,-1.0631,1.13018
1550,38,-0.939077,0.881866
1550,39,-0.839257,0.704353
1550,40,-0.771437,0.595116
1550,41,-0.738481,0.545354
1550,42,-0.738726,0.545716
1550,43,-0.767054,0.588371
1550,44,-0.81569,0.66535
1550,45,-0.87535,0.766238
1550,46,-0.93667,0.87735
1550,47,-0.991366,0.982807
1550,48,-1.03232,1.06568
1550,49,-1.05413,1.1112
1550,50,-1.05413,1.1112
1550,51,-1.03232,1.06568
1550,52,-0.991369,0.982812
1550,53,-0.936669,0.87735
1550,54,-0.875349,0.766236
1550,55,-0.815691,0.665352
1550,56,-0.767053,0.58837
1550,57,-0.738725,0.545714
1550,58,-0.738482,0.545356
1550,59,-0.771437,0.595115
1550,60,-0.83926,0.704357
1550,61,-0.939078,0.881867
1550,62,-1.0631,1.13018
1550,63,-1.19868,1.43682
1550,64,-1.32872,1.76549
1550,65,-1.4338,2.05577
1550,66,-1.49436,2.23311
1550,67,-1.49191,2.22579
1550,68,-1.41107,1.99112
1550,69,-1.2422,1.54307
1550,70,-0.984064,0.968381
1550,71,-0.645382,0.416518
1550,72,-0.24415,0.0596094
1550,73,0.193124,0.037297
1550,74,0.632902,0.400565
1550,75,1.03794,1.07731
1550,76,1.37178,1.88179
1550,77,1.60287,2.5692
1550,78,1.70819,2.91791
1550,79,1.67679,2.81164
1550,80,1.51149,2.28462
1550,81,1.22847,1.50914
1550,82,0.85564,0.732119
1550,83,0.429872,0.18479
1550,84,-0.0065797,4.32925e-05
1550,85,-0.41142,0.169266
1550,86,-0.748046,0.559572
1550,87,-0.989343,0.9788
1550,88,-1.12043,1.25536
1550,89,-1.14036,1.30042
1550,90,-1.06175,1.12732
1550,91,-0.908051,0.824556
1550,92,-0.709413,0.503267
1550,93,-0.498325,0.248328
1550,94,-0.304602,0.0927821
1550,95,-0.150473,0.022642
1550,96,-0.0476245,0.00226809
1550,97,0.00374345,1.40134e-05
1550,98,0.0136192,0.000185484
1550,99,0,0
1560,0,0,0
1560,1,-0.00385632,1.48712e-05
1560,2,0.0116049,0.000134674
1560,3,0.0617908,0.00381811
1560,4,0.154267,0.0237982
1560,5,0.28795,0.0829153
1560,6,0.452417,0.204681
1560,7,0.627955,0.394327
1560,8,0.789003,0.622526
1560,9,0.90821,0.824845
1560,10,0.96003,0.921658
1560,11,0.925095,0.8558
1560,12,0.793815,0.630143
1560,13,0.568239,0.322896
1560,14,0.262505,0.0689087
1560,15,-0.098552,0.00971249
1560,16,-0.482223,0.232539
1560,17,-0.85149,0.725035
1560,18,-1.16923,1.3671
1560,19,-1.40303,1.96849
1560,20,-1.52926,2.33863
1560,21,-1.53496,2.3561
1560,22,-1.41842,2.01192
1560,23,-1.19011,1.41637
1560,24,-0.871193,0.758978
1560,25,-0.489929,0.24003
1560,26,-0.0788132,0.00621153
1560,27,0.329098,0.108305
1560,28,0.703773,0.495296
1560,29,1.02053,1.04149
1560,30,1.26227,1.59332
1560,31,1.42019,2.01693
1560,32,1.49391,2.23178
1560,33,1.49114,2.2235
1560,34,1.42545,2.03191
1560,35,1.31418,1.72706
1560,36,1.17644,1.384
1560,37,1.03102,1.06301
1560,38,0.894114,0.799439
1560,39,0.77822,0.605626
1560,40,0.691875,0.478691
1560,41,0.639591,0.409077
1560,42,0.621763,0.386589
1560,43,0.63429,0.402324
1560,44,0.670019,0.448926
1560,45,0.720124,0.518579
1560,46,0.774844,0.600384
1560,47,0.824832,0.680347
1560,48,0.862656,0.744176
1560,49,0.883125,0.779911
1560,50,0.883126,0.779912
1560,51,0.862655,0.744173
1560,52,0.824831,0.680346
1560,53,0.774845,0.600385
1560,54,0.720124,0.518578
1560,55,0.670018,0.448924
1560,56,0.634289,0.402322
1560,57,0.621766,0.386593
1560,58,0.639594,0.409081
1560,59,0.691875,0.478692
1560,60,0.778223,0.605631
1560,61,0.894115,0.799442
1560,62,1.03102,1.06301
1560,63,1.17644,1.38401
1560,64,1.31418,1.72707
1560,65,1.42545,2.0319
1560,66,1.49114,2.2235
1560,67,1.49391,2.23178
1560,68,1.42018,2.01693
1560,69,1.26227,1.59333
1560,70,1.02053,1.04149
1560,71,0.703776,0.495301
1560,72,0.329098,0.108306
1560,73,-0.0788103,0.00621106
1560,74,-0.489925,0.240026
1560,75,-0.871191,0.758973
1560,76,-1.19011,1.41636
1560,77,-1.41842,2.01192
1560,78,-1.53496,2.35609
1560,79,-1.52926,2.33863
1560,80,-1.40303,1.96849
1560,81,-1.16923,1.36709
1560,82,-0.85149,0.725036
1560,83,-0.482222,0.232538
1560,84,-0.0985507,0.00971224
1560,85,0.262504,0.0689084
1560,86,0.568239,0.322895
1560,87,0.793816,0.630144
1560,88,0.925093,0.855797
1560,89,0.96003,0.921659
1560,90,0.90821,0.824845
1560,91,0.789005,0.622528
1560,92,0.627954,0.394326
1560,93,0.452417,0.204681
1560,94,0.287952,0.0829163
1560,95,0.154267,0.0237983
1560,96,0.0617908,0.0038181
1560,97,0.0116042,0.000134657
1560,98,-0.00385793,1.48836e-05
1560,99,0,0
1570,0,0,0
1570,1,-0.00519397,2.69773e-05
1570,2,-0.0262347,0.000688262
1570,3,-0.0747309,0.00558471
1570,4,-0.15608,0.0243611
1570,5,-0.268322,0.0719967
1570,6,-0.401742,0.161397
1570,7,-0.540144,0.291755
1570,8,-0.662507,0.438915
1570,9,-0.746098,0.556662
1570,10,-0.77071,0.593995
1570,11,-0.721461,0.520506
1570,12,-0.59137,0.349719
1570,13,-0.383438,0.147025
1570,14,-0.110767,0.0122694
1570,15,0.204438,0.0417951
1570,16,0.533346,0.284458
1570,17,0.844081,0.712472
1570,18,1.10546,1.22203
1570,19,1.29029,1.66484
1570,20,1.37822,1.8995
1570,21,1.35849,1.8455
1570,22,1.23136,1.51625
1570,23,1.00684,1.01372
1570,24,0.703121,0.49438
1570,25,0.345359,0.119273
1570,26,-0.0376175,0.00141507
1570,27,-0.416664,0.173609
1570,28,-0.764677,0.58473
1570,29,-1.05916,1.12183
1570,30,-1.28403,1.64872
1570,31,-1.43068,2.04684
1570,32,-1.49802,2.24407
1570,33,-1.49138,2.2242
1570,34,-1.42183,2.02161
1570,35,-1.30512,1.70334
1570,36,-1.15905,1.3434
1570,37,-1.00138,1.00276
1570,38,-0.848789,0.720443
1570,39,-0.715213,0.51153
1570,40,-0.610389,0.372575
1570,41,-0.539572,0.291138
1570,42,-0.50365,0.253663
1570,43,-0.499812,0.249812
1570,44,-0.522056,0.272543
1570,45,-0.561963,0.315803
1570,46,-0.610314,0.372483
1570,47,-0.657717,0.432592
1570,48,-0.694969,0.482982
1570,49,-0.715168,0.511465
1570,50,-0.715166,0.511463
1570,51,-0.694968,0.482981
1570,52,-0.657715,0.432588
1570,53,-0.610311,0.372479
1570,54,-0.561961,0.3158
1570,55,-0.522052,0.272538
1570,56,-0.499811,0.249811
1570,57,-0.50365,0.253663
1570,58,-0.539572,0.291138
1570,59,-0.610389,0.372575
1570,60,-0.715214,0.511531
1570,61,-0.848788,0.720442
1570,62,-1.00138,1.00276
1570,63,-1.15906,1.34341
1570,64,-1.30512,1.70334
1570,65,-1.42183,2.02161
1570,66,-1.49138,2.22421
1570,67,-1.49802,2.24407
1570,68,-1.43068,2.04684
1570,69,-1.28403,1.64872
1570,70,-1.05916,1.12183
1570,71,-0.764676,0.584729
1570,72,-0.416663,0.173608
1570,73,-0.0376182,0.00141513
1570,74,0.345358,0.119272
1570,75,0.703121,0.49438
1570,76,1.00684,1.01372
1570,77,1.23136,1.51625
1570,78,1.35849,1.8455
1570,79,1.37823,1.8995
1570,80,1.29029,1.66485
1570,81,1.10546,1.22203
1570,82,0.844084,0.712478
1570,83,0.533349,0.284461
1570,84,0.204442,0.0417965
1570,85,-0.110764,0.0122686
1570,86,-0.383437,0.147024
1570,87,-0.59137,0.349719
1570,88,-0.721457,0.5205
1570,89,-0.770708,0.593992
1570,90,-0.746098,0.556663
1570,91,-0.662507,0.438915
1570,92,-0.540145,0.291756
1570,93,-0.401743,0.161397
1570,94,-0.268325,0.0719982
1570,95,-0.15608,0.0243611
1570,96,-0.0747306,0.00558467
1570,97,-0.0262355,0.000688301
1570,98,-0.00519357,2.69732e-05
1570,99,0,0
1580,0,0,0
1580,1,0.0164214,0.000269664
1580,2,0.0435961,0.00190062
1580,3,0.0899015,0.00808228
1580,4,0.159085,0.0253079
1580,5,0.249202,0.0621019
1580,6,0.352358,0.124156
1580,7,0.455032,0.207054
1580,8,0.540028,0.291631
1580,9,0.589492,0.347501
1580,10,0.587685,0.345373
1580,11,0.523813,0.27438
1580,12,0.393999,0.155235
1580,13,0.202283,0.0409184
1580,14,-0.0387998,0.00150543
1580,15,-0.309265,0.0956451
1580,16,-0.584139,0.341219
1580,17,-0.83686,0.700334
1580,18,-1.04216,1.08609
1580,19,-1.17786,1.38735
1580,20,-1.22761,1.50702
1580,21,-1.18339,1.4004
1580,22,-1.04616,1.09445
1580,23,-0.825079,0.680756
1580,24,-0.536368,0.287691
1580,25,-0.201762,0.040708
1580,26,0.153507,0.0235643
1580,27,0.503373,0.253385
1580,28,0.823914,0.678834
1580,29,1.09526,1.1996
1580,30,1.30245,1.69639
1580,31,1.43688,2.06464
1580,32,1.49644,2.23934
1580,33,1.4854,2.20643
1580,34,1.41345,1.99784
1580,35,1.29357,1.67333
1580,36,1.1415,1.30301
1580,37,0.973992,0.948661
1580,38,0.807181,0.651541
1580,39,0.6555,0.42968
1580,40,0.53068,0.281622
1580,41,0.440226,0.193799
1580,42,0.386542,0.149415
1580,43,0.367524,0.135074
1580,44,0.377539,0.142536
1580,45,0.408441,0.166824
1580,46,0.450289,0.202761
1580,47,0.492432,0.242489
1580,48,0.525837,0.276504
1580,49,0.544265,0.296225
1580,50,0.544265,0.296224
1580,51,0.525837,0.276505
1580,52,0.492432,0.24249
1580,53,0.45029,0.202761
1580,54,0.408439,0.166822
1580,55,0.37754,0.142536
1580,56,0.367523,0.135073
1580,57,0.38654,0.149413
1580,58,0.440226,0.193799
1580,59,0.530682,0.281624
1580,60,0.655502,0.429683
1580,61,0.807183,0.651545
1580,62,0.973993,0.948662
1580,63,1.1415,1.30302
1580,64,1.29357,1.67333
1580,65,1.41345,1.99784
1580,66,1.48541,2.20643
1580,67,1.49644,2.23933
1580,68,1.43689,2.06464
1580,69,1.30245,1.69639
1580,70,1.09526,1.19959
1580,71,0.823913,0.678832
1580,72,0.503373,0.253384
1580,73,0.153505,0.0235638
1580,74,-0.201763,0.0407081
1580,75,-0.536367,0.28769
1580,76,-0.825079,0.680756
1580,77,-1.04616,1.09445
1580,78,-1.18339,1.4004
1580,79,-1.22761,1.50704
1580,80,-1.17786,1.38736
1580,81,-1.04216,1.0861
1580,82,-0.836862,0.700337
1580,83,-0.58414,0.34122
1580,84,-0.309263,0.0956437
1580,85,-0.038799,0.00150537
1580,86,0.202284,0.0409188
1580,87,0.393999,0.155235
1580,88,0.523812,0.274379
1580,89,0.587688,0.345377
1580,90,0.589494,0.347504
1580,91,0.540029,0.291632
1580,92,0.455033,0.207055
1580,93,0.352359,0.124157
1580,94,0.249204,0.0621024
1580,95,0.159088,0.0253088
1580,96,0.0899035,0.00808264
1580,97,0.0435958,0.00190059
1580,98,0.0164217,0.000269673
1580,99,0,0
1590,0,0,0
1590,1,-0.0271984,0.000739752
1590,2,-0.0611925,0.00374452
1590,3,-0.107211,0.0114943
1590,4,-0.166853,0.02784
1590,5,-0.237111,0.0562216
1590,6,-0.310685,0.0965253
1590,7,-0.376995,0.142126
1590,8,-0.423429,0.179292
1590,9,-0.43719,0.191135
1590,10,-0.407859,0.166349
1590,11,-0.329199,0.108372
1590,12,-0.19999,0.0399959
1590,13,-0.0253273,0.000641471
1590,14,0.182967,0.0334769
1590,15,0.407798,0.166299
1590,16,0.629023,0.39567
1590,17,0.82511,0.680806
1590,18,0.975231,0.951075
1590,19,1.0623,1.12849
1590,20,1.07505,1.15573
1590,21,1.00805,1.01617
1590,22,0.862467,0.74385
1590,23,0.646707,0.41823
1590,24,0.375128,0.140721
1590,25,0.0663044,0.00439628
1590,26,-0.258327,0.0667328
1590,27,-0.576953,0.332875
1590,28,-0.86926,0.755613
1590,29,-1.11782,1.24952
1590,30,-1.30888,1.71316
1590,31,-1.43315,2.05393
1590,32,-1.48698,2.21111
1590,33,-1.47252,2.16831
1590,34,-1.39733,1.95252
1590,35,-1.27324,1.62114
1590,36,-1.11457,1.24227
1590,37,-0.937056,0.878074
1590,38,-0.756947,0.572969
1590,39,-0.589327,0.347307
1590,40,-0.446435,0.199304
1590,41,-0.336664,0.113342
1590,42,-0.264264,0.0698356
1590,43,-0.228898,0.0523942
1590,44,-0.225992,0.0510725
1590,45,-0.247555,0.0612834
1590,46,-0.283215,0.0802107
1590,47,-0.321852,0.103589
1590,48,-0.353438,0.124919
1590,49,-0.37086,0.137537
1590,50,-0.370861,0.137538
1590,51,-0.353439,0.124919
1590,52,-0.321852,0.103589
1590,53,-0.283218,0.0802125
1590,54,-0.247555,0.0612832
1590,55,-0.225992,0.0510725
1590,56,-0.228897,0.052394
1590,57,-0.264267,0.0698369
1590,58,-0.336663,0.113342
1590,59,-0.446433,0.199302
1590,60,-0.589327,0.347306
1590,61,-0.756948,0.57297
1590,62,-0.937059,0.87808
1590,63,-1.11457,1.24228
1590,64,-1.27324,1.62114
1590,65,-1.39733,1.95252
1590,66,-1.47252,2.16832
1590,67,-1.48698,2.21111
1590,68,-1.43315,2.05392
1590,69,-1.30888,1.71316
1590,70,-1.11782,1.24952
1590,71,-0.869263,0.755618
1590,72,-0.576955,0.332877
1590,73,-0.25833,0.0667342
1590,74,0.0663041,0.00439624
1590,75,0.375128,0.140721
1590,76,0.646704,0.418227
1590,77,0.862467,0.743849
1590,78,1.00805,1.01617
1590,79,1.07505,1.15572
1590,80,1.0623,1.12849
1590,81,0.975229,0.951072
1590,82,0.825109,0.680805
1590,83,0.629025,0.395672
1590,84,0.407797,0.166299
1590,85,0.182967,0.0334768
1590,86,-0.0253323,0.000641727
1590,87,-0.199993,0.0399971
1590,88,-0.3292,0.108372
1590,89,-0.40786,0.16635
1590,90,-0.437192,0.191137
1590,91,-0.423432,0.179295
1590,92,-0.376997,0.142127
1590,93,-0.310687,0.0965264
1590,94,-0.237111,0.0562215
1590,95,-0.166855,0.0278406
1590,96,-0.107213,0.0114945
1590,97,-0.0611942,0.00374473
1590,98,-0.0271968,0.000739665
1590,99,0,0
1600,0,0,0
1600,1,0.0398215,0.00158576
1600,2,0.0821585,0.00675002
1600,3,0.12815,0.0164225
1600,4,0.176863,0.0312807
1600,5,0.225225,0.0507263
1600,6,0.26756,0.0715885
1600,7,0.296115,0.0876842
1600,8,0.302771,0.0916702
1600,9,0.28023,0.078529
1600,10,0.223027,0.0497411
1600,11,0.129164,0.0166834
1600,12,0.00108704,1.18166e-06
1600,13,-0.154769,0.0239533
1600,14,-0.328274,0.107764
1600,15,-0.505769,0.255802
1600,16,-0.671517,0.450935
1600,17,-0.809306,0.654976
1600,18,-0.90429,0.81774
1600,19,-0.944097,0.891319
1600,20,-0.920307,0.846965
1600,21,-0.830457,0.689659
1600,22,-0.67732,0.458762
1600,23,-0.468006,0.21903
1600,24,-0.214203,0.0458828
1600,25,0.0686386,0.00471126
1600,26,0.363166,0.131889
1600,27,0.651642,0.424637
1600,28,0.916571,0.840103
1600,29,1.14201,1.30418
1600,30,1.31506,1.72938
1600,31,1.42674,2.03558
1600,32,1.4728,2.16913
1600,33,1.454,2.11413
1600,34,1.37571,1.89258
1600,35,1.24735,1.55589
1600,36,1.08193,1.17057
1600,37,0.895167,0.801324
1600,38,0.7032,0.49449
1600,39,0.521056,0.271499
1600,40,0.361891,0.130965
1600,41,0.235202,0.0553202
1600,42,0.145992,0.0213136
1600,43,0.0947957,0.00898622
1600,44,0.0780558,0.00609271
1600,45,0.0885616,0.00784315
1600,46,0.116156,0.0134923
1600,47,0.149682,0.0224047
1600,48,0.178808,0.0319723
1600,49,0.195577,0.0382505
1600,50,0.195575,0.0382497
1600,51,0.178808,0.0319724
1600,52,0.14968,0.0224042
1600,53,0.116158,0.0134926
1600,54,0.088562,0.00784322
1600,55,0.078056,0.00609273
1600,56,0.0947924,0.0089856
1600,57,0.145994,0.0213143
1600,58,0.235203,0.0553203
1600,59,0.361891,0.130965
1600,60,0.521054,0.271498
1600,61,0.703201,0.494492
1600,62,0.895169,0.801327
1600,63,1.08193,1.17057
1600,64,1.24735,1.55589
1600,65,1.37571,1.89258
1600,66,1.454,2.11412
1600,67,1.4728,2.16914
1600,68,1.42674,2.03557
1600,69,1.31505,1.72937
1600,70,1.14201,1.30418
1600,71,0.916571,0.840102
1600,72,0.651643,0.424639
1600,73,0.363166,0.13189
1600,74,0.0686419,0.00471172
1600,75,-0.2142,0.0458817
1600,76,-0.468006,0.219029
1600,77,-0.677321,0.458763
1600,78,-0.830459,0.689661
1600,79,-0.920307,0.846965
1600,80,-0.944096,0.891317
1600,81,-0.904289,0.817738
1600,82,-0.809305,0.654974
1600,83,-0.671514,0.450931
1600,84,-0.505769,0.255802
1600,85,-0.328275,0.107765
1600,86,-0.15477,0.0239539
1600,87,0.00108712,1.18182e-06
1600,88,0.129163,0.016683
1600,89,0.223023,0.0497395
1600,90,0.280228,0.0785275
1600,91,0.30277,0.0916694
1600,92,0.296117,0.0876851
1600,93,0.267557,0.071587
1600,94,0.225224,0.050726
1600,95,0.176861,0.03128
1600,96,0.12815,0.0164223
1600,97,0.0821593,0.00675015
1600,98,0.0398209,0.00158571
1600,99,0,0
1610,0,0,0
1610,1,-0.0508571,0.00258644
1610,2,-0.0997232,0.00994471
1610,3,-0.144098,0.0207643
1610,4,-0.180715,0.0326579
1610,5,-0.205608,0.0422746
1610,6,-0.214931,0.0461952
1610,7,-0.205268,0.0421348
1610,8,-0.173029,0.0299389
1610,9,-0.115595,0.0133622
1610,10,-0.0326322,0.00106486
1610,11,0.0740148,0.00547819
1610,12,0.199766,0.0399065
1610,13,0.336968,0.113548
1610,14,0.475609,0.226204
1610,15,0.604598,0.365538
1610,16,0.71296,0.508312
1610,17,0.79028,0.624543
1610,18,0.827278,0.684388
1610,19,0.817039,0.667553
1610,20,0.75587,0.571339
1610,21,0.643417,0.413986
1610,22,0.482882,0.233175
1610,23,0.280584,0.0787271
1610,24,0.0457628,0.00209423
1610,25,-0.209974,0.0440891
1610,26,-0.473196,0.223914
1610,27,-0.729259,0.531819
1610,28,-0.963843,0.928993
1610,29,-1.16329,1.35324
1610,30,-1.31581,1.73137
1610,31,-1.41296,1.99647
1610,32,-1.44988,2.10215
1610,33,-1.42587,2.03309
1610,34,-1.34435,1.80727
1610,35,-1.2129,1.47113
1610,36,-1.04299,1.08783
1610,37,-0.848554,0.720045
1610,38,-0.645358,0.416487
1610,39,-0.449383,0.201945
1610,40,-0.274394,0.0752919
1610,41,-0.131019,0.017166
1610,42,-0.0258495,0.000668196
1610,43,0.0394721,0.00155805
1610,44,0.0683262,0.00466848
1610,45,0.068242,0.00465697
1610,46,0.0491838,0.00241905
1610,47,0.0219994,0.000483975
1610,48,-0.00301882,9.11326e-06
1610,49,-0.0178266,0.000317789
1610,50,-0.0178244,0.000317708
1610,51,-0.00301809,9.10888e-06
1610,52,0.0219997,0.000483988
1610,53,0.0491853,0.00241919
1610,54,0.0682445,0.00465731
1610,55,0.0683299,0.00466898
1610,56,0.0394739,0.00155819
1610,57,-0.0258508,0.000668266
1610,58,-0.131018,0.0171657
1610,59,-0.274394,0.0752923
1610,60,-0.449382,0.201945
1610,61,-0.645356,0.416484
1610,62,-0.848551,0.720039
1610,63,-1.04299,1.08782
1610,64,-1.2129,1.47113
1610,65,-1.34435,1.80727
1610,66,-1.42587,2.03309
1610,67,-1.44988,2.10215
1610,68,-1.41296,1.99646
1610,69,-1.31581,1.73136
1610,70,-1.16329,1.35325
1610,71,-0.963841,0.928989
1610,72,-0.729259,0.531819
1610,73,-0.473196,0.223915
1610,74,-0.209972,0.0440884
1610,75,0.0457621,0.00209417
1610,76,0.280582,0.0787261
1610,77,0.482881,0.233174
1610,78,0.643416,0.413984
1610,79,0.755867,0.571334
1610,80,0.817038,0.667551
1610,81,0.827277,0.684387
1610,82,0.79028,0.624543
1610,83,0.712962,0.508314
1610,84,0.604598,0.365539
1610,85,0.475611,0.226205
1610,86,0.336969,0.113548
1610,87,0.199767,0.0399067
1610,88,0.0740168,0.00547849
1610,89,-0.0326316,0.00106482
1610,90,-0.115595,0.0133621
1610,91,-0.173028,0.0299387
1610,92,-0.205267,0.0421346
1610,93,-0.21493,0.0461949
1610,94,-0.205607,0.0422744
1610,95,-0.180716,0.0326582
1610,96,-0.144099,0.0207646
1610,97,-0.0997244,0.00994496
1610,98,-0.0508585,0.00258659
1610,99,0,0
1620,0,0,0
1620,1,0.0590435,0.00348614
1620,2,0.112374,0.0126279
1620,3,0.153854,0.0236711
1620,4,0.17783,0.0316234
1620,5,0.180043,0.0324154
1620,6,0.157693,0.0248671
1620,7,0.110001,0.0121003
1620,8,0.0385717,0.00148778
1620,9,-0.0536657,0.00288
1620,10,-0.162375,0.0263658
1620,11,-0.281196,0.079071
1620,12,-0.402432,0.161951
1620,13,-0.517823,0.268141
1620,14,-0.619129,0.38332
1620,15,-0.698543,0.487962
1620,16,-0.749104,0.561157
1620,17,-0.765862,0.586544
1620,18,-0.745777,0.556183
1620,19,-0.686959,0.471913
1620,20,-0.589149,0.347096
1620,21,-0.454291,0.206381
1620,22,-0.286667,0.0821782
1620,23,-0.0918302,0.00843279
1620,24,0.12347,0.0152449
1620,25,0.350856,0.1231
1620,26,0.580773,0.337297
1620,27,0.802658,0.644259
1620,28,1.00548,1.011
1620,29,1.17828,1.38835
1620,30,1.31075,1.71806
1620,31,1.39439,1.94433
1620,32,1.42333,2.02585
1620,33,1.39494,1.94585
1620,34,1.31041,1.71718
1620,35,1.17519,1.38108
1620,36,0.999288,0.998576
1620,37,0.796207,0.633945
1620,38,0.581671,0.338341
1620,39,0.371661,0.138132
1620,40,0.180838,0.0327024
1620,41,0.0211681,0.000448087
1620,42,-0.0996098,0.0099221
1620,43,-0.178677,0.0319255
1620,44,-0.218693,0.0478268
1620,45,-0.227062,0.0515573
1620,46,-0.214016,0.045803
1620,47,-0.19074,0.0363816
1620,48,-0.167933,0.0282014
1620,49,-0.154205,0.0237791
1620,50,-0.154205,0.023779
1620,51,-0.167935,0.0282023
1620,52,-0.190738,0.0363808
1620,53,-0.214018,0.0458039
1620,54,-0.227063,0.0515575
1620,55,-0.218693,0.0478266
1620,56,-0.178676,0.031925
1620,57,-0.0996083,0.00992181
1620,58,0.0211653,0.000447971
1620,59,0.180836,0.0327016
1620,60,0.37166,0.138131
1620,61,0.581671,0.338341
1620,62,0.796211,0.633951
1620,63,0.99929,0.99858
1620,64,1.17519,1.38108
1620,65,1.31041,1.71718
1620,66,1.39494,1.94585
1620,67,1.42333,2.02586
1620,68,1.39439,1.94433
1620,69,1.31075,1.71805
1620,70,1.17828,1.38835
1620,71,1.00548,1.011
1620,72,0.802658,0.644259
1620,73,0.580772,0.337296
1620,74,0.350855,0.123099
1620,75,0.123471,0.0152451
1620,76,-0.0918293,0.00843262
1620,77,-0.286666,0.0821771
1620,78,-0.454289,0.206379
1620,79,-0.589145,0.347092
1620,80,-0.686961,0.471915
1620,81,-0.745776,0.556182
1620,82,-0.765865,0.586549
1620,83,-0.749104,0.561158
1620,84,-0.698543,0.487962
1620,85,-0.619127,0.383319
1620,86,-0.517823,0.268141
1620,87,-0.402432,0.161952
1620,88,-0.281196,0.0790712
1620,89,-0.162375,0.0263656
1620,90,-0.0536648,0.00287992
1620,91,0.0385704,0.00148768
1620,92,0.110002,0.0121005
1620,93,0.157692,0.0248669
1620,94,0.180045,0.0324161
1620,95,0.177832,0.0316243
1620,96,0.153853,0.0236707
1620,97,0.112375,0.0126281
1620,98,0.0590418,0.00348594
1620,99,0,0
1630,0,0,0
1630,1,-0.0671931,0.00451491
1630,2,-0.123697,0.0153009
1630,3,-0.160602,0.025793
1630,4,-0.170859,0.0291927
1630,5,-0.14981,0.022443
1630,6,-0.0962195,0.00925819
1630,7,-0.0121549,0.000147741
1630,8,0.097133,0.00943483
1630,9,0.223547,0.0499734
1630,10,0.357288,0.127655
1630,11,0.487825,0.237973
1630,12,0.604806,0.36579
1630,13,0.698986,0.488582
1630,14,0.763066,0.58227
1630,15,0.792261,0.627677
1630,16,0.784522,0.615475
1630,17,0.740456,0.548276
1630,18,0.66237,0.438733
1630,19,0.553518,0.306382
1630,20,0.418067,0.17478
1630,21,0.260849,0.0680422
1630,22,0.0867416,0.0075241
1630,23,-0.0995852,0.00991721
1630,24,-0.293837,0.08634
1630,25,-0.491297,0.241372
1630,26,-0.686245,0.470933
1630,27,-0.872422,0.76112
1630,28,-1.04261,1.08703
1630,29,-1.18833,1.41213
1630,30,-1.3003,1.69078
1630,31,-1.36971,1.8761
1630,32,-1.38992,1.93186
1630,33,-1.35661,1.84038
1630,34,-1.26879,1.60984
1630,35,-1.1303,1.27759
1630,36,-0.949842,0.9022
1630,37,-0.740137,0.547802
1630,38,-0.516113,0.266373
1630,39,-0.293648,0.0862289
1630,40,-0.0884561,0.00782449
1630,41,0.086349,0.00745615
1630,42,0.222071,0.0493156
1630,43,0.315144,0.0993157
1630,44,0.367299,0.134909
1630,45,0.384919,0.148163
1630,46,0.378304,0.143114
1630,47,0.359294,0.129092
1630,48,0.339017,0.114933
1630,49,0.326436,0.106561
1630,50,0.326438,0.106562
1630,51,0.339018,0.114933
1630,52,0.359295,0.129093
1630,53,0.378304,0.143114
1630,54,0.384921,0.148164
1630,55,0.367301,0.13491
1630,56,0.315143,0.0993154
1630,57,0.222068,0.0493144
1630,58,0.0863471,0.00745582
1630,59,-0.0884551,0.0078243
1630,60,-0.293648,0.0862291
1630,61,-0.516112,0.266371
1630,62,-0.74014,0.547807
1630,63,-0.949843,0.902201
1630,64,-1.13031,1.27759
1630,65,-1.26879,1.60984
1630,66,-1.3566,1.84037
1630,67,-1.38991,1.93186
1630,68,-1.3697,1.87609
1630,69,-1.3003,1.69078
1630,70,-1.18833,1.41213
1630,71,-1.04261,1.08703
1630,72,-0.872422,0.761121
1630,73,-0.686246,0.470933
1630,74,-0.491297,0.241373
1630,75,-0.293836,0.0863394
1630,76,-0.0995855,0.00991727
1630,77,0.0867434,0.00752441
1630,78,0.26085,0.0680425
1630,79,0.418068,0.17478
1630,80,0.553518,0.306383
1630,81,0.662369,0.438733
1630,82,0.740455,0.548274
1630,83,0.784524,0.615478
1630,84,0.792262,0.627679
1630,85,0.76307,0.582276
1630,86,0.698987,0.488583
1630,87,0.604805,0.365789
1630,88,0.487823,0.237972
1630,89,0.357287,0.127654
1630,90,0.223549,0.0499741
1630,91,0.0971319,0.00943461
1630,92,-0.012156,0.000147768
1630,93,-0.0962202,0.00925832
1630,94,-0.149807,0.0224423
1630,95,-0.170858,0.0291926
1630,96,-0.160601,0.0257926
1630,97,-0.123696,0.0153006
1630,98,-0.0671932,0.00451493
1630,99,0,0
1640,0,0,0
1640,1,0.0736851,0.0054295
1640,2,0.133399,0.0177954
1640,3,0.16643,0.0276991
1640,4,0.163538,0.0267448
1640,5,0.119979,0.014395
1640,6,0.0359062,0.00128926
1640,7,-0.0836509,0.00699748
1640,8,-0.22945,0.0526473
1640,9,-0.388677,0.15107
1640,10,-0.546629,0.298803
1640,11,-0.688637,0.474221
1640,12,-0.801807,0.642894
1640,13,-0.876128,0.7676
1640,14,-0.904888,0.818823
1640,15,-0.885746,0.784547
1640,16,-0.821041,0.674108
1640,17,-0.716238,0.512997
1640,18,-0.579119,0.335378
1640,19,-0.419141,0.175679
1640,20,-0.245576,0.0603077
1640,21,-0.0662426,0.00438809
1640,22,0.113571,0.0128983
1640,23,0.290862,0.0846006
1640,24,0.463672,0.214992
1640,25,0.630706,0.397791
1640,26,0.790586,0.625027
1640,27,0.941114,0.885696
1640,28,1.07838,1.1629
1640,29,1.19632,1.43119
1640,30,1.28735,1.65727
1640,31,1.34302,1.8037
1640,32,1.35543,1.8372
1640,33,1.31868,1.73892
1640,34,1.23018,1.51335
1640,35,1.09162,1.19164
1640,36,0.909069,0.826407
1640,37,0.693344,0.480725
1640,38,0.459401,0.211049
1640,39,0.224035,0.0501918
1640,40,0.00358498,1.28521e-05
1640,41,-0.187718,0.0352379
1640,42,-0.339648,0.115361
1640,43,-0.447267,0.200048
1640,44,-0.511508,0.261641
1640,45,-0.538741,0.290242
1640,46,-0.539155,0.290688
1640,47,-0.524786,0.275401
1640,48,-0.50728,0.257333
1640,49,-0.495816,0.245833
1640,50,-0.495816,0.245834
1640,51,-0.50728,0.257333
1640,52,-0.524788,0.275402
1640,53,-0.539154,0.290688
1640,54,-0.538741,0.290242
1640,55,-0.511508,0.261641
1640,56,-0.447269,0.200049
1640,57,-0.339648,0.115361
1640,58,-0.187718,0.0352379
1640,59,0.00358484,1.28511e-05
1640,60,0.224034,0.0501911
1640,61,0.459402,0.21105
1640,62,0.693346,0.480728
1640,63,0.909069,0.826407
1640,64,1.09162,1.19163
1640,65,1.23018,1.51335
1640,66,1.31868,1.73892
1640,67,1.35543,1.8372
1640,68,1.34302,1.8037
1640,69,1.28735,1.65727
1640,70,1.19632,1.43118
1640,71,1.07838,1.1629
1640,72,0.941111,0.885689
1640,73,0.790584,0.625023
1640,74,0.630707,0.397792
1640,75,0.463671,0.214991
1640,76,0.290864,0.0846019
1640,77,0.113572,0.0128986
1640,78,-0.0662427,0.00438809
1640,79,-0.245577,0.0603082
1640,80,-0.419142,0.17568
1640,81,-0.579119,0.335379
1640,82,-0.71624,0.512999
1640,83,-0.821039,0.674105
1640,84,-0.885745,0.784544
1640,85,-0.904884,0.818815
1640,86,-0.876131,0.767605
1640,87,-0.801807,0.642894
1640,88,-0.688637,0.474222
1640,89,-0.54663,0.298804
1640,90,-0.388677,0.15107
1640,91,-0.229449,0.0526469
1640,92,-0.0836508,0.00699746
1640,93,0.0359084,0.00128941
1640,94,0.119979,0.0143949
1640,95,0.163538,0.0267445
1640,96,0.166427,0.0276981
1640,97,0.133398,0.0177951
1640,98,0.0736838,0.0054293
1640,99,0,0
1650,0,0,0
1650,1,-0.0822509,0.00676521
1650,2,-0.146406,0.0214348
1650,3,-0.176557,0.0311724
1650,4,-0.161306,0.0260198
1650,5,-0.0956095,0.00914117
1650,6,0.0188369,0.000354831
1650,7,0.174171,0.0303355
1650,8,0.357197,0.12759
1650,9,0.550118,0.30263
1650,10,0.733188,0.537564
1650,11,0.887637,0.787899
1650,12,0.997611,0.995227
1650,13,1.05172,1.10612
1650,14,1.04444,1.09087
1650,15,0.97675,0.954041
1650,16,0.855252,0.731457
1650,17,0.690858,0.477284
1650,18,0.496966,0.246975
1650,19,0.287932,0.0829045
1650,20,0.0772156,0.00596225
1650,21,-0.124909,0.0156023
1650,22,-0.312125,0.0974223
1650,23,-0.481602,0.23194
1650,24,-0.633367,0.401153
1650,25,-0.76984,0.592653
1650,26,-0.894108,0.799428
1650,27,-1.00799,1.01604
1650,28,-1.1112,1.23477
1650,29,-1.20057,1.44138
1650,30,-1.27021,1.61344
1650,31,-1.31216,1.72176
1650,32,-1.31734,1.73539
1650,33,-1.27787,1.63296
1650,34,-1.18895,1.41361
1650,35,-1.04969,1.10185
1650,36,-0.864689,0.747687
1650,37,-0.644039,0.414786
1650,38,-0.401884,0.161511
1650,39,-0.155093,0.0240538
1650,40,0.079197,0.00627217
1650,41,0.28595,0.0817673
1650,42,0.453843,0.205974
1650,43,0.576689,0.33257
1650,44,0.654335,0.428154
1650,45,0.69242,0.479445
1650,46,0.700877,0.491229
1650,47,0.69176,0.478531
1650,48,0.677319,0.458761
1650,49,0.667399,0.445421
1650,50,0.667398,0.445419
1650,51,0.677316,0.458757
1650,52,0.69176,0.478532
1650,53,0.700874,0.491225
1650,54,0.692422,0.479449
1650,55,0.654335,0.428155
1650,56,0.576691,0.332573
1650,57,0.453843,0.205973
1650,58,0.285953,0.0817688
1650,59,0.0791944,0.00627175
1650,60,-0.155093,0.0240537
1650,61,-0.401885,0.161512
1650,62,-0.644038,0.414785
1650,63,-0.864693,0.747693
1650,64,-1.04969,1.10185
1650,65,-1.18895,1.41361
1650,66,-1.27787,1.63296
1650,67,-1.31734,1.73538
1650,68,-1.31216,1.72175
1650,69,-1.27021,1.61343
1650,70,-1.20057,1.44138
1650,71,-1.1112,1.23477
1650,72,-1.00799,1.01604
1650,73,-0.894109,0.79943
1650,74,-0.76984,0.592653
1650,75,-0.633367,0.401154
1650,76,-0.481603,0.231941
1650,77,-0.312125,0.0974223
1650,78,-0.12491,0.0156025
1650,79,0.0772154,0.00596223
1650,80,0.287932,0.0829049
1650,81,0.496965,0.246974
1650,82,0.690857,0.477283
1650,83,0.85525,0.731452
1650,84,0.97675,0.95404
1650,85,1.04444,1.09086
1650,86,1.05172,1.10612
1650,87,0.997612,0.995231
1650,88,0.887635,0.787895
1650,89,0.733185,0.53756
1650,90,0.550118,0.302629
1650,91,0.3572,0.127592
1650,92,0.174173,0.0303361
1650,93,0.018838,0.000354869
1650,94,-0.0956059,0.00914048
1650,95,-0.161305,0.0260194
1650,96,-0.176556,0.031172
1650,97,-0.146404,0.0214341
1650,98,-0.0822479,0.00676471
1650,99,0,0
1660,0,0,0
1660,1,0.0919009,0.00844578
1660,2,0.161592,0.0261118
1660,3,0.18995,0.0360811
1660,4,0.163584,0.0267596
1660,5,0.076597,0.00586709
1660,6,-0.0686381,0.00471119
1660,7,-0.260909,0.0680734
1660,8,-0.481914,0.232241
1660,9,-0.70902,0.50271
1660,10,-0.917744,0.842254
1660,11,-1.08484,1.17688
1660,12,-1.19143,1.41951
1660,13,-1.22534,1.50145
1660,14,-1.18232,1.39788
1660,15,-1.06633,1.13705
1660,16,-0.888175,0.788855
1660,17,-0.664245,0.441221
1660,18,-0.413885,0.171301
1660,19,-0.156365,0.02445
1660,20,0.0912157,0.0083203
1660,21,0.31577,0.0997108
1660,22,0.509143,0.259226
1660,23,0.669168,0.447786
1660,24,0.798819,0.638112
1660,25,0.903843,0.816933
1660,26,0.991598,0.983266
1660,27,1.0687,1.14212
1660,28,1.13842,1.296
1660,29,1.20008,1.4402
1660,30,1.24884,1.55961
1660,31,1.27657,1.62964
1660,32,1.27375,1.62244
1660,33,1.23096,1.51527
1660,34,1.14106,1.30202
1660,35,1.00151,1.00303
1660,36,0.815162,0.664489
1660,37,0.590309,0.348465
1660,38,0.340495,0.115937
1660,39,0.082626,0.00682705
1660,40,-0.165474,0.0273815
1660,41,-0.387386,0.150068
1660,42,-0.570223,0.325154
1660,43,-0.706719,0.499452
1660,44,-0.796129,0.633821
1660,45,-0.843716,0.711857
1660,46,-0.8596,0.738912
1660,47,-0.856068,0.732853
1660,48,-0.845281,0.7145
1660,49,-0.837206,0.700914
1660,50,-0.837208,0.700917
1660,51,-0.845281,0.7145
1660,52,-0.856071,0.732857
1660,53,-0.859597,0.738908
1660,54,-0.843716,0.711857
1660,55,-0.796128,0.63382
1660,56,-0.706719,0.499452
1660,57,-0.57022,0.325151
1660,58,-0.387383,0.150066
1660,59,-0.165473,0.0273813
1660,60,0.0826273,0.00682727
1660,61,0.340497,0.115938
1660,62,0.59031,0.348466
1660,63,0.815162,0.66449
1660,64,1.00151,1.00303
1660,65,1.14106,1.30201
1660,66,1.23096,1.51527
1660,67,1.27375,1.62244
1660,68,1.27657,1.62964
1660,69,1.24884,1.55961
1660,70,1.20008,1.44019
1660,71,1.13842,1.296
1660,72,1.0687,1.14211
1660,73,0.991597,0.983265
1660,74,0.903843,0.816932
1660,75,0.798818,0.63811
1660,76,0.669169,0.447787
1660,77,0.509147,0.25923
1660,78,0.315772,0.0997118
1660,79,0.0912149,0.00832015
1660,80,-0.156366,0.0244503
1660,81,-0.413889,0.171304
1660,82,-0.664244,0.441221
1660,83,-0.888177,0.788858
1660,84,-1.06633,1.13705
1660,85,-1.18232,1.39788
1660,86,-1.22534,1.50146
1660,87,-1.19143,1.4195
1660,88,-1.08484,1.17688
1660,89,-0.917744,0.842255
1660,90,-0.709021,0.502711
1660,91,-0.481916,0.232243
1660,92,-0.260909,0.0680736
1660,93,-0.0686407,0.00471154
1660,94,0.0765957,0.0058669
1660,95,0.163584,0.0267598
1660,96,0.189949,0.0360806
1660,97,0.161591,0.0261115
1660,98,0.0918993,0.00844548
1660,99,0,0
1670,0,0,0
1670,1,-0.102334,0.0104723
1670,2,-0.177834,0.0316251
1670,3,-0.204124,0.0416666
1670,4,-0.16558,0.0274168
1670,5,-0.0560877,0.00314583
1670,6,0.119873,0.0143695
1670,7,0.347885,0.121024
1670,8,0.605297,0.366385
1670,9,0.864496,0.747354
1670,10,1.09653,1.20239
1670,11,1.27445,1.62422
1670,12,1.37669,1.89526
1670,13,1.39023,1.93273
1670,14,1.31167,1.72047
1670,15,1.14727,1.31624
1670,16,0.91236,0.832401
1670,17,0.628853,0.395456
1670,18,0.321955,0.103655
1670,19,0.0165744,0.000274712
1670,20,-0.265878,0.0706914
1670,21,-0.509803,0.259899
1670,22,-0.706702,0.499427
1670,23,-0.855454,0.731802
1670,24,-0.961521,0.924523
1670,25,-1.03474,1.0707
1670,26,-1.08612,1.17966
1670,27,-1.12564,1.26707
1670,28,-1.16023,1.34614
1670,29,-1.19192,1.42067
1670,30,-1.21767,1.48272
1670,31,-1.22993,1.51273
1670,32,-1.21824,1.4841
1670,33,-1.17156,1.37256
1670,34,-1.0809,1.16834
1670,35,-0.941442,0.886314
1670,36,-0.75405,0.568591
1670,37,-0.526045,0.276724
1670,38,-0.270522,0.073182
1670,39,-0.00431231,1.8596e-05
1670,40,0.254189,0.0646118
1670,41,0.487702,0.237853
1670,42,0.682813,0.466234
1670,43,0.831517,0.69142
1670,44,0.932322,0.869225
1670,45,0.990006,0.980112
1670,46,1.01395,1.0281
1670,47,1.0165,1.03327
1670,48,1.00993,1.01996
1670,49,1.00389,1.00779
1670,50,1.00389,1.00779
1670,51,1.00993,1.01996
1670,52,1.0165,1.03327
1670,53,1.01395,1.0281
1670,54,0.990003,0.980105
1670,55,0.932321,0.869223
1670,56,0.831513,0.691414
1670,57,0.682811,0.466231
1670,58,0.487699,0.237851
1670,59,0.254188,0.0646115
1670,60,-0.00431204,1.85937e-05
1670,61,-0.270521,0.0731814
1670,62,-0.526044,0.276722
1670,63,-0.754049,0.56859
1670,64,-0.941442,0.886313
1670,65,-1.08089,1.16833
1670,66,-1.17156,1.37255
1670,67,-1.21823,1.4841
1670,68,-1.22993,1.51273
1670,69,-1.21767,1.48272
1670,70,-1.19192,1.42068
1670,71,-1.16023,1.34614
1670,72,-1.12565,1.26708
1670,73,-1.08612,1.17967
1670,74,-1.03475,1.0707
1670,75,-0.961522,0.924524
1670,76,-0.855454,0.731802
1670,77,-0.706702,0.499428
1670,78,-0.509804,0.2599
1670,79,-0.265879,0.0706917
1670,80,0.0165758,0.000274758
1670,81,0.321961,0.103659
1670,82,0.628853,0.395456
1670,83,0.912362,0.832404
1670,84,1.14727,1.31624
1670,85,1.31166,1.72046
1670,86,1.39023,1.93273
1670,87,1.37668,1.89526
1670,88,1.27445,1.62422
1670,89,1.09653,1.20239
1670,90,0.864495,0.747352
1670,91,0.605295,0.366382
1670,92,0.347884,0.121023
1670,93,0.119875,0.0143699
1670,94,-0.0560875,0.0031458
1670,95,-0.16558,0.0274166
1670,96,-0.204123,0.0416663
1670,97,-0.177833,0.0316247
1670,98,-0.102332,0.0104719
1670,99,0,0
1680,0,0,0
1680,1,0.110937,0.012307
1680,2,0.191532,0.0366845
1680,3,0.215777,0.0465598
1680,4,0.166248,0.0276385
1680,5,0.036423,0.00132664
1680,6,-0.168301,0.0283252
1680,7,-0.430708,0.185509
1680,8,-0.724072,0.52428
1680,9,-1.01573,1.03171
1680,10,-1.27129,1.61619
1680,11,-1.45973,2.13082
1680,12,-1.55719,2.42483
1680,13,-1.54947,2.40085
1680,14,-1.43422,2.05697
1680,15,-1.22121,1.49136
1680,16,-0.930539,0.865903
1680,17,-0.589388,0.347379
1680,18,-0.228246,0.0520962
1680,19,0.123211,0.0151811
1680,20,0.439658,0.193299
1680,21,0.702729,0.493827
1680,22,0.903086,0.815564
1680,23,1.04061,1.08287
1680,24,1.12299,1.2611
1680,25,1.1634,1.35351
1680,26,1.1771,1.38555
1680,27,1.17816,1.38805
1680,28,1.17699,1.38531
1680,29,1.17847,1.3888
1680,30,1.1811,1.39499
1680,31,1.1773,1.38604
1680,32,1.15573,1.33571
1680,33,1.10429,1.21946
1680,34,1.0126,1.02536
1680,35,0.873919,0.763734
1680,36,0.68731,0.472394
1680,37,0.45848,0.210204
1680,38,0.199516,0.0398067
1680,39,-0.0727294,0.00528957
1680,40,-0.339727,0.115414
1680,41,-0.583859,0.340892
1680,42,-0.790703,0.625211
1680,43,-0.951391,0.905145
1680,44,-1.06355,1.13114
1680,45,-1.13107,1.27931
1680,46,-1.16291,1.35235
1680,47,-1.17107,1.3714
1680,48,-1.16788,1.36395
1680,49,-1.16344,1.35358
1680,50,-1.16344,1.35358
1680,51,-1.16789,1.36396
1680,52,-1.17107,1.3714
1680,53,-1.16291,1.35236
1680,54,-1.13106,1.27931
1680,55,-1.06355,1.13114
1680,56,-0.951389,0.905141
1680,57,-0.790703,0.625211
1680,58,-0.583859,0.340891
1680,59,-0.339729,0.115416
1680,60,-0.072729,0.00528951
1680,61,0.199515,0.0398062
1680,62,0.45848,0.210204
1680,63,0.687306,0.472389
1680,64,0.873918,0.763733
1680,65,1.0126,1.02535
1680,66,1.10429,1.21946
1680,67,1.15573,1.3357
1680,68,1.1773,1.38604
1680,69,1.1811,1.395
1680,70,1.17847,1.3888
1680,71,1.17699,1.38531
1680,72,1.17816,1.38806
1680,73,1.17709,1.38555
1680,74,1.16341,1.35351
1680,75,1.12299,1.2611
1680,76,1.04061,1.08288
1680,77,0.903087,0.815566
1680,78,0.702728,0.493827
1680,79,0.439658,0.1933
1680,80,0.12321,0.0151808
1680,81,-0.228246,0.0520962
1680,82,-0.589386,0.347376
1680,83,-0.93054,0.865905
1680,84,-1.22122,1.49137
1680,85,-1.43422,2.05698
1680,86,-1.54947,2.40085
1680,87,-1.55719,2.42483
1680,88,-1.45973,2.13082
1680,89,-1.2713,1.61619
1680,90,-1.01573,1.03171
1680,91,-0.72407,0.524278
1680,92,-0.430708,0.185509
1680,93,-0.168302,0.0283257
1680,94,0.0364223,0.00132658
1680,95,0.166249,0.0276388
1680,96,0.215776,0.0465592
1680,97,0.191534,0.0366852
1680,98,0.110938,0.0123073
1680,99,0,0
1690,0,0,0
1690,1,-0.119541,0.0142901
1690,2,-0.204899,0.0419838
1690,3,-0.226774,0.0514263
1690,4,-0.16561,0.0274267
1690,5,-0.014499,0.000210221
1690,6,0.219423,0.0481466
1690,7,0.516091,0.26635
1690,8,0.844748,0.713599
1690,9,1.16768,1.36349
1690,10,1.44579,2.09031
1690,11,1.64386,2.70228
1690,12,1.73538,3.01154
1690,13,1.70569,2.90938
1690,14,1.55362,2.41372
1690,15,1.29188,1.66896
1690,16,0.945169,0.893345
1690,17,0.545986,0.2981
1690,18,0.130374,0.0169975
1690,19,-0.266537,0.0710422
1690,20,-0.615184,0.378452
1690,21,-0.895167,0.801324
1690,22,-1.09692,1.20324
1690,23,-1.22161,1.49234
1690,24,-1.27961,1.6374
1690,25,-1.28753,1.65772
1690,26,-1.26446,1.59886
1690,27,-1.22814,1.50833
1690,28,-1.19227,1.42151
1690,29,-1.16445,1.35594
1690,30,-1.14444,1.30975
1690,31,-1.12498,1.26557
1690,32,-1.09417,1.1972
1690,33,-1.03852,1.07851
1690,34,-0.945993,0.894903
1690,35,-0.808157,0.653118
1690,36,-0.622138,0.387056
1690,37,-0.39238,0.153962
1690,38,-0.129996,0.016899
1690,39,0.148752,0.0221271
1690,40,0.424699,0.18037
1690,41,0.679387,0.461567
1690,42,0.897824,0.806088
1690,43,1.0702,1.14533
1690,44,1.19305,1.42336
1690,45,1.26956,1.61179
1690,46,1.30866,1.71259
1690,47,1.32238,1.7487
1690,48,1.32313,1.75067
1690,49,1.32094,1.74489
1690,50,1.32094,1.74489
1690,51,1.32313,1.75068
1690,52,1.32238,1.74869
1690,53,1.30866,1.71259
1690,54,1.26956,1.61179
1690,55,1.19305,1.42336
1690,56,1.0702,1.14532
1690,57,0.897823,0.806085
1690,58,0.679386,0.461565
1690,59,0.424699,0.180369
1690,60,0.148749,0.0221262
1690,61,-0.129995,0.0168987
1690,62,-0.392381,0.153962
1690,63,-0.622137,0.387054
1690,64,-0.808158,0.653119
1690,65,-0.945994,0.894904
1690,66,-1.03852,1.07851
1690,67,-1.09417,1.1972
1690,68,-1.12497,1.26557
1690,69,-1.14444,1.30975
1690,70,-1.16445,1.35593
1690,71,-1.19227,1.42151
1690,72,-1.22814,1.50833
1690,73,-1.26446,1.59887
1690,74,-1.28753,1.65773
1690,75,-1.27961,1.6374
1690,76,-1.22161,1.49234
1690,77,-1.09692,1.20324
1690,78,-0.895168,0.801325
1690,79,-0.615185,0.378453
1690,80,-0.266537,0.0710422
1690,81,0.130375,0.0169977
1690,82,0.545986,0.298101
1690,83,0.945172,0.89335
1690,84,1.29188,1.66896
1690,85,1.55362,2.41372
1690,86,1.70569,2.90939
1690,87,1.73538,3.01154
1690,88,1.64386,2.70229
1690,89,1.44579,2.09031
1690,90,1.16768,1.36348
1690,91,0.844747,0.713597
1690,92,0.516091,0.26635
1690,93,0.219424,0.0481467
1690,94,-0.0144989,0.000210217
1690,95,-0.165611,0.027427
1690,96,-0.226773,0.0514259
1690,97,-0.204901,0.0419843
1690,98,-0.11954,0.0142898
1690,99,0,0
1700,0,0,0
1700,1,0.129019,0.0166459
1700,2,0.219421,0.0481456
1700,3,0.238694,0.0569748
1700,4,0.165359,0.0273436
1700,5,-0.00748247,5.59873e-05
1700,6,-0.271075,0.0734819
1700,7,-0.602103,0.362528
1700,8,-0.965318,0.931839
1700,9,-1.31838,1.73811
1700,10,-1.6177,2.61696
1700,11,-1.82445,3.32861
1700,12,-1.90954,3.64636
1700,13,-1.85772,3.45111
1700,14,-1.66952,2.7873
1700,15,-1.36079,1.85175
1700,16,-0.960185,0.921956
1700,17,-0.505507,0.255537
1700,18,-0.0383548,0.00147109
1700,19,0.401744,0.161398
1700,20,0.781781,0.611182
1700,21,1.0792,1.16468
1700,22,1.28378,1.6481
1700,23,1.39754,1.95311
1700,24,1.43299,2.05345
1700,25,1.40966,1.98714
1700,26,1.35036,1.82347
1700,27,1.27717,1.63117
1700,28,1.20731,1.4576
1700,29,1.15033,1.32327
1700,30,1.10766,1.2269
1700,31,1.07283,1.15096
1700,32,1.03337,1.06785
1700,33,0.974351,0.949361
1700,34,0.881634,0.777279
1700,35,0.744929,0.554919
1700,36,0.559903,0.313492
1700,37,0.329271,0.108419
1700,38,0.0633371,0.00401158
1700,39,-0.221588,0.0491014
1700,40,-0.50628,0.25632
1700,41,-0.771696,0.595514
1700,42,-1.00181,1.00362
1700,43,-1.18598,1.40654
1700,44,-1.32018,1.74289
1700,45,-1.4069,1.97937
1700,46,-1.45437,2.1152
1700,47,-1.47453,2.17423
1700,48,-1.47947,2.18884
1700,49,-1.47907,2.18766
1700,50,-1.47907,2.18766
1700,51,-1.47947,2.18884
1700,52,-1.47453,2.17423
1700,53,-1.45437,2.11519
1700,54,-1.4069,1.97936
1700,55,-1.32018,1.74289
1700,56,-1.18597,1.40654
1700,57,-1.00181,1.00362
1700,58,-0.771694,0.595511
1700,59,-0.506279,0.256318
1700,60,-0.221588,0.0491014
1700,61,0.0633387,0.00401179
1700,62,0.329272,0.10842
1700,63,0.559904,0.313493
1700,64,0.744927,0.554916
1700,65,0.881633,0.777276
1700,66,0.974351,0.94936
1700,67,1.03337,1.06785
1700,68,1.07282,1.15095
1700,69,1.10766,1.2269
1700,70,1.15034,1.32327
1700,71,1.20731,1.45761
1700,72,1.27718,1.63118
1700,73,1.35036,1.82347
1700,74,1.40966,1.98714
1700,75,1.43299,2.05345
1700,76,1.39754,1.95311
1700,77,1.28378,1.64809
1700,78,1.07921,1.16469
1700,79,0.781779,0.611179
1700,80,0.401743,0.161397
1700,81,-0.0383561,0.00147119
1700,82,-0.505507,0.255538
1700,83,-0.960187,0.921958
1700,84,-1.36079,1.85175
1700,85,-1.66952,2.7873
1700,86,-1.85772,3.45112
1700,87,-1.90955,3.64636
1700,88,-1.82445,3.32861
1700,89,-1.6177,2.61696
1700,90,-1.31838,1.73812
1700,91,-0.965317,0.931837
1700,92,-0.602103,0.362528
1700,93,-0.271076,0.0734823
1700,94,-0.00748148,5.59725e-05
1700,95,0.16536,0.0273439
1700,96,0.238694,0.0569749
1700,97,0.219419,0.0481446
1700,98,0.129016,0.0166452
1700,99,0,0
1710,0,0,0
1710,1,-0.137011,0.018772
1710,2,-0.231901,0.0537783
1710,3,-0.249243,0.062122
1710,4,-0.165467,0.0273794
1710,5,0.0269731,0.000727547
1710,6,0.318183,0.10124
1710,7,0.681623,0.46461
1710,8,1.07804,1.16217
1710,9,1.46079,2.1339
1710,10,1.78158,3.17403
1710,11,1.99765,3.99061
1710,12,2.0777,4.31684
1710,13,2.00584,4.02339
1710,14,1.78359,3.1812
1710,15,1.4297,2.04404
1710,16,0.977281,0.955078
1710,17,0.468918,0.219884
1710,18,-0.0487963,0.00238108
1710,19,-0.531491,0.282483
1710,20,-0.942696,0.888675
1710,21,-1.25757,1.58147
1710,22,-1.46488,2.14588
1710,23,-1.56744,2.45687
1710,24,-1.57987,2.49599
1710,25,-1.52513,2.32602
1710,26,-1.42998,2.04483
1710,27,-1.32011,1.74269
1710,28,-1.21628,1.47935
1710,29,-1.1309,1.27893
1710,30,-1.0666,1.13763
1710,31,-1.01735,1.035
1710,32,-0.970455,0.941783
1710,33,-0.909519,0.827225
1710,34,-0.818168,0.669399
1710,35,-0.683713,0.467463
1710,36,-0.500017,0.250017
1710,37,-0.268875,0.0722937
1710,38,0.000101333,1.02683e-08
1710,39,0.290972,0.0846648
1710,40,0.584179,0.341265
1710,41,0.859985,0.739574
1710,42,1.10153,1.21338
1710,43,1.29725,1.68285
1710,44,1.44244,2.08063
1710,45,1.53938,2.36971
1710,46,1.59562,2.546
1710,47,1.6221,2.63122
1710,48,1.63112,2.66055
1710,49,1.63284,2.66617
1710,50,1.63285,2.66618
1710,51,1.63112,2.66056
1710,52,1.62211,2.63123
1710,53,1.59562,2.54599
1710,54,1.53939,2.36971
1710,55,1.44244,2.08063
1710,56,1.29725,1.68285
1710,57,1.10153,1.21337
1710,58,0.859987,0.739578
1710,59,0.584178,0.341264
1710,60,0.290974,0.0846657
1710,61,0.000102206,1.0446e-08
1710,62,-0.268873,0.0722925
1710,63,-0.500014,0.250014
1710,64,-0.683711,0.467461
1710,65,-0.818169,0.6694
1710,66,-0.909518,0.827223
1710,67,-0.970454,0.94178
1710,68,-1.01735,1.035
1710,69,-1.06659,1.13762
1710,70,-1.1309,1.27893
1710,71,-1.21628,1.47935
1710,72,-1.32011,1.74269
1710,73,-1.42998,2.04483
1710,74,-1.52513,2.32603
1710,75,-1.57987,2.49598
1710,76,-1.56744,2.45687
1710,77,-1.46488,2.14587
1710,78,-1.25756,1.58147
1710,79,-0.942696,0.888675
1710,80,-0.531492,0.282483
1710,81,-0.0487979,0.00238123
1710,82,0.468918,0.219884
1710,83,0.977277,0.955071
1710,84,1.4297,2.04404
1710,85,1.78359,3.18119
1710,86,2.00584,4.02339
1710,87,2.0777,4.31684
1710,88,1.99765,3.9906
1710,89,1.78158,3.17402
1710,90,1.46078,2.13389
1710,91,1.07804,1.16217
1710,92,0.681621,0.464608
1710,93,0.318183,0.10124
1710,94,0.026973,0.000727542
1710,95,-0.16547,0.0273804
1710,96,-0.249242,0.0621215
1710,97,-0.231903,0.053779
1710,98,-0.137011,0.018772
1710,99,0,0
1720,0,0,0
1720,1,0.143952,0.0207222
1720,2,0.242757,0.058931
1720,3,0.257839,0.0664811
1720,4,0.163804,0.0268317
1720,5,-0.0472088,0.00222867
1720,6,-0.364154,0.132608
1720,7,-0.757919,0.574441
1720,8,-1.18522,1.40475
1720,9,-1.59484,2.54351
1720,10,-1.93476,3.74329
1720,11,-2.15905,4.66151
1720,12,-2.23387,4.9902
1720,13,-2.14253,4.59045
1720,14,-1.88772,3.56349
1720,15,-1.49093,2.22288
1720,16,-0.989239,0.978595
1720,17,-0.429833,0.184756
1720,18,0.136088,0.0185201
1720,19,0.659622,0.435101
1720,20,1.10016,1.21035
1720,21,1.43044,2.04615
1720,22,1.63889,2.68595
1720,23,1.72922,2.99019
1720,24,1.71842,2.95296
1720,25,1.63277,2.66595
1720,26,1.50264,2.25794
1720,27,1.35751,1.84284
1720,28,1.22118,1.49127
1720,29,1.10847,1.22871
1720,30,1.0236,1.04776
1720,31,0.960736,0.923014
1720,32,0.906454,0.821658
1720,33,0.843002,0.710653
1720,34,0.752205,0.565813
1720,35,0.61934,0.383582
1720,36,0.436785,0.190781
1720,37,0.205457,0.0422125
1720,38,-0.0658425,0.00433523
1720,39,-0.361808,0.130905
1720,40,-0.662964,0.439522
1720,41,-0.948741,0.900109
1720,42,-1.20119,1.44286
1720,43,-1.40798,1.9824
1720,44,-1.56364,2.44498
1720,45,-1.66952,2.78729
1720,46,-1.73299,3.00325
1720,47,-1.76529,3.11624
1720,48,-1.77841,3.16273
1720,49,-1.78217,3.17614
1720,50,-1.78218,3.17615
1720,51,-1.77841,3.16273
1720,52,-1.76529,3.11625
1720,53,-1.73299,3.00324
1720,54,-1.66952,2.78729
1720,55,-1.56364,2.44497
1720,56,-1.40798,1.98241
1720,57,-1.20119,1.44285
1720,58,-0.948741,0.90011
1720,59,-0.662962,0.439519
1720,60,-0.361809,0.130906
1720,61,-0.0658417,0.00433514
1720,62,0.205456,0.0422121
1720,63,0.436788,0.190784
1720,64,0.619339,0.383581
1720,65,0.752206,0.565814
1720,66,0.843001,0.71065
1720,67,0.906453,0.821657
1720,68,0.960735,0.923012
1720,69,1.0236,1.04776
1720,70,1.10847,1.22871
1720,71,1.22118,1.49127
1720,72,1.35751,1.84284
1720,73,1.50265,2.25795
1720,74,1.63278,2.66595
1720,75,1.71842,2.95298
1720,76,1.72922,2.9902
1720,77,1.63889,2.68595
1720,78,1.43044,2.04615
1720,79,1.10016,1.21035
1720,80,0.65962,0.435098
1720,81,0.136089,0.0185202
1720,82,-0.429833,0.184756
1720,83,-0.989236,0.978588
1720,84,-1.49093,2.22288
1720,85,-1.88772,3.56348
1720,86,-2.14253,4.59044
1720,87,-2.23387,4.99019
1720,88,-2.15905,4.6615
1720,89,-1.93476,3.74328
1720,90,-1.59484,2.54351
1720,91,-1.18522,1.40475
1720,92,-0.757919,0.57444
1720,93,-0.364153,0.132608
1720,94,-0.0472096,0.00222875
1720,95,0.163804,0.0268316
1720,96,0.25784,0.0664815
1720,97,0.242758,0.0589314
1720,98,0.143951,0.020722
1720,99,0,0
1730,0,0,0
1730,1,-0.150842,0.0227534
1730,2,-0.252962,0.0639899
1730,3,-0.265325,0.0703974
1730,4,-0.161022,0.025928
1730,5,0.0682075,0.00465226
1730,6,0.409668,0.167828
1730,7,0.83156,0.691492
1730,8,1.28754,1.65776
1730,9,1.72267,2.96759
1730,10,2.08088,4.33005
1730,11,2.3127,5.34857
1730,12,2.38226,5.67518
1730,13,2.27211,5.16248
1730,14,1.98572,3.9431
1730,15,1.54717,2.39375
1730,16,0.997207,0.994422
1730,17,0.387773,0.150368
1730,18,-0.224838,0.0505522
1730,19,-0.787338,0.619901
1730,20,-1.25582,1.57708
1730,21,-1.6006,2.56193
1730,22,-1.80936,3.27378
1730,23,-1.88708,3.56106
1730,24,-1.85303,3.43373
1730,25,-1.73645,3.01526
1730,26,-1.57143,2.46938
1730,27,-1.3912,1.93545
1730,28,-1.22257,1.49469
1730,29,-1.08236,1.17151
1730,30,-0.976144,0.952856
1730,31,-0.898677,0.807621
1730,32,-0.836226,0.699274
1730,33,-0.769983,0.592874
1730,34,-0.680293,0.462799
1730,35,-0.550847,0.303432
1730,36,-0.371914,0.13832
1730,37,-0.142392,0.0202754
1730,38,0.129805,0.0168493
1730,39,0.429598,0.184554
1730,40,0.737349,0.543683
1730,41,1.03203,1.06508
1730,42,1.29494,1.67686
1730,43,1.5126,2.28797
1730,44,1.67858,2.81765
1730,45,1.79369,3.21733
1730,46,1.86484,3.47764
1730,47,1.90283,3.62075
1730,48,1.91959,3.68482
1730,49,1.92512,3.70609
1730,50,1.92512,3.70609
1730,51,1.91959,3.68482
1730,52,1.90283,3.62076
1730,53,1.86484,3.47763
1730,54,1.79369,3.21734
1730,55,1.67858,2.81764
1730,56,1.5126,2.28796
1730,57,1.29493,1.67686
1730,58,1.03203,1.06508
1730,59,0.737348,0.543682
1730,60,0.429596,0.184552
1730,61,0.129803,0.0168488
1730,62,-0.14239,0.0202749
1730,63,-0.371919,0.138324
1730,64,-0.550848,0.303434
1730,65,-0.680297,0.462804
1730,66,-0.769984,0.592875
1730,67,-0.836224,0.69927
1730,68,-0.898679,0.807623
1730,69,-0.976144,0.952858
1730,70,-1.08236,1.17151
1730,71,-1.22258,1.49469
1730,72,-1.3912,1.93545
1730,73,-1.57143,2.46938
1730,74,-1.73645,3.01526
1730,75,-1.85303,3.43373
1730,76,-1.88708,3.56106
1730,77,-1.80936,3.27378
1730,78,-1.6006,2.56193
1730,79,-1.25582,1.57708
1730,80,-0.787337,0.6199
1730,81,-0.224836,0.0505512
1730,82,0.387776,0.15037
1730,83,0.997208,0.994425
1730,84,1.54717,2.39375
1730,85,1.98573,3.94311
1730,86,2.27211,5.16247
1730,87,2.38226,5.67519
1730,88,2.3127,5.34856
1730,89,2.08088,4.33005
1730,90,1.72267,2.96759
1730,91,1.28754,1.65775
1730,92,0.831562,0.691495
1730,93,0.40967,0.16783
1730,94,0.0682086,0.00465241
1730,95,-0.161021,0.0259277
1730,96,-0.265325,0.0703972
1730,97,-0.252957,0.0639871
1730,98,-0.150843,0.0227537
1730,99,0,0
1740,0,0,0
1740,1,0.15656,0.024511
1740,2,0.261261,0.0682576
1740,3,0.270399,0.0731157
1740,4,0.155513,0.0241842
1740,5,-0.0915348,0.00837862
1740,6,-0.456947,0.2088
1740,7,-0.906818,0.822319
1740,8,-1.39117,1.93536
1740,9,-1.85082,3.42554
1740,10,-2.22576,4.954
1740,11,-2.46326,6.06767
1740,12,-2.5256,6.37865
1740,13,-2.3952,5.73697
1740,14,-2.07677,4.31299
1740,15,-1.59664,2.54926
1740,16,-0.999248,0.998497
1740,17,-0.341252,0.116453
1740,18,0.316404,0.100111
1740,19,0.916014,0.839082
1740,20,1.41026,1.98882
1740,21,1.76779,3.12509
1740,22,1.97585,3.90397
1740,23,2.04025,4.1626
1740,24,1.98236,3.92974
1740,25,1.83451,3.36543
1740,26,1.63436,2.67114
1740,27,1.41851,2.01218
1740,28,1.21709,1.4813
1740,29,1.04952,1.1015
1740,30,0.922816,0.85159
1740,31,0.832082,0.69236
1740,32,0.762601,0.58156
1740,33,0.694115,0.481796
1740,34,0.605468,0.366591
1740,35,0.478505,0.228967
1740,36,0.301915,0.0911525
1740,37,0.0735544,0.00541025
1740,38,-0.199576,0.0398305
1740,39,-0.502604,0.252611
1740,40,-0.815451,0.66496
1740,41,-1.11674,1.24711
1740,42,-1.38735,1.92474
1740,43,-1.61326,2.60259
1740,44,-1.78746,3.195
1740,45,-1.91014,3.64862
1740,46,-1.98775,3.95116
1740,47,-2.03089,4.1245
1740,48,-2.05117,4.20729
1740,49,-2.05844,4.23719
1740,50,-2.05844,4.23718
1740,51,-2.05117,4.20728
1740,52,-2.03089,4.12449
1740,53,-1.98775,3.95116
1740,54,-1.91014,3.64863
1740,55,-1.78746,3.195
1740,56,-1.61325,2.60259
1740,57,-1.38735,1.92473
1740,58,-1.11674,1.24711
1740,59,-0.815449,0.664957
1740,60,-0.502604,0.25261
1740,61,-0.199574,0.03983
1740,62,0.0735531,0.00541006
1740,63,0.301915,0.0911529
1740,64,0.478503,0.228965
1740,65,0.605464,0.366587
1740,66,0.694114,0.481794
1740,67,0.7626,0.581559
1740,68,0.832083,0.692361
1740,69,0.922817,0.851591
1740,70,1.04952,1.1015
1740,71,1.21709,1.4813
1740,72,1.41851,2.01217
1740,73,1.63436,2.67114
1740,74,1.83451,3.36542
1740,75,1.98236,3.92974
1740,76,2.04025,4.16261
1740,77,1.97584,3.90396
1740,78,1.76779,3.12509
1740,79,1.41026,1.98883
1740,80,0.916013,0.839079
1740,81,0.316403,0.100111
1740,82,-0.341252,0.116453
1740,83,-0.99925,0.998501
1740,84,-1.59664,2.54925
1740,85,-2.07677,4.31298
1740,86,-2.3952,5.73697
1740,87,-2.5256,6.37865
1740,88,-2.46326,6.06766
1740,89,-2.22576,4.954
1740,90,-1.85082,3.42554
1740,91,-1.39117,1.93536
1740,92,-0.906821,0.822324
1740,93,-0.456948,0.208801
1740,94,-0.0915381,0.00837922
1740,95,0.155511,0.0241836
1740,96,0.270399,0.0731157
1740,97,0.261262,0.068258
1740,98,0.156559,0.0245107
1740,99,0,0
1750,0,0,0
1750,1,-0.162625,0.0264469
1750,2,-0.270228,0.0730232
1750,3,-0.276573,0.0764926
1750,4,-0.151929,0.0230825
1750,5,0.112228,0.0125951
1750,6,0.501213,0.251215
1750,7,0.978214,0.956903
1750,8,1.48983,2.2196
1750,9,1.97316,3.89335
1750,10,2.36393,5.58815
1750,11,2.60624,6.79251
1750,12,2.66055,7.07854
1750,13,2.50915,6.29581
1750,14,2.15838,4.6586
1750,15,1.63752,2.68148
1750,16,0.994837,0.989701
1750,17,0.291162,0.0847753
1750,18,-0.408093,0.16654
1750,19,-1.04144,1.08459
1750,20,-1.55884,2.42998
1750,21,-1.92728,3.71442
1750,22,-2.13346,4.55163
1750,23,-2.1838,4.76897
1750,24,-2.10202,4.41848
1750,25,-1.92375,3.70082
1750,26,-1.68991,2.8558
1750,27,-1.44023,2.07426
1750,28,-1.20766,1.45845
1750,29,-1.01386,1.02791
1750,30,-0.866878,0.751478
1750,31,-0.762059,0.580734
1750,32,-0.684779,0.468922
1750,33,-0.613791,0.376739
1750,34,-0.525967,0.276642
1750,35,-0.401772,0.161421
1750,36,-0.228758,0.0523301
1750,37,-0.00335498,1.12559e-05
1750,38,0.268448,0.0720643
1750,39,0.572167,0.327375
1750,40,0.887961,0.788474
1750,41,1.19438,1.42655
1750,42,1.47178,2.16615
1750,43,1.70556,2.90894
1750,44,1.88798,3.56446
1750,45,2.01862,4.07481
1750,46,2.10323,4.42358
1750,47,2.1517,4.62979
1750,48,2.17561,4.73327
1750,49,2.18484,4.77353
1750,50,2.18484,4.77354
1750,51,2.17561,4.73328
1750,52,2.1517,4.62979
1750,53,2.10323,4.42359
1750,54,2.01862,4.07482
1750,55,1.88797,3.56445
1750,56,1.70556,2.90893
1750,57,1.47179,2.16615
1750,58,1.19438,1.42655
1750,59,0.887959,0.788471
1750,60,0.572167,0.327375
1750,61,0.268449,0.0720651
1750,62,-0.00335584,1.12616e-05
1750,63,-0.228759,0.0523305
1750,64,-0.401771,0.16142
1750,65,-0.525968,0.276642
1750,66,-0.613789,0.376737
1750,67,-0.684778,0.468922
1750,68,-0.762061,0.580737
1750,69,-0.866877,0.751476
1750,70,-1.01386,1.02792
1750,71,-1.20766,1.45845
1750,72,-1.44023,2.07427
1750,73,-1.68991,2.8558
1750,74,-1.92375,3.70082
1750,75,-2.10202,4.41848
1750,76,-2.1838,4.76898
1750,77,-2.13346,4.55163
1750,78,-1.92728,3.71441
1750,79,-1.55884,2.42998
1750,80,-1.04144,1.0846
1750,81,-0.408094,0.166541
1750,82,0.29116,0.0847739
1750,83,0.994835,0.989697
1750,84,1.63752,2.68148
1750,85,2.15838,4.6586
1750,86,2.50915,6.29581
1750,87,2.66055,7.07854
1750,88,2.60624,6.7925
1750,89,2.36393,5.58816
1750,90,1.97316,3.89335
1750,91,1.48983,2.2196
1750,92,0.978214,0.956902
1750,93,0.501211,0.251212
1750,94,0.112227,0.0125949
1750,95,-0.151931,0.023083
1750,96,-0.276572,0.0764918
1750,97,-0.270231,0.0730246
1750,98,-0.162625,0.026447
1750,99,0,0
1760,0,0,0
1760,1,0.168173,0.0282821
1760,2,0.278238,0.0774164
1760,3,0.281638,0.0793202
1760,4,0.147262,0.021686
1760,5,-0.133332,0.0177775
1760,6,-0.544162,0.296112
1760,7,-1.04622,1.09458
1760,8,-1.58247,2.50422
1760,9,-2.08605,4.35162
1760,10,-2.48998,6.20002
1760,11,-2.73604,7.4859
1760,12,-2.78263,7.74303
1760,13,-2.61171,6.821
1760,14,-2.23088,4.97684
1760,15,-1.67187,2.79516
1760,16,-0.986361,0.972907
1760,17,-0.239417,0.0573203
1760,18,0.498917,0.248918
1760,19,1.16342,1.35354
1760,20,1.70159,2.89539
1760,21,2.07875,4.32121
1760,22,2.28135,5.20458
1760,23,2.31714,5.36916
1760,24,2.21209,4.89336
1760,25,2.0046,4.01843
1760,26,1.73858,3.02267
1760,27,1.4568,2.12227
1760,28,1.19468,1.42727
1760,29,0.975685,0.951962
1760,30,0.809278,0.654932
1760,31,0.691267,0.47785
1760,32,0.60646,0.367793
1760,33,0.532822,0.2839
1760,34,0.4462,0.199094
1760,35,0.325242,0.105782
1760,36,0.155936,0.0243161
1760,37,-0.0660683,0.00436502
1760,38,-0.335614,0.112636
1760,39,-0.639213,0.408593
1760,40,-0.957167,0.916169
1760,41,-1.26741,1.60633
1760,42,-1.55009,2.40279
1760,43,-1.79044,3.20568
1760,44,-1.98012,3.92086
1760,45,-2.11797,4.48579
1760,46,-2.20934,4.8812
1760,47,-2.26385,5.125
1760,48,-2.29229,5.25461
1760,49,-2.30383,5.30765
1760,50,-2.30383,5.30765
1760,51,-2.29229,5.25462
1760,52,-2.26385,5.12501
1760,53,-2.20934,4.8812
1760,54,-2.11797,4.48578
1760,55,-1.98012,3.92086
1760,56,-1.79044,3.20567
1760,57,-1.55009,2.40279
1760,58,-1.26741,1.60632
1760,59,-0.957168,0.91617
1760,60,-0.639213,0.408594
1760,61,-0.335613,0.112636
1760,62,-0.0660675,0.00436492
1760,63,0.155934,0.0243155
1760,64,0.325243,0.105783
1760,65,0.446198,0.199093
1760,66,0.532824,0.283902
1760,67,0.606462,0.367797
1760,68,0.691273,0.477858
1760,69,0.809278,0.654932
1760,70,0.97569,0.95197
1760,71,1.19468,1.42727
1760,72,1.4568,2.12227
1760,73,1.73858,3.02267
1760,74,2.0046,4.01842
1760,75,2.21209,4.89335
1760,76,2.31715,5.36916
1760,77,2.28136,5.20459
1760,78,2.07875,4.32121
1760,79,1.70159,2.8954
1760,80,1.16342,1.35354
1760,81,0.498917,0.248918
1760,82,-0.239416,0.0573198
1760,83,-0.986363,0.972912
1760,84,-1.67187,2.79516
1760,85,-2.23089,4.97686
1760,86,-2.61171,6.82102
1760,87,-2.78263,7.74302
1760,88,-2.73603,7.48588
1760,89,-2.48998,6.20001
1760,90,-2.08605,4.35161
1760,91,-1.58247,2.50422
1760,92,-1.04622,1.09458
1760,93,-0.544162,0.296112
1760,94,-0.133333,0.0177776
1760,95,0.147263,0.0216865
1760,96,0.281638,0.07932
1760,97,0.278238,0.0774164
1760,98,0.16817,0.0282811
1760,99,0,0
1770,0,0,0
1770,1,-0.174114,0.0303157
1770,2,-0.28735,0.0825702
1770,3,-0.288888,0.0834562
1770,4,-0.146119,0.0213509
1770,5,0.149641,0.0223926
1770,6,0.580831,0.337365
1770,7,1.10596,1.22314
1770,8,1.66522,2.77296
1770,9,2.18858,4.78987
1770,10,2.60534,6.78781
1770,11,2.85466,8.14909
1770,12,2.8941,8.37582
1770,13,2.70501,7.31709
1770,14,2.29572,5.27033
1770,15,1.70066,2.89225
1770,16,0.975433,0.95147
1770,17,0.189174,0.0357868
1770,18,-0.58479,0.341979
1770,19,-1.27795,1.63316
1770,20,-1.83484,3.36664
1770,21,-2.21952,4.92626
1770,22,-2.41848,5.84903
1770,23,-2.44038,5.95546
1770,24,-2.31292,5.3496
1770,25,-2.07704,4.31412
1770,26,-1.77994,3.1682
1770,27,-1.46743,2.15336
1770,28,-1.17731,1.38607
1770,29,-0.9349,0.874039
1770,30,-0.750743,0.563616
1770,31,-0.620997,0.385637
1770,32,-0.530027,0.280929
1770,33,-0.454711,0.206762
1770,34,-0.369647,0.136639
1770,35,-0.252482,0.0637472
1770,36,-0.0880064,0.00774512
1770,37,0.129722,0.0168278
1770,38,0.396556,0.157257
1770,39,0.699363,0.489108
1770,40,1.01895,1.03826
1770,41,1.33355,1.77837
1770,42,1.62257,2.63272
1770,43,1.87011,3.49731
1770,44,2.06733,4.27385
1770,45,2.21259,4.89553
1770,46,2.31063,5.33901
1770,47,2.37054,5.61945
1770,48,2.40272,5.77308
1770,49,2.41626,5.83833
1770,50,2.41626,5.83832
1770,51,2.40273,5.77309
1770,52,2.37054,5.61945
1770,53,2.31063,5.33902
1770,54,2.21258,4.89552
1770,55,2.06733,4.27387
1770,56,1.87011,3.49731
1770,57,1.62257,2.63273
1770,58,1.33355,1.77836
1770,59,1.01895,1.03826
1770,60,0.699361,0.489106
1770,61,0.396556,0.157256
1770,62,0.129721,0.0168275
1770,63,-0.0880056,0.00774499
1770,64,-0.252482,0.0637471
1770,65,-0.369647,0.136639
1770,66,-0.45471,0.206761
1770,67,-0.530029,0.280931
1770,68,-0.620995,0.385635
1770,69,-0.750743,0.563615
1770,70,-0.9349,0.874037
1770,71,-1.17731,1.38606
1770,72,-1.46743,2.15335
1770,73,-1.77994,3.1682
1770,74,-2.07704,4.31411
1770,75,-2.31292,5.34959
1770,76,-2.44038,5.95546
1770,77,-2.41848,5.84903
1770,78,-2.21952,4.92626
1770,79,-1.83484,3.36665
1770,80,-1.27795,1.63316
1770,81,-0.584789,0.341978
1770,82,0.189177,0.0357878
1770,83,0.975439,0.951481
1770,84,1.70067,2.89226
1770,85,2.29572,5.27033
1770,86,2.70501,7.31709
1770,87,2.8941,8.37581
1770,88,2.85466,8.14911
1770,89,2.60534,6.78781
1770,90,2.18858,4.78987
1770,91,1.66522,2.77296
1770,92,1.10596,1.22314
1770,93,0.580835,0.33737
1770,94,0.14964,0.0223921
1770,95,-0.146119,0.0213508
1770,96,-0.288888,0.0834565
1770,97,-0.287348,0.082569
1770,98,-0.174115,0.030316
1770,99,0,0
1780,0,0,0
1780,1,0.178389,0.0318226
1780,2,0.293733,0.086279
1780,3,0.292941,0.0858142
1780,4,0.142131,0.0202013
1780,5,-0.167401,0.0280232
1780,6,-0.617394,0.381175
1780,7,-1.16457,1.35621
1780,8,-1.74587,3.04807
1780,9,-2.2877,5.23355
1780,10,-2.7163,7.37831
1780,11,-2.96828,8.8107
1780,12,-2.99979,8.99871
1780,13,-2.7924,7.7975
1780,14,-2.35581,5.54982
1780,15,-1.72675,2.98168
1780,16,-0.964125,0.929537
1780,17,-0.140698,0.019796
1780,18,0.66664,0.444408
1780,19,1.38619,1.92153
1780,20,1.96017,3.84227
1780,21,2.35137,5.52895
1780,22,2.5462,6.48311
1780,23,2.5543,6.52445
1780,24,2.40525,5.78522
1780,25,2.14256,4.59055
1780,26,1.81629,3.2989
1780,27,1.47484,2.17515
1780,28,1.15818,1.34138
1780,29,0.893439,0.798233
1780,30,0.692392,0.479407
1780,31,0.551539,0.304195
1780,32,0.454726,0.206776
1780,33,0.377868,0.142784
1780,34,0.294659,0.0868238
1780,35,0.18144,0.0329204
1780,36,0.0212782,0.00045276
1780,37,-0.192824,0.0371809
1780,38,-0.457298,0.209122
1780,39,-0.759621,0.577024
1780,40,-1.08073,1.16797
1780,41,-1.39875,1.9565
1780,42,-1.69301,2.86628
1780,43,-1.94708,3.79113
1780,44,-2.15123,4.62781
1780,45,-2.3031,5.30428
1780,46,-2.40685,5.79291
1780,47,-2.4711,6.10632
1780,48,-2.50617,6.2809
1780,49,-2.52111,6.35599
1780,50,-2.52111,6.35599
1780,51,-2.50617,6.28091
1780,52,-2.4711,6.10634
1780,53,-2.40685,5.79291
1780,54,-2.3031,5.30428
1780,55,-2.15123,4.6278
1780,56,-1.94709,3.79114
1780,57,-1.69301,2.86629
1780,58,-1.39875,1.95651
1780,59,-1.08073,1.16797
1780,60,-0.759621,0.577024
1780,61,-0.457299,0.209122
1780,62,-0.192821,0.0371799
1780,63,0.0212775,0.000452732
1780,64,0.18144,0.0329204
1780,65,0.29466,0.0868247
1780,66,0.377867,0.142784
1780,67,0.454725,0.206775
1780,68,0.551536,0.304192
1780,69,0.692391,0.479405
1780,70,0.893436,0.798228
1780,71,1.15818,1.34138
1780,72,1.47484,2.17515
1780,73,1.81629,3.2989
1780,74,2.14256,4.59055
1780,75,2.40525,5.78522
1780,76,2.5543,6.52446
1780,77,2.54619,6.48311
1780,78,2.35137,5.52894
1780,79,1.96017,3.84227
1780,80,1.38619,1.92153
1780,81,0.66664,0.444409
1780,82,-0.1407,0.0197964
1780,83,-0.964125,0.929538
1780,84,-1.72675,2.98168
1780,85,-2.35581,5.54983
1780,86,-2.7924,7.79749
1780,87,-2.99979,8.99873
1780,88,-2.96828,8.81071
1780,89,-2.7163,7.37831
1780,90,-2.2877,5.23355
1780,91,-1.74587,3.04808
1780,92,-1.16457,1.35621
1780,93,-0.617395,0.381177
1780,94,-0.167401,0.0280232
1780,95,0.142129,0.0202008
1780,96,0.292942,0.0858148
1780,97,0.293734,0.0862797
1780,98,0.178389,0.0318228
1780,99,0,0
1790,0,0,0
1790,1,-0.181856,0.0330717
1790,2,-0.297809,0.08869
1790,3,-0.293241,0.0859901
1790,4,-0.133734,0.0178847
1790,5,0.189386,0.0358672
1790,6,0.656715,0.431275
1790,7,1.22287,1.4954
1790,8,1.82261,3.3219
1790,9,2.37962,5.66258
1790,10,2.81765,7.93912
1790,11,3.07148,9.43399
1790,12,3.09575,9.58364
1790,13,2.87171,8.24673
1790,14,2.41022,5.80918
1790,15,1.75013,3.06295
1790,16,0.953019,0.908244
1790,17,0.0948878,0.00900369
1790,18,-0.743692,0.553078
1790,19,-1.48798,2.21409
1790,20,-2.07813,4.31864
1790,21,-2.47549,6.12807
1790,22,-2.66621,7.10865
1790,23,-2.66097,7.08077
1790,24,-2.49117,6.20594
1790,25,-2.20264,4.85163
1790,26,-1.84773,3.4141
1790,27,-1.47746,2.18289
1790,28,-1.13444,1.28695
1790,29,-0.847505,0.718265
1790,30,-0.629516,0.396291
1790,31,-0.477498,0.228005
1790,32,-0.375192,0.140769
1790,33,-0.297761,0.0886615
1790,34,-0.217404,0.0472643
1790,35,-0.108908,0.011861
1790,36,0.0458603,0.00210316
1790,37,0.255396,0.0652272
1790,38,0.517268,0.267567
1790,39,0.818903,0.670602
1790,40,1.14098,1.30183
1790,41,1.4615,2.13598
1790,42,1.7595,3.09586
1790,43,2.01838,4.07387
1790,44,2.22797,4.96387
1790,45,2.38546,5.69043
1790,46,2.49453,6.22269
1790,47,2.56342,6.57111
1790,48,2.6021,6.77093
1790,49,2.61901,6.85923
1790,50,2.61901,6.85923
1790,51,2.6021,6.77095
1790,52,2.56342,6.57111
1790,53,2.49453,6.22269
1790,54,2.38546,5.69043
1790,55,2.22798,4.96388
1790,56,2.01839,4.07388
1790,57,1.75951,3.09587
1790,58,1.4615,2.13597
1790,59,1.14098,1.30183
1790,60,0.8189,0.670597
1790,61,0.517268,0.267566
1790,62,0.25539,0.0652243
1790,63,0.0458596,0.0021031
1790,64,-0.108911,0.0118616
1790,65,-0.217405,0.0472649
1790,66,-0.297764,0.0886634
1790,67,-0.375193,0.14077
1790,68,-0.477496,0.228003
1790,69,-0.629519,0.396294
1790,70,-0.847506,0.718266
1790,71,-1.13444,1.28696
1790,72,-1.47746,2.18289
1790,73,-1.84773,3.41412
1790,74,-2.20264,4.85164
1790,75,-2.49117,6.20595
1790,76,-2.66098,7.08079
1790,77,-2.66621,7.10866
1790,78,-2.47549,6.12807
1790,79,-2.07814,4.31865
1790,80,-1.48798,2.21408
1790,81,-0.743695,0.553083
1790,82,0.0948886,0.00900384
1790,83,0.953018,0.908243
1790,84,1.75013,3.06295
1790,85,2.41022,5.80918
1790,86,2.87171,8.24672
1790,87,3.09575,9.58364
1790,88,3.07148,9.43398
1790,89,2.81765,7.93914
1790,90,2.37962,5.66258
1790,91,1.82261,3.3219
1790,92,1.22287,1.49541
1790,93,0.656715,0.431275
1790,94,0.189387,0.0358673
1790,95,-0.133732,0.0178842
1790,96,-0.293239,0.0859894
1790,97,-0.297809,0.08869
1790,98,-0.181857,0.0330719
1790,99,0,0
1800,0,0,0
1800,1,0.182756,0.0333997
1800,2,0.298201,0.0889237
1800,3,0.29032,0.0842858
1800,4,0.12367,0.0152943
1800,5,-0.210588,0.0443471
1800,6,-0.692561,0.479641
1800,7,-1.2753,1.62638
1800,8,-1.8911,3.57627
1800,9,-2.46131,6.05803
1800,10,-2.90732,8.45249
1800,11,-3.16178,9.99683
1800,12,-3.17823,10.1011
1800,13,-2.93812,8.63257
1800,14,-2.45333,6.01881
1800,15,-1.76446,3.11333
1800,16,-0.935597,0.875342
1800,17,-0.0457108,0.00208948
1800,18,0.821479,0.674827
1800,19,1.58845,2.52317
1800,20,2.19318,4.81005
1800,21,2.59585,6.73845
1800,22,2.78227,7.74103
1800,23,2.76369,7.63798
1800,24,2.57304,6.62052
1800,25,2.25816,5.09928
1800,26,1.874,3.51187
1800,27,1.47443,2.17394
1800,28,1.10462,1.22019
1800,29,0.795508,0.632833
1800,30,0.561016,0.314739
1800,31,0.398313,0.158653
1800,32,0.290717,0.0845166
1800,33,0.212527,0.0451679
1800,34,0.134875,0.0181914
1800,35,0.0314242,0.000987481
1800,36,-0.117245,0.0137463
1800,37,-0.320636,0.102808
1800,38,-0.57714,0.333091
1800,39,-0.875099,0.765798
1800,40,-1.19573,1.42976
1800,41,-1.51706,2.30148
1800,42,-1.81778,3.30433
1800,43,-2.0806,4.32888
1800,44,-2.2946,5.26519
1800,45,-2.45648,6.03432
1800,46,-2.56971,6.60342
1800,47,-2.64207,6.98053
1800,48,-2.68306,7.1988
1800,49,-2.70112,7.29605
1800,50,-2.70112,7.29605
1800,51,-2.68306,7.19881
1800,52,-2.64207,6.98054
1800,53,-2.56971,6.60342
1800,54,-2.45648,6.0343
1800,55,-2.2946,5.26518
1800,56,-2.0806,4.32888
1800,57,-1.81779,3.30435
1800,58,-1.51706,2.30148
1800,59,-1.19573,1.42977
1800,60,-0.875097,0.765795
1800,61,-0.57714,0.333091
1800,62,-0.320635,0.102807
1800,63,-0.117244,0.0137463
1800,64,0.031425,0.000987533
1800,65,0.134876,0.0181915
1800,66,0.212529,0.0451684
1800,67,0.290719,0.0845174
1800,68,0.398315,0.158655
1800,69,0.561017,0.31474
1800,70,0.795507,0.632832
1800,71,1.10462,1.22019
1800,72,1.47443,2.17394
1800,73,1.874,3.51187
1800,74,2.25816,5.09929
1800,75,2.57304,6.62052
1800,76,2.76369,7.638
1800,77,2.78227,7.74102
1800,78,2.59586,6.73847
1800,79,2.19318,4.81005
1800,80,1.58845,2.52316
1800,81,0.821476,0.674823
1800,82,-0.045714,0.00208977
1800,83,-0.935599,0.875346
1800,84,-1.76446,3.11333
1800,85,-2.45333,6.01882
1800,86,-2.93812,8.63256
1800,87,-3.17823,10.1011
1800,88,-3.16178,9.99682
1800,89,-2.90732,8.4525
1800,90,-2.46131,6.05804
1800,91,-1.8911,3.57627
1800,92,-1.2753,1.62639
1800,93,-0.692562,0.479643
1800,94,-0.21059,0.044348
1800,95,0.123671,0.0152944
1800,96,0.290318,0.0842847
1800,97,0.298201,0.0889241
1800,98,0.182753,0.0333987
1800,99,0,0
1810,0,0,0
1810,1,-0.184089,0.0338889
1810,2,-0.299307,0.0895847
1810,3,-0.288437,0.0831958
1810,4,-0.115166,0.0132632
1810,5,0.229394,0.0526217
1810,6,0.724419,0.524783
1810,7,1.32154,1.74648
1810,8,1.95136,3.80779
1810,9,2.53305,6.41635
1810,10,2.98573,8.9146
1810,11,3.24021,10.499
1810,12,3.24909,10.5566
1810,13,2.99355,8.96132
1810,14,2.48622,6.18128
1810,15,1.76974,3.13199
1810,16,0.910832,0.829615
1810,17,-0.00846844,7.17145e-05
1810,18,-0.901618,0.812915
1810,19,-1.68853,2.85113
1810,20,-2.30512,5.31358
1810,21,-2.71066,7.3477
1810,22,-2.89088,8.35717
1810,23,-2.85753,8.1655
1810,24,-2.64505,6.99631
1810,25,-2.30378,5.3074
1810,26,-1.89142,3.57748
1810,27,-1.46422,2.14394
1810,28,-1.06924,1.14328
1810,29,-0.738969,0.546075
1810,30,-0.488406,0.238541
1810,31,-0.315265,0.0993918
1810,32,-0.20282,0.041136
1810,33,-0.124796,0.015574
1810,34,-0.0511459,0.0026159
1810,35,0.0461896,0.00213348
1810,36,0.188115,0.0353873
1810,37,0.384981,0.14821
1810,38,0.635841,0.404294
1810,39,0.929645,0.86424
1810,40,1.24787,1.55719
1810,41,1.56852,2.46026
1810,42,1.87019,3.49762
1810,43,2.13539,4.55989
1810,44,2.35299,5.53656
1810,45,2.51902,6.34546
1810,46,2.63615,6.94927
1810,47,2.71173,7.35351
1810,48,2.75493,7.58964
1810,49,2.77408,7.69553
1810,50,2.77408,7.69553
1810,51,2.75493,7.58964
1810,52,2.71173,7.35351
1810,53,2.63615,6.94928
1810,54,2.51902,6.34547
1810,55,2.35299,5.53656
1810,56,2.13539,4.55988
1810,57,1.8702,3.49763
1810,58,1.56852,2.46027
1810,59,1.24787,1.55718
1810,60,0.929646,0.864241
1810,61,0.63584,0.404292
1810,62,0.384979,0.148209
1810,63,0.188114,0.035387
1810,64,0.0461904,0.00213355
1810,65,-0.0511461,0.00261592
1810,66,-0.124793,0.0155733
1810,67,-0.202817,0.0411346
1810,68,-0.315262,0.0993898
1810,69,-0.488404,0.238539
1810,70,-0.738968,0.546074
1810,71,-1.06924,1.14328
1810,72,-1.46422,2.14394
1810,73,-1.89142,3.57748
1810,74,-2.30378,5.30739
1810,75,-2.64505,6.99631
1810,76,-2.85753,8.16549
1810,77,-2.89088,8.35717
1810,78,-2.71066,7.34769
1810,79,-2.30512,5.31357
1810,80,-1.68853,2.85113
1810,81,-0.901616,0.812911
1810,82,-0.00846724,7.16942e-05
1810,83,0.910833,0.829617
1810,84,1.76974,3.13199
1810,85,2.48622,6.1813
1810,86,2.99355,8.96132
1810,87,3.24909,10.5566
1810,88,3.24021,10.499
1810,89,2.98573,8.91461
1810,90,2.53305,6.41634
1810,91,1.95136,3.80779
1810,92,1.32154,1.74647
1810,93,0.724417,0.524781
1810,94,0.229393,0.052621
1810,95,-0.115169,0.013264
1810,96,-0.288436,0.0831956
1810,97,-0.299306,0.089584
1810,98,-0.184089,0.0338887
1810,99,0,0
1820,0,0,0
1820,1,0.18541,0.0343769
1820,2,0.300734,0.0904409
1820,3,0.287144,0.0824515
1820,4,0.107371,0.0115285
1820,5,-0.247363,0.0611886
1820,6,-0.755119,0.570204
1820,7,-1.3658,1.86542
1820,8,-2.00788,4.03157
1820,9,-2.59854,6.75241
1820,10,-3.0555,9.33607
1820,11,-3.3085,10.9461
1820,12,-3.30942,10.9523
1820,13,-3.03934,9.23759
1820,14,-2.51169,6.30858
1820,15,-1.77061,3.13506
1820,16,-0.884995,0.783216
1820,17,0.0606108,0.00367367
1820,18,0.977018,0.954565
1820,19,1.78153,3.17386
1820,20,2.4082,5.79942
1820,21,2.81522,7.92549
1820,22,2.98853,8.9313
1820,23,2.94111,8.65014
1820,24,2.7087,7.33706
1820,25,2.3433,5.49107
1820,26,1.90485,3.62846
1820,27,1.45178,2.10767
1820,28,1.03299,1.06707
1820,29,0.682437,0.46572
1820,30,0.416273,0.173283
1820,31,0.232768,0.054181
1820,32,0.115159,0.0132616
1820,33,0.0366757,0.00134511
1820,34,-0.0336079,0.00112949
1820,35,-0.124669,0.0155423
1820,36,-0.258561,0.066854
1820,37,-0.447128,0.199923
1820,38,-0.690562,0.476876
1820,39,-0.978564,0.957587
1820,40,-1.29325,1.67251
1820,41,-1.61267,2.60071
1820,42,-1.91497,3.6671
1820,43,-2.18211,4.76163
1820,44,-2.40253,5.77215
1820,45,-2.57194,6.61486
1820,46,-2.6926,7.25009
1820,47,-2.77147,7.68103
1820,48,-2.81733,7.93738
1820,49,-2.838,8.05424
1820,50,-2.838,8.05424
1820,51,-2.81734,7.93739
1820,52,-2.77147,7.68104
1820,53,-2.6926,7.25009
1820,54,-2.57194,6.61486
1820,55,-2.40253,5.77213
1820,56,-2.18212,4.76163
1820,57,-1.91497,3.6671
1820,58,-1.61267,2.60071
1820,59,-1.29325,1.6725
1820,60,-0.978564,0.957588
1820,61,-0.690563,0.476878
1820,62,-0.447128,0.199924
1820,63,-0.258561,0.0668535
1820,64,-0.124671,0.0155428
1820,65,-0.033608,0.0011295
1820,66,0.0366767,0.00134518
1820,67,0.115162,0.0132622
1820,68,0.232766,0.0541802
1820,69,0.416272,0.173282
1820,70,0.682435,0.465718
1820,71,1.03299,1.06707
1820,72,1.45178,2.10767
1820,73,1.90485,3.62847
1820,74,2.3433,5.49106
1820,75,2.7087,7.33706
1820,76,2.94111,8.65014
1820,77,2.98853,8.93131
1820,78,2.81522,7.92549
1820,79,2.4082,5.79942
1820,80,1.78153,3.17386
1820,81,0.977017,0.954563
1820,82,0.06061,0.00367358
1820,83,-0.884995,0.783216
1820,84,-1.77061,3.13507
1820,85,-2.51169,6.30859
1820,86,-3.03934,9.2376
1820,87,-3.30942,10.9522
1820,88,-3.3085,10.9461
1820,89,-3.0555,9.33606
1820,90,-2.59854,6.75241
1820,91,-2.00788,4.03157
1820,92,-1.3658,1.86542
1820,93,-0.755117,0.570201
1820,94,-0.247364,0.0611888
1820,95,0.10737,0.0115284
1820,96,0.287143,0.0824512
1820,97,0.300733,0.09044
1820,98,0.18541,0.0343768
1820,99,0,0
1830,0,0,0
1830,1,-0.186803,0.0348953
1830,2,-0.302184,0.0913153
1830,3,-0.286392,0.0820206
1830,4,-0.101518,0.0103059
1830,5,0.261396,0.0683277
1830,6,0.779766,0.608035
1830,7,1.40225,1.9663
1830,8,2.05569,4.22587
1830,9,2.65533,7.05077
1830,10,3.11689,9.71503
1830,11,3.3686,11.3475
1830,12,3.36162,11.3005
1830,13,3.07735,9.47011
1830,14,2.5304,6.40291
1830,15,1.76676,3.12144
1830,16,0.857481,0.735274
1830,17,-0.110781,0.0122723
1830,18,-1.04667,1.09551
1830,19,-1.86557,3.48037
1830,20,-2.50015,6.25074
1830,21,-2.90781,8.45535
1830,22,-3.07439,9.4519
1830,23,-3.0134,9.08056
1830,24,-2.7619,7.62811
1830,25,-2.37379,5.63487
1830,26,-1.91073,3.65087
1830,27,-1.43317,2.05398
1830,28,-0.992118,0.984297
1830,29,-0.622951,0.388067
1830,30,-0.342689,0.117436
1830,31,-0.150149,0.0225446
1830,32,-0.0286043,0.000818205
1830,33,0.0493554,0.00243595
1830,34,0.115565,0.0133552
1830,35,0.200138,0.0400552
1830,36,0.326196,0.106404
1830,37,0.506437,0.256478
1830,38,0.742096,0.550707
1830,39,1.02368,1.04793
1830,40,1.33365,1.77864
1830,41,1.65035,2.72366
1830,42,1.95211,3.81072
1830,43,2.22077,4.93181
1830,44,2.44417,5.97397
1830,45,2.61738,6.85068
1830,46,2.74195,7.51829
1830,47,2.82406,7.97529
1830,48,2.87218,8.24942
1830,49,2.89398,8.37509
1830,50,2.89398,8.3751
1830,51,2.87218,8.2494
1830,52,2.82406,7.97529
1830,53,2.74195,7.51828
1830,54,2.61738,6.8507
1830,55,2.44417,5.97396
1830,56,2.22077,4.93182
1830,57,1.9521,3.81071
1830,58,1.65035,2.72367
1830,59,1.33366,1.77864
1830,60,1.02368,1.04793
1830,61,0.742096,0.550706
1830,62,0.506435,0.256476
1830,63,0.326198,0.106405
1830,64,0.200136,0.0400545
1830,65,0.115567,0.0133558
1830,66,0.0493564,0.00243605
1830,67,-0.0286029,0.000818127
1830,68,-0.15015,0.022545
1830,69,-0.342686,0.117434
1830,70,-0.622951,0.388068
1830,71,-0.992117,0.984295
1830,72,-1.43317,2.05398
1830,73,-1.91073,3.65089
1830,74,-2.37379,5.63487
1830,75,-2.7619,7.6281
1830,76,-3.0134,9.08058
1830,77,-3.0744,9.45191
1830,78,-2.90781,8.45537
1830,79,-2.50015,6.25074
1830,80,-1.86557,3.48036
1830,81,-1.04666,1.0955
1830,82,-0.110778,0.0122718
1830,83,0.857483,0.735277
1830,84,1.76676,3.12145
1830,85,2.5304,6.40291
1830,86,3.07735,9.47011
1830,87,3.36162,11.3005
1830,88,3.3686,11.3475
1830,89,3.11689,9.71503
1830,90,2.65533,7.05076
1830,91,2.05569,4.22587
1830,92,1.40225,1.96629
1830,93,0.779765,0.608034
1830,94,0.261394,0.0683269
1830,95,-0.101519,0.0103061
1830,96,-0.286393,0.0820207
1830,97,-0.302185,0.0913159
1830,98,-0.186805,0.0348961
1830,99,0,0
1840,0,0,0
1840,1,0.18862,0.0355774
1840,2,0.304312,0.0926056
1840,3,0.286322,0.0819802
1840,4,0.0965499,0.00932188
1840,5,-0.273745,0.0749361
1840,6,-0.801466,0.642348
1840,7,-1.43409,2.05662
1840,8,-2.09692,4.39708
1840,9,-2.70357,7.30929
1840,10,-3.16819,10.0374
1840,11,-3.41793,11.6822
1840,12,-3.40334,11.5827
1840,13,-3.10613,9.64802
1840,14,-2.54199,6.46171
1840,15,-1.75838,3.0919
1840,16,-0.828123,0.685788
1840,17,0.160004,0.0256013
1840,18,1.11245,1.23754
1840,19,1.94304,3.77542
1840,20,2.58346,6.67427
1840,21,2.99052,8.94322
1840,22,3.14979,9.92119
1840,23,3.07534,9.45773
1840,24,2.80558,7.8713
1840,25,2.39593,5.74047
1840,26,1.90993,3.64782
1840,27,1.40988,1.98776
1840,28,0.948326,0.899323
1840,29,0.562106,0.315963
1840,30,0.269124,0.0724279
1840,31,0.0683,0.00466489
1840,32,-0.0572056,0.00327248
1840,33,-0.13501,0.0182277
1840,34,-0.197513,0.0390113
1840,35,-0.27552,0.0759115
1840,36,-0.393116,0.15454
1840,37,-0.564252,0.318381
1840,38,-0.791018,0.625709
1840,39,-1.06468,1.13355
1840,40,-1.36851,1.87283
1840,41,-1.68134,2.8269
1840,42,-1.98145,3.92614
1840,43,-2.25054,5.06492
1840,44,-2.4762,6.13156
1840,45,-2.65289,7.03785
1840,46,-2.78152,7.73686
1840,47,-2.86762,8.22326
1840,48,-2.91886,8.51972
1840,49,-2.94233,8.65729
1840,50,-2.94233,8.65728
1840,51,-2.91886,8.51973
1840,52,-2.86762,8.22327
1840,53,-2.78152,7.73686
1840,54,-2.65289,7.03784
1840,55,-2.4762,6.13157
1840,56,-2.25054,5.06492
1840,57,-1.98145,3.92614
1840,58,-1.68134,2.82689
1840,59,-1.36851,1.87283
1840,60,-1.06468,1.13355
1840,61,-0.791018,0.625709
1840,62,-0.564248,0.318376
1840,63,-0.393117,0.154541
1840,64,-0.275517,0.0759094
1840,65,-0.197512,0.0390111
1840,66,-0.135007,0.0182269
1840,67,-0.0572055,0.00327247
1840,68,0.0683031,0.00466531
1840,69,0.269125,0.072428
1840,70,0.562108,0.315966
1840,71,0.948325,0.89932
1840,72,1.40988,1.98776
1840,73,1.90993,3.64782
1840,74,2.39593,5.74046
1840,75,2.80559,7.87132
1840,76,3.07534,9.45773
1840,77,3.14979,9.9212
1840,78,2.99052,8.94322
1840,79,2.58346,6.67428
1840,80,1.94304,3.77541
1840,81,1.11245,1.23754
1840,82,0.160003,0.025601
1840,83,-0.828124,0.68579
1840,84,-1.75838,3.09191
1840,85,-2.54199,6.46171
1840,86,-3.10613,9.64802
1840,87,-3.40334,11.5827
1840,88,-3.41792,11.6822
1840,89,-3.16819,10.0374
1840,90,-2.70357,7.30929
1840,91,-2.09692,4.39707
1840,92,-1.43409,2.05662
1840,93,-0.801465,0.642347
1840,94,-0.273743,0.0749353
1840,95,0.0965487,0.00932166
1840,96,0.286323,0.0819808
1840,97,0.304313,0.0926063
1840,98,0.18862,0.0355773
1840,99,0,0
1850,0,0,0
1850,1,-0.18901,0.0357249
1850,2,-0.303929,0.0923728
1850,3,-0.283362,0.0802943
1850,4,-0.0890177,0.00792415
1850,5,0.287509,0.0826614
1850,6,0.822416,0.676369
1850,7,1.46222,2.13808
1850,8,2.13105,4.54136
1850,9,2.74142,7.51539
1850,10,3.20659,10.2822
1850,11,3.45296,11.923
1850,12,3.43102,11.7719
1850,13,3.12279,9.75183
1850,14,2.54444,6.47418
1850,15,1.74429,3.04255
1850,16,0.796686,0.634709
1850,17,-0.207793,0.0431778
1850,18,-1.17394,1.37813
1850,19,-2.01393,4.05591
1850,20,-2.65813,7.06567
1850,21,-3.06294,9.3816
1850,22,-3.21423,10.3313
1850,23,-3.12673,9.77647
1850,24,-2.83989,8.06497
1850,25,-2.41062,5.81109
1850,26,-1.90397,3.62509
1850,27,-1.38339,1.91376
1850,28,-0.902699,0.814866
1850,29,-0.499992,0.249992
1850,30,-0.194214,0.0377193
1850,31,0.0149134,0.000222411
1850,32,0.144121,0.0207709
1850,33,0.221309,0.0489775
1850,34,0.279379,0.0780527
1850,35,0.350186,0.12263
1850,36,0.458955,0.21064
1850,37,0.620482,0.384998
1850,38,0.837944,0.702151
1850,39,1.10361,1.21795
1850,40,1.40105,1.96294
1850,41,1.7092,2.92137
1850,42,2.00662,4.02653
1850,43,2.27498,5.17552
1850,44,2.50156,6.2578
1850,45,2.68041,7.1846
1850,46,2.81187,7.90662
1850,47,2.901,8.41578
1850,48,2.95486,8.73118
1850,49,2.97991,8.87986
1850,50,2.97991,8.87987
1850,51,2.95486,8.7312
1850,52,2.901,8.41577
1850,53,2.81187,7.90664
1850,54,2.68041,7.18461
1850,55,2.50156,6.25781
1850,56,2.27497,5.17551
1850,57,2.00662,4.02654
1850,58,1.7092,2.92136
1850,59,1.40105,1.96294
1850,60,1.10361,1.21794
1850,61,0.837944,0.702151
1850,62,0.620481,0.384997
1850,63,0.458957,0.210641
1850,64,0.350188,0.122631
1850,65,0.279378,0.0780522
1850,66,0.221308,0.0489773
1850,67,0.144122,0.0207712
1850,68,0.0149124,0.00022238
1850,69,-0.194216,0.0377199
1850,70,-0.499994,0.249994
1850,71,-0.902701,0.814869
1850,72,-1.38339,1.91377
1850,73,-1.90397,3.6251
1850,74,-2.41062,5.8111
1850,75,-2.83989,8.06497
1850,76,-3.12674,9.77648
1850,77,-3.21423,10.3313
1850,78,-3.06294,9.38161
1850,79,-2.65813,7.06566
1850,80,-2.01393,4.05591
1850,81,-1.17394,1.37813
1850,82,-0.207792,0.0431773
1850,83,0.796687,0.63471
1850,84,1.74429,3.04255
1850,85,2.54444,6.47418
1850,86,3.12279,9.75183
1850,87,3.43102,11.7719
1850,88,3.45296,11.923
1850,89,3.20659,10.2822
1850,90,2.74142,7.5154
1850,91,2.13104,4.54135
1850,92,1.46222,2.13808
1850,93,0.822415,0.676367
1850,94,0.287511,0.0826625
1850,95,-0.0890159,0.00792383
1850,96,-0.283363,0.0802946
1850,97,-0.303927,0.0923717
1850,98,-0.189014,0.0357261
1850,99,0,0
1860,0,0,0
1860,1,0.186948,0.0349496
1860,2,0.299726,0.0898355
1860,3,0.276691,0.0765577
1860,4,0.0792194,0.00627571
1860,5,-0.301192,0.0907167
1860,6,-0.840642,0.70668
1860,7,-1.48531,2.20615
1860,8,-2.15851,4.65915
1860,9,-2.77153,7.68136
1860,10,-3.23643,10.4745
1860,11,-3.47901,12.1035
1860,12,-3.44959,11.8997
1860,13,-3.13031,9.79882
1860,14,-2.53821,6.44251
1860,15,-1.72305,2.96891
1860,16,-0.760623,0.578547
1860,17,0.256975,0.0660364
1860,18,1.23332,1.52108
1860,19,2.07977,4.32546
1860,20,2.72595,7.43083
1860,21,3.12761,9.78194
1860,22,3.27062,10.697
1860,23,3.1703,10.0508
1860,24,2.86693,8.21926
1860,25,2.41842,5.84874
1860,26,1.89121,3.57666
1860,27,1.35057,1.82403
1860,28,0.851782,0.725533
1860,29,0.433992,0.188349
1860,30,0.116937,0.0136743
1860,31,-0.099264,0.00985333
1860,32,-0.231287,0.0534936
1860,33,-0.307437,0.0945174
1860,34,-0.361234,0.13049
1860,35,-0.425038,0.180657
1860,36,-0.524778,0.275392
1860,37,-0.676277,0.457351
1860,38,-0.883613,0.780772
1860,39,-1.13977,1.29907
1860,40,-1.42926,2.04279
1860,41,-1.73177,2.99904
1860,42,-2.02592,4.10434
1860,43,-2.2931,5.25829
1860,44,-2.52013,6.35107
1860,45,-2.7004,7.29215
1860,46,-2.8336,8.0293
1860,47,-2.92415,8.55067
1860,48,-2.97883,8.87344
1860,49,-3.0042,9.02524
1860,50,-3.0042,9.02522
1860,51,-2.97883,8.87344
1860,52,-2.92415,8.55067
1860,53,-2.83361,8.02932
1860,54,-2.7004,7.29217
1860,55,-2.52013,6.35107
1860,56,-2.2931,5.25829
1860,57,-2.02592,4.10434
1860,58,-1.73177,2.99904
1860,59,-1.42926,2.04279
1860,60,-1.13977,1.29907
1860,61,-0.88361,0.780766
1860,62,-0.676277,0.457351
1860,63,-0.524777,0.275391
1860,64,-0.42504,0.180659
1860,65,-0.361234,0.13049
1860,66,-0.30744,0.0945196
1860,67,-0.231287,0.0534936
1860,68,-0.0992614,0.00985283
1860,69,0.116938,0.0136744
1860,70,0.433993,0.18835
1860,71,0.851783,0.725535
1860,72,1.35057,1.82403
1860,73,1.8912,3.57666
1860,74,2.41842,5.84876
1860,75,2.86692,8.21925
1860,76,3.1703,10.0508
1860,77,3.27062,10.697
1860,78,3.12761,9.78195
1860,79,2.72595,7.43081
1860,80,2.07977,4.32546
1860,81,1.23332,1.52107
1860,82,0.256974,0.0660356
1860,83,-0.760623,0.578547
1860,84,-1.72305,2.96891
1860,85,-2.53821,6.44252
1860,86,-3.13031,9.79883
1860,87,-3.44959,11.8997
1860,88,-3.47901,12.1035
1860,89,-3.23644,10.4745
1860,90,-2.77152,7.68135
1860,91,-2.15851,4.65916
1860,92,-1.48531,2.20615
1860,93,-0.840643,0.70668
1860,94,-0.301194,0.0907178
1860,95,0.0792182,0.00627552
1860,96,0.276691,0.0765576
1860,97,0.299727,0.0898365
1860,98,0.186948,0.0349496
1860,99,0,0
1870,0,0,0
1870,1,-0.184803,0.0341522
1870,2,-0.295185,0.087134
1870,3,-0.269222,0.0724804
1870,4,-0.0681921,0.00465017
1870,5,0.316137,0.0999426
1870,6,0.859146,0.738132
1870,7,1.50628,2.26888
1870,8,2.18041,4.75419
1870,9,2.79261,7.79867
1870,10,3.25479,10.5937
1870,11,3.49247,12.1973
1870,12,3.45594,11.9435
1870,13,3.12762,9.78201
1870,14,2.52486,6.37493
1870,15,1.69805,2.88337
1870,16,0.724199,0.524464
1870,17,-0.303435,0.0920729
1870,18,-1.28741,1.65743
1870,19,-2.13809,4.57142
1870,20,-2.78455,7.75372
1870,21,-3.18232,10.1272
1870,22,-3.31711,11.0032
1870,23,-3.20443,10.2684
1870,24,-2.88542,8.32567
1870,25,-2.41928,5.85293
1870,26,-1.87371,3.5108
1870,27,-1.31516,1.72964
1870,28,-0.799966,0.639946
1870,29,-0.368197,0.135569
1870,30,-0.0403256,0.00162615
1870,31,0.18305,0.0335074
1870,32,0.318278,0.101301
1870,33,0.393656,0.154965
1870,34,0.443016,0.196264
1870,35,0.499298,0.249298
1870,36,0.589386,0.347376
1870,37,0.730182,0.533166
1870,38,0.926623,0.858629
1870,39,1.17259,1.37497
1870,40,1.45339,2.11234
1870,41,1.74908,3.0593
1870,42,2.03846,4.15531
1870,43,2.30288,5.30327
1870,44,2.52896,6.39565
1870,45,2.70983,7.34318
1870,46,2.84477,8.09273
1870,47,2.93754,8.62915
1870,48,2.99426,8.96559
1870,49,3.02083,9.1254
1870,50,3.02083,9.12539
1870,51,2.99426,8.96559
1870,52,2.93754,8.62916
1870,53,2.84477,8.09271
1870,54,2.70983,7.34318
1870,55,2.52896,6.39565
1870,56,2.30288,5.30328
1870,57,2.03846,4.15531
1870,58,1.74908,3.05929
1870,59,1.45339,2.11234
1870,60,1.17259,1.37497
1870,61,0.926621,0.858627
1870,62,0.730179,0.533162
1870,63,0.589386,0.347376
1870,64,0.499296,0.249297
1870,65,0.443017,0.196264
1870,66,0.393654,0.154963
1870,67,0.318276,0.1013
1870,68,0.183048,0.0335067
1870,69,-0.0403241,0.00162603
1870,70,-0.368198,0.13557
1870,71,-0.799965,0.639944
1870,72,-1.31516,1.72964
1870,73,-1.87371,3.5108
1870,74,-2.41928,5.85292
1870,75,-2.88542,8.32565
1870,76,-3.20443,10.2684
1870,77,-3.31711,11.0032
1870,78,-3.18232,10.1271
1870,79,-2.78455,7.75371
1870,80,-2.13809,4.57141
1870,81,-1.28741,1.65743
1870,82,-0.303435,0.0920727
1870,83,0.724197,0.524462
1870,84,1.69805,2.88337
1870,85,2.52486,6.37493
1870,86,3.12762,9.78201
1870,87,3.45594,11.9435
1870,88,3.49247,12.1973
1870,89,3.25479,10.5937
1870,90,2.79261,7.79868
1870,91,2.18041,4.7542
1870,92,1.50628,2.26889
1870,93,0.859148,0.738135
1870,94,0.316138,0.0999434
1870,95,-0.0681929,0.00465027
1870,96,-0.269222,0.0724804
1870,97,-0.295185,0.0871342
1870,98,-0.184803,0.0341521
1870,99,0,0
1880,0,0,0
1880,1,0.181518,0.0329489
1880,2,0.288856,0.083438
1880,3,0.260187,0.0676974
1880,4,0.0569381,0.00324195
1880,5,-0.329017,0.108252
1880,6,-0.872944,0.762032
1880,7,-1.52007,2.31061
1880,8,-2.19295,4.80904
1880,9,-2.80234,7.8531
1880,10,-3.26018,10.6288
1880,11,-3.49229,12.1961
1880,12,-3.44909,11.8962
1880,13,-3.11317,9.69181
1880,14,-2.50226,6.2613
1880,15,-1.66724,2.77969
1880,16,-0.685529,0.46995
1880,17,0.348856,0.1217
1880,18,1.33737,1.78857
1880,19,2.18956,4.79416
1880,20,2.8341,8.03215
1880,21,3.22634,10.4093
1880,22,3.35214,11.2369
1880,23,3.22757,10.4172
1880,24,2.89436,8.37729
1880,25,2.41249,5.82012
1880,26,1.85048,3.42429
1880,27,1.27548,1.62686
1880,28,0.744871,0.554832
1880,29,0.299796,0.0898779
1880,30,-0.0382694,0.00146455
1880,31,-0.26788,0.0717595
1880,32,-0.405219,0.164202
1880,33,-0.478712,0.229166
1880,34,-0.522667,0.273181
1880,35,-0.570933,0.325964
1880,36,-0.651101,0.423933
1880,37,-0.780721,0.609525
1880,38,-0.965816,0.932801
1880,39,-1.20115,1.44277
1880,40,-1.47252,2.16833
1880,41,-1.7604,3.09902
1880,42,-2.04395,4.17771
1880,43,-2.30458,5.3111
1880,44,-2.52881,6.39487
1880,45,-2.7095,7.34138
1880,46,-2.84543,8.09647
1880,47,-2.93986,8.64278
1880,48,-2.99826,8.98957
1880,49,-3.02583,9.15563
1880,50,-3.02583,9.15563
1880,51,-2.99826,8.98956
1880,52,-2.93986,8.64278
1880,53,-2.84543,8.09646
1880,54,-2.7095,7.34137
1880,55,-2.52881,6.39487
1880,56,-2.30458,5.3111
1880,57,-2.04395,4.17771
1880,58,-1.7604,3.09901
1880,59,-1.47252,2.16832
1880,60,-1.20116,1.44278
1880,61,-0.965817,0.932803
1880,62,-0.780722,0.609527
1880,63,-0.651097,0.423928
1880,64,-0.570932,0.325963
1880,65,-0.522666,0.27318
1880,66,-0.478712,0.229165
1880,67,-0.40522,0.164203
1880,68,-0.267879,0.0717591
1880,69,-0.0382735,0.00146486
1880,70,0.299795,0.0898768
1880,71,0.744871,0.554833
1880,72,1.27548,1.62686
1880,73,1.85048,3.42428
1880,74,2.41249,5.82012
1880,75,2.89436,8.3773
1880,76,3.22757,10.4172
1880,77,3.35214,11.2368
1880,78,3.22634,10.4093
1880,79,2.8341,8.03214
1880,80,2.18956,4.79416
1880,81,1.33737,1.78857
1880,82,0.348856,0.121701
1880,83,-0.685528,0.469948
1880,84,-1.66724,2.77968
1880,85,-2.50226,6.2613
1880,86,-3.11317,9.69181
1880,87,-3.44909,11.8962
1880,88,-3.49229,12.1961
1880,89,-3.26018,10.6288
1880,90,-2.80234,7.8531
1880,91,-2.19295,4.80904
1880,92,-1.52007,2.31062
1880,93,-0.872945,0.762033
1880,94,-0.329017,0.108252
1880,95,0.0569401,0.00324217
1880,96,0.260187,0.0676971
1880,97,0.288855,0.0834375
1880,98,0.181519,0.0329491
1880,99,0,0
1890,0,0,0
1890,1,-0.178636,0.0319109
1890,2,-0.283221,0.0802141
1890,3,-0.252403,0.0637071
1890,4,-0.0480409,0.00230793
1890,5,0.337834,0.114132
1890,6,0.880447,0.775187
1890,7,1.52496,2.32551
1890,8,2.19405,4.81387
1890,9,2.79877,7.83311
1890,10,3.25105,10.5693
1890,11,3.47667,12.0873
1890,12,3.42643,11.7404
1890,13,3.08345,9.50768
1890,14,2.46613,6.08181
1890,15,1.62587,2.64345
1890,16,0.640576,0.410338
1890,17,-0.395319,0.156277
1890,18,-1.38327,1.91343
1890,19,-2.2329,4.98586
1890,20,-2.87274,8.25262
1890,21,-3.25796,10.6143
1890,22,-3.37434,11.3862
1890,23,-3.23807,10.4851
1890,24,-2.89138,8.36009
1890,25,-2.3947,5.73458
1890,26,-1.81736,3.3028
1890,27,-1.22758,1.50696
1890,28,-0.68376,0.467528
1890,29,-0.227964,0.0519676
1890,30,0.117951,0.0139124
1890,31,0.352366,0.124162
1890,32,0.49104,0.24112
1890,33,0.562316,0.316199
1890,34,0.600797,0.360957
1890,35,0.640649,0.410431
1890,36,0.710073,0.504204
1890,37,0.827524,0.684796
1890,38,1.00001,1.00001
1890,39,1.22318,1.49618
1890,40,1.48365,2.20123
1890,41,1.76265,3.10692
1890,42,2.0398,4.16079
1890,43,2.29668,5.27474
1890,44,2.51939,6.34735
1890,45,2.70002,7.29012
1890,46,2.83668,8.04676
1890,47,2.93206,8.597
1890,48,2.9912,8.94725
1890,49,3.0192,9.11557
1890,50,3.0192,9.11557
1890,51,2.99119,8.94723
1890,52,2.93206,8.597
1890,53,2.83668,8.04676
1890,54,2.70002,7.29012
1890,55,2.5194,6.34736
1890,56,2.29668,5.27474
1890,57,2.0398,4.16078
1890,58,1.76265,3.10693
1890,59,1.48365,2.20123
1890,60,1.22319,1.49618
1890,61,1.00001,1.00002
1890,62,0.827527,0.6848
1890,63,0.710073,0.504203
1890,64,0.640653,0.410436
1890,65,0.600798,0.360958
1890,66,0.562319,0.316202
1890,67,0.491042,0.241122
1890,68,0.352367,0.124162
1890,69,0.11795,0.0139122
1890,70,-0.227963,0.0519672
1890,71,-0.683759,0.467527
1890,72,-1.22758,1.50696
1890,73,-1.81736,3.3028
1890,74,-2.3947,5.73457
1890,75,-2.89138,8.36009
1890,76,-3.23807,10.4851
1890,77,-3.37434,11.3862
1890,78,-3.25796,10.6143
1890,79,-2.87274,8.25261
1890,80,-2.2329,4.98585
1890,81,-1.38327,1.91342
1890,82,-0.395319,0.156277
1890,83,0.640576,0.410338
1890,84,1.62587,2.64344
1890,85,2.46613,6.08182
1890,86,3.08345,9.50769
1890,87,3.42643,11.7404
1890,88,3.47668,12.0873
1890,89,3.25105,10.5693
1890,90,2.79877,7.83312
1890,91,2.19405,4.81388
1890,92,1.52496,2.32552
1890,93,0.880447,0.775186
1890,94,0.337832,0.114131
1890,95,-0.0480405,0.00230789
1890,96,-0.252403,0.0637072
1890,97,-0.283219,0.0802131
1890,98,-0.178634,0.03191
1890,99,0,0
1900,0,0,0
1900,1,0.175398,0.0307645
1900,2,0.277294,0.0768921
1900,3,0.244744,0.0598997
1900,4,0.0399596,0.00159677
1900,5,-0.344676,0.118802
1900,6,-0.884407,0.782176
1900,7,-1.52477,2.32493
1900,8,-2.18855,4.78975
1900,9,-2.78685,7.76652
1900,10,-3.23214,10.4467
1900,11,-3.45084,11.9083
1900,12,-3.39412,11.5201
1900,13,-3.04554,9.27532
1900,14,-2.42386,5.87508
1900,15,-1.58091,2.49928
1900,16,-0.594928,0.35394
1900,17,0.439702,0.193338
1900,18,1.42441,2.02894
1900,19,2.26867,5.14685
1900,20,2.90096,8.41556
1900,21,3.27675,10.7371
1900,22,3.38232,11.4401
1900,23,3.23435,10.461
1900,24,2.8754,8.26792
1900,25,2.36626,5.59919
1900,26,1.77651,3.15599
1900,27,1.17485,1.38028
1900,28,0.620268,0.384732
1900,29,0.155356,0.0241354
1900,30,-0.19728,0.0389194
1900,31,-0.435509,0.189668
1900,32,-0.57495,0.330567
1900,33,-0.643781,0.414454
1900,34,-0.67645,0.457585
1900,35,-0.707471,0.500515
1900,36,-0.765951,0.586681
1900,37,-0.871203,0.758996
1900,38,-1.03091,1.06278
1900,39,-1.24165,1.5417
1900,40,-1.49093,2.22286
1900,41,-1.76057,3.0996
1900,42,-2.03057,4.1232
1900,43,-2.28257,5.21012
1900,44,-2.50246,6.26229
1900,45,-2.68196,7.19293
1900,46,-2.81875,7.94536
1900,47,-2.91503,8.49738
1900,48,-2.97529,8.85234
1900,49,-3.00408,9.02451
1900,50,-3.00408,9.0245
1900,51,-2.97529,8.85233
1900,52,-2.91503,8.49738
1900,53,-2.81875,7.94537
1900,54,-2.68196,7.19291
1900,55,-2.50245,6.26228
1900,56,-2.28257,5.21013
1900,57,-2.03057,4.12321
1900,58,-1.76057,3.0996
1900,59,-1.49093,2.22286
1900,60,-1.24165,1.5417
1900,61,-1.03092,1.06279
1900,62,-0.871203,0.758994
1900,63,-0.765954,0.586686
1900,64,-0.707472,0.500517
1900,65,-0.67645,0.457585
1900,66,-0.643784,0.414458
1900,67,-0.57495,0.330567
1900,68,-0.435511,0.18967
1900,69,-0.197281,0.0389199
1900,70,0.155355,0.0241352
1900,71,0.620269,0.384733
1900,72,1.17485,1.38028
1900,73,1.77651,3.156
1900,74,2.36626,5.59919
1900,75,2.8754,8.26793
1900,76,3.23435,10.461
1900,77,3.38232,11.4401
1900,78,3.27675,10.7371
1900,79,2.90096,8.41558
1900,80,2.26867,5.14685
1900,81,1.42441,2.02894
1900,82,0.439701,0.193337
1900,83,-0.594929,0.35394
1900,84,-1.58091,2.49928
1900,85,-2.42386,5.87509
1900,86,-3.04554,9.27532
1900,87,-3.39412,11.5201
1900,88,-3.45084,11.9083
1900,89,-3.23214,10.4467
1900,90,-2.78685,7.76651
1900,91,-2.18855,4.78977
1900,92,-1.52477,2.32494
1900,93,-0.884412,0.782184
1900,94,-0.344676,0.118801
1900,95,0.0399616,0.00159693
1900,96,0.244745,0.0598999
1900,97,0.277295,0.0768923
1900,98,0.175398,0.0307646
1900,99,0,0
1910,0,0,0
1910,1,-0.171311,0.0293474
1910,2,-0.269774,0.0727778
1910,3,-0.235005,0.0552272
1910,4,-0.0297066,0.000882481
1910,5,0.353471,0.124942
1910,6,0.889485,0.791184
1910,7,1.52372,2.32172
1910,8,2.17956,4.75047
1910,9,2.76892,7.66694
1910,10,3.20494,10.2716
1910,11,3.41493,11.6618
1910,12,3.35114,11.2301
1910,13,2.99769,8.98617
1910,14,2.3736,5.63398
1910,15,1.53078,2.3433
1910,16,0.547519,0.299778
1910,17,-0.481931,0.232258
1910,18,-1.45939,2.12982
1910,19,-2.29488,5.26649
1910,20,-2.91739,8.51115
1910,21,-3.28277,10.7766
1910,22,-3.37786,11.4099
1910,23,-3.21953,10.3654
1910,24,-2.85025,8.12392
1910,25,-2.33089,5.43306
1910,26,-1.73124,2.99719
1910,27,-1.12019,1.25483
1910,28,-0.557035,0.310288
1910,29,-0.0846994,0.00717398
1910,30,0.27381,0.0749719
1910,31,0.515817,0.266067
1910,32,0.656209,0.43061
1910,33,0.722681,0.522268
1910,34,0.749822,0.562233
1910,35,0.772439,0.596662
1910,36,0.819941,0.672304
1910,37,0.912477,0.832615
1910,38,1.05868,1.12081
1910,39,1.25591,1.57731
1910,40,1.49267,2.22808
1910,41,1.75161,3.06812
1910,42,2.0131,4.05255
1910,43,2.25895,5.10287
1910,44,2.47521,6.12667
1910,45,2.65352,7.04116
1910,46,2.79084,7.78876
1910,47,2.88843,8.34302
1910,48,2.94998,8.70237
1910,49,2.97944,8.87708
1910,50,2.97944,8.87707
1910,51,2.94998,8.70238
1910,52,2.88843,8.34301
1910,53,2.79083,7.78875
1910,54,2.65352,7.04116
1910,55,2.47521,6.12668
1910,56,2.25895,5.10287
1910,57,2.0131,4.05255
1910,58,1.7516,3.06812
1910,59,1.49267,2.22808
1910,60,1.25591,1.57731
1910,61,1.05868,1.12081
1910,62,0.912478,0.832617
1910,63,0.819943,0.672307
1910,64,0.772441,0.596666
1910,65,0.749824,0.562235
1910,66,0.722682,0.522269
1910,67,0.65621,0.430611
1910,68,0.515819,0.266069
1910,69,0.273809,0.0749713
1910,70,-0.0847005,0.00717418
1910,71,-0.557036,0.310289
1910,72,-1.12019,1.25483
1910,73,-1.73124,2.9972
1910,74,-2.33089,5.43307
1910,75,-2.85025,8.12393
1910,76,-3.21953,10.3654
1910,77,-3.37786,11.4099
1910,78,-3.28278,10.7766
1910,79,-2.91739,8.51115
1910,80,-2.29488,5.26649
1910,81,-1.45939,2.12983
1910,82,-0.48193,0.232257
1910,83,0.547517,0.299775
1910,84,1.53078,2.3433
1910,85,2.3736,5.63397
1910,86,2.99769,8.98616
1910,87,3.35114,11.2301
1910,88,3.41493,11.6618
1910,89,3.20494,10.2716
1910,90,2.76892,7.66695
1910,91,2.17956,4.75048
1910,92,1.52372,2.32172
1910,93,0.889487,0.791187
1910,94,0.353475,0.124944
1910,95,-0.0297056,0.000882423
1910,96,-0.235005,0.0552272
1910,97,-0.269774,0.0727779
1910,98,-0.171309,0.0293468
1910,99,0,0
1920,0,0,0
1920,1,0.165925,0.0275311
1920,2,0.260111,0.0676577
1920,3,0.223067,0.0497587
1920,4,0.0180669,0.000326411
1920,5,-0.361875,0.130953
1920,6,-0.891912,0.795508
1920,7,-1.51806,2.30449
1920,8,-2.1642,4.68375
1920,9,-2.74299,7.52399
1920,10,-3.16867,10.0405
1920,11,-3.36959,11.3541
1920,12,-3.29866,10.8812
1920,13,-2.94071,8.6478
1920,14,-2.31547,5.36141
1920,15,-1.47512,2.17599
1920,16,-0.497583,0.247589
1920,17,0.523518,0.274071
1920,18,1.4907,2.2222
1920,19,2.31472,5.35795
1920,20,2.9255,8.55857
1920,21,3.27958,10.7556
1920,22,3.36376,11.3149
1920,23,3.19507,10.2084
1920,24,2.81623,7.93113
1920,25,2.28806,5.23521
1920,26,1.68038,2.82367
1920,27,1.06215,1.12815
1920,28,0.492534,0.24259
1920,29,0.0145003,0.000210257
1920,30,-0.348604,0.121525
1920,31,-0.593387,0.352108
1920,32,-0.734279,0.539165
1920,33,-0.798748,0.637998
1920,34,-0.82102,0.674074
1920,35,-0.835957,0.698823
1920,36,-0.873137,0.762368
1920,37,-0.952857,0.907937
1920,38,-1.08464,1.17644
1920,39,-1.26725,1.60591
1920,40,-1.4902,2.22068
1920,41,-1.73699,3.01715
1920,42,-1.98889,3.95567
1920,43,-2.22803,4.9641
1920,44,-2.44026,5.95487
1920,45,-2.6167,6.8471
1920,46,-2.7537,7.58284
1920,47,-2.85181,8.1328
1920,48,-2.91404,8.49164
1920,49,-2.944,8.66715
1920,50,-2.94401,8.66717
1920,51,-2.91404,8.49162
1920,52,-2.85181,8.13281
1920,53,-2.7537,7.58285
1920,54,-2.6167,6.8471
1920,55,-2.44026,5.95486
1920,56,-2.22802,4.96409
1920,57,-1.98889,3.95568
1920,58,-1.73699,3.01715
1920,59,-1.49019,2.22068
1920,60,-1.26725,1.60591
1920,61,-1.08463,1.17643
1920,62,-0.952857,0.907937
1920,63,-0.873135,0.762365
1920,64,-0.835956,0.698823
1920,65,-0.82102,0.674074
1920,66,-0.798747,0.637997
1920,67,-0.734279,0.539165
1920,68,-0.593387,0.352108
1920,69,-0.348609,0.121528
1920,70,0.0145001,0.000210254
1920,71,0.492534,0.24259
1920,72,1.06214,1.12815
1920,73,1.68038,2.82367
1920,74,2.28806,5.2352
1920,75,2.81623,7.93113
1920,76,3.19507,10.2084
1920,77,3.36376,11.3148
1920,78,3.27958,10.7556
1920,79,2.9255,8.55855
1920,80,2.31472,5.35795
1920,81,1.49071,2.22221
1920,82,0.523518,0.274071
1920,83,-0.497583,0.247588
1920,84,-1.47512,2.17599
1920,85,-2.31547,5.3614
1920,86,-2.94072,8.64781
1920,87,-3.29866,10.8811
1920,88,-3.36959,11.3541
1920,89,-3.16867,10.0405
1920,90,-2.74299,7.52399
1920,91,-2.1642,4.68376
1920,92,-1.51805,2.30449
1920,93,-0.891914,0.795511
1920,94,-0.361878,0.130956
1920,95,0.0180648,0.000326336
1920,96,0.223063,0.0497571
1920,97,0.260112,0.0676583
1920,98,0.165924,0.0275308
1920,99,0,0
1930,0,0,0
1930,1,-0.16023,0.0256735
1930,2,-0.249903,0.0624515
1930,3,-0.210814,0.0444427
1930,4,-0.00699081,4.88714e-05
1930,5,0.368578,0.13585
1930,6,0.891287,0.794392
1930,7,1.50732,2.27203
1930,8,2.14128,4.58506
1930,9,2.70726,7.32926
1930,10,3.12101,9.7407
1930,11,3.31199,10.9693
1930,12,3.23414,10.4597
1930,13,2.87314,8.25495
1930,14,2.24899,5.05795
1930,15,1.41368,1.99849
1930,16,0.444616,0.197683
1930,17,-0.565248,0.319505
1930,18,-1.51932,2.30835
1930,19,-2.32936,5.42594
1930,20,-2.92599,8.56142
1930,21,-3.2665,10.67
1930,22,-3.3386,11.1462
1930,23,-3.15964,9.98334
1930,24,-2.77228,7.68552
1930,25,-2.23711,5.00467
1930,26,-1.62354,2.63589
1930,27,-1.00009,1.00018
1930,28,-0.425834,0.181335
1930,29,0.0560926,0.00314639
1930,30,0.422196,0.17825
1930,31,0.668811,0.447308
1930,32,0.809727,0.655658
1930,33,0.871929,0.76026
1930,34,0.889438,0.7911
1930,35,0.896676,0.804029
1930,36,0.923223,0.852341
1930,37,0.990153,0.980404
1930,38,1.10775,1.22712
1930,39,1.2755,1.62691
1930,40,1.48403,2.20233
1930,41,1.71794,2.95131
1930,42,1.95904,3.83784
1930,43,2.18989,4.7956
1930,44,2.39657,5.74353
1930,45,2.56996,6.60471
1930,46,2.70598,7.32234
1930,47,2.80449,7.86517
1930,48,2.86764,8.22339
1930,49,2.89828,8.40003
1930,50,2.89828,8.40004
1930,51,2.86764,8.22337
1930,52,2.80449,7.86517
1930,53,2.70599,7.32236
1930,54,2.56996,6.60472
1930,55,2.39657,5.74353
1930,56,2.18989,4.79562
1930,57,1.95904,3.83783
1930,58,1.71794,2.95131
1930,59,1.48403,2.20233
1930,60,1.2755,1.6269
1930,61,1.10775,1.22712
1930,62,0.990154,0.980404
1930,63,0.923225,0.852344
1930,64,0.896676,0.804028
1930,65,0.889438,0.7911
1930,66,0.87193,0.760262
1930,67,0.809727,0.655658
1930,68,0.668809,0.447306
1930,69,0.422196,0.178249
1930,70,0.056092,0.00314631
1930,71,-0.425831,0.181332
1930,72,-1.00009,1.00018
1930,73,-1.62354,2.63588
1930,74,-2.23711,5.00466
1930,75,-2.77227,7.68551
1930,76,-3.15964,9.98333
1930,77,-3.3386,11.1462
1930,78,-3.2665,10.67
1930,79,-2.92599,8.56142
1930,80,-2.32936,5.42593
1930,81,-1.51932,2.30834
1930,82,-0.565251,0.319508
1930,83,0.444616,0.197683
1930,84,1.41368,1.99849
1930,85,2.24899,5.05796
1930,86,2.87314,8.25495
1930,87,3.23414,10.4597
1930,88,3.31199,10.9693
1930,89,3.12101,9.7407
1930,90,2.70726,7.32925
1930,91,2.14128,4.58506
1930,92,1.50732,2.27202
1930,93,0.89129,0.794398
1930,94,0.368577,0.135849
1930,95,-0.00699046,4.88666e-05
1930,96,-0.210816,0.0444432
1930,97,-0.249905,0.0624526
1930,98,-0.160226,0.0256723
1930,99,0,0
1940,0,0,0
1940,1,0.154034,0.0237266
1940,2,0.239053,0.0571461
1940,3,0.197897,0.0391634
1940,4,-0.0045717,2.09004e-05
1940,5,-0.374657,0.140368
1940,6,-0.887646,0.787915
1940,7,-1.49068,2.22213
1940,8,-2.10989,4.45164
1940,9,-2.66085,7.08011
1940,10,-3.06089,9.36902
1940,11,-3.24113,10.5049
1940,12,-3.15676,9.96514
1940,13,-2.79426,7.8079
1940,14,-2.17381,4.72544
1940,15,-1.34705,1.81454
1940,16,-0.390602,0.15257
1940,17,0.60385,0.364635
1940,18,1.54108,2.37493
1940,19,2.33423,5.44865
1940,20,2.91525,8.49868
1940,21,3.2422,10.5118
1940,22,3.303,10.9098
1940,23,3.11502,9.70335
1940,24,2.72076,7.40254
1940,25,2.18043,4.75426
1940,26,1.56284,2.44246
1940,27,0.936058,0.876204
1940,28,0.358828,0.128758
1940,29,-0.125821,0.0158309
1940,30,-0.494081,0.244116
1940,31,-0.74197,0.55052
1940,32,-0.882906,0.779523
1940,33,-0.94295,0.889154
1940,34,-0.955188,0.912385
1940,35,-0.953944,0.910009
1940,36,-0.969299,0.939541
1940,37,-1.02279,1.0461
1940,38,-1.12538,1.26649
1940,39,-1.27764,1.63235
1940,40,-1.47117,2.16434
1940,41,-1.69145,2.86101
1940,42,-1.92124,3.69117
1940,43,-2.14372,4.59556
1940,44,-2.34492,5.49867
1940,45,-2.51539,6.32717
1940,46,-2.65034,7.0243
1940,47,-2.74886,7.55622
1940,48,-2.81247,7.90999
1940,49,-2.84345,8.0852
1940,50,-2.84345,8.0852
1940,51,-2.81247,7.91
1940,52,-2.74885,7.5562
1940,53,-2.65034,7.0243
1940,54,-2.51539,6.32717
1940,55,-2.34492,5.49867
1940,56,-2.14372,4.59556
1940,57,-1.92124,3.69118
1940,58,-1.69145,2.86101
1940,59,-1.47117,2.16435
1940,60,-1.27763,1.63235
1940,61,-1.12539,1.26649
1940,62,-1.02279,1.0461
1940,63,-0.969299,0.93954
1940,64,-0.953943,0.910008
1940,65,-0.955189,0.912386
1940,66,-0.942949,0.889152
1940,67,-0.882906,0.779523
1940,68,-0.741972,0.550522
1940,69,-0.494082,0.244117
1940,70,-0.12582,0.0158306
1940,71,0.358826,0.128756
1940,72,0.936056,0.876201
1940,73,1.56284,2.44246
1940,74,2.18042,4.75424
1940,75,2.72076,7.40254
1940,76,3.11502,9.70335
1940,77,3.303,10.9098
1940,78,3.2422,10.5119
1940,79,2.91525,8.49868
1940,80,2.33423,5.44865
1940,81,1.54108,2.37493
1940,82,0.603848,0.364632
1940,83,-0.3906,0.152568
1940,84,-1.34705,1.81453
1940,85,-2.17381,4.72545
1940,86,-2.79426,7.8079
1940,87,-3.15676,9.96514
1940,88,-3.24113,10.5049
1940,89,-3.06088,9.36901
1940,90,-2.66085,7.0801
1940,91,-2.10989,4.45163
1940,92,-1.49068,2.22213
1940,93,-0.887647,0.787917
1940,94,-0.374659,0.140369
1940,95,-0.00457196,2.09028e-05
1940,96,0.197898,0.0391637
1940,97,0.23905,0.0571447
1940,98,0.154036,0.023727
1940,99,0,0
1950,0,0,0
1950,1,-0.146691,0.0215182
1950,2,-0.226212,0.0511721
1950,3,-0.182939,0.0334666
1950,4,0.0171004,0.000292425
1950,5,0.379794,0.144243
1950,6,0.880846,0.77589
1950,7,1.4685,2.15648
1950,8,2.07057,4.28727
1950,9,2.60455,6.78366
1950,10,2.98956,8.93748
1950,11,3.15859,9.97666
1950,12,3.06837,9.41491
1950,13,2.70606,7.32274
1950,14,2.09179,4.37559
1950,15,1.27662,1.62976
1950,16,0.336091,0.112957
1950,17,-0.63955,0.409025
1950,18,-1.55677,2.42352
1950,19,-2.33029,5.43027
1950,20,-2.89343,8.37196
1950,21,-3.20537,10.2744
1950,22,-3.25463,10.5926
1950,23,-3.05853,9.35458
1950,24,-2.65899,7.07023
1950,25,-2.11548,4.47525
1950,26,-1.4961,2.2383
1950,27,-0.868209,0.753787
1950,28,-0.290071,0.0841409
1950,29,0.195392,0.0381778
1950,30,0.564201,0.318323
1950,31,0.811945,0.659255
1950,32,0.951476,0.905306
1950,33,1.00837,1.01682
1950,34,1.01525,1.03073
1950,35,1.00598,1.01199
1950,36,1.01048,1.02107
1950,37,1.05075,1.10407
1950,38,1.13859,1.29639
1950,39,1.27535,1.62651
1950,40,1.45362,2.113
1950,41,1.65999,2.75556
1950,42,1.87795,3.5267
1950,43,2.09112,4.37277
1950,44,2.28577,5.22474
1950,45,2.45218,6.01317
1950,46,2.58498,6.68212
1950,47,2.68274,7.19707
1950,48,2.7464,7.54269
1950,49,2.77764,7.71526
1950,50,2.77764,7.71527
1950,51,2.7464,7.54269
1950,52,2.68274,7.19708
1950,53,2.58498,6.68212
1950,54,2.45217,6.01315
1950,55,2.28577,5.22475
1950,56,2.09112,4.37278
1950,57,1.87795,3.5267
1950,58,1.65999,2.75557
1950,59,1.45362,2.11301
1950,60,1.27535,1.62651
1950,61,1.13859,1.29639
1950,62,1.05075,1.10408
1950,63,1.01048,1.02108
1950,64,1.00598,1.01199
1950,65,1.01525,1.03073
1950,66,1.00837,1.01682
1950,67,0.95148,0.905315
1950,68,0.811948,0.659259
1950,69,0.564202,0.318324
1950,70,0.195394,0.0381788
1950,71,-0.290072,0.0841417
1950,72,-0.86821,0.753788
1950,73,-1.4961,2.23831
1950,74,-2.11548,4.47525
1950,75,-2.65899,7.07023
1950,76,-3.05852,9.35457
1950,77,-3.25463,10.5926
1950,78,-3.20537,10.2744
1950,79,-2.89343,8.37196
1950,80,-2.3303,5.43027
1950,81,-1.55676,2.42352
1950,82,-0.639551,0.409026
1950,83,0.336091,0.112957
1950,84,1.27662,1.62977
1950,85,2.09179,4.37559
1950,86,2.70606,7.32276
1950,87,3.06837,9.41491
1950,88,3.15859,9.97667
1950,89,2.98956,8.9375
1950,90,2.60455,6.78367
1950,91,2.07057,4.28726
1950,92,1.4685,2.15649
1950,93,0.880848,0.775894
1950,94,0.379795,0.144244
1950,95,0.0171021,0.000292483
1950,96,-0.18294,0.033467
1950,97,-0.226213,0.0511722
1950,98,-0.146692,0.0215185
1950,99,0,0
1960,0,0,0
1960,1,0.139553,0.0194751
1960,2,0.213949,0.045774
1960,3,0.169321,0.0286695
1960,4,-0.0272142,0.000740611
1960,5,-0.38115,0.145275
1960,6,-0.868731,0.754694
1960,7,-1.43948,2.07211
1960,8,-2.02291,4.09216
1960,9,-2.53857,6.44432
1960,10,-2.90781,8.45537
1960,11,-3.06545,9.397
1960,12,-2.96976,8.81945
1960,13,-2.60893,6.80652
1960,14,-2.00327,4.0131
1960,15,-1.20301,1.44724
1960,16,-0.282201,0.0796374
1960,17,0.670716,0.44986
1960,18,1.56432,2.44709
1960,19,2.31546,5.36136
1960,20,2.85904,8.17409
1960,21,3.15523,9.95547
1960,22,3.19302,10.1954
1960,23,2.98965,8.93798
1960,24,2.58648,6.6899
1960,25,2.04209,4.17013
1960,26,1.4235,2.02635
1960,27,0.797077,0.635331
1960,28,0.220326,0.0485437
1960,29,-0.264172,0.0697869
1960,30,-0.632257,0.399749
1960,31,-0.879009,0.772656
1960,32,-1.0166,1.03347
1960,33,-1.06993,1.14476
1960,34,-1.0711,1.14726
1960,35,-1.05356,1.10999
1960,36,-1.04707,1.09636
1960,37,-1.07387,1.15319
1960,38,-1.14637,1.31417
1960,39,-1.26699,1.60526
1960,40,-1.42942,2.04323
1960,41,-1.62118,2.62822
1960,42,-1.82678,3.33713
1960,43,-2.03042,4.12262
1960,44,-2.21839,4.92124
1960,45,-2.38073,5.66787
1960,46,-2.51171,6.3087
1960,47,-2.60906,6.80718
1960,48,-2.67283,7.14403
1960,49,-2.70428,7.31312
1960,50,-2.70428,7.31312
1960,51,-2.67283,7.14403
1960,52,-2.60906,6.80717
1960,53,-2.51171,6.3087
1960,54,-2.38073,5.66787
1960,55,-2.21838,4.92123
1960,56,-2.03042,4.12261
1960,57,-1.82678,3.33713
1960,58,-1.62118,2.62822
1960,59,-1.42942,2.04323
1960,60,-1.26699,1.60526
1960,61,-1.14637,1.31417
1960,62,-1.07387,1.1532
1960,63,-1.04707,1.09636
1960,64,-1.05356,1.10999
1960,65,-1.0711,1.14727
1960,66,-1.06994,1.14476
1960,67,-1.0166,1.03348
1960,68,-0.87901,0.772659
1960,69,-0.63226,0.399753
1960,70,-0.264173,0.0697873
1960,71,0.220328,0.0485443
1960,72,0.797078,0.635333
1960,73,1.4235,2.02635
1960,74,2.04209,4.17013
1960,75,2.58648,6.6899
1960,76,2.98965,8.938
1960,77,3.19302,10.1954
1960,78,3.15523,9.95547
1960,79,2.85904,8.17408
1960,80,2.31546,5.36136
1960,81,1.56432,2.44709
1960,82,0.670718,0.449863
1960,83,-0.2822,0.0796369
1960,84,-1.20301,1.44724
1960,85,-2.00327,4.01311
1960,86,-2.60893,6.80653
1960,87,-2.96975,8.81944
1960,88,-3.06545,9.39699
1960,89,-2.90781,8.45537
1960,90,-2.53857,6.44432
1960,91,-2.02291,4.09217
1960,92,-1.43949,2.07212
1960,93,-0.868733,0.754697
1960,94,-0.38115,0.145276
1960,95,-0.0272139,0.000740596
1960,96,0.169321,0.0286696
1960,97,0.213947,0.0457734
1960,98,0.139553,0.019475
1960,99,0,0
1970,0,0,0
1970,1,-0.132137,0.0174602
1970,2,-0.201195,0.0404795
1970,3,-0.1553,0.024118
1970,4,0.0372317,0.0013862
1970,5,0.381577,0.145601
1970,6,0.8543,0.729828
1970,7,1.40617,1.97731
1970,8,1.96875,3.87597
1970,9,2.46409,6.07175
1970,10,2.8161,7.93042
1970,11,2.96188,8.77274
1970,12,2.86128,8.18692
1970,13,2.50317,6.26588
1970,14,1.90781,3.63975
1970,15,1.12463,1.26479
1970,16,0.226043,0.0510952
1970,17,-0.701602,0.492246
1970,18,-1.56895,2.46159
1970,19,-2.29491,5.26661
1970,20,-2.81643,7.93227
1970,21,-3.09514,9.57992
1970,22,-3.12062,9.73827
1970,23,-2.91003,8.46828
1970,24,-2.5042,6.27101
1970,25,-1.96065,3.84413
1970,26,-1.34503,1.80912
1970,27,-0.722404,0.521867
1970,28,-0.149381,0.0223147
1970,29,0.332046,0.110254
1970,30,0.697954,0.487139
1970,31,0.942987,0.889225
1970,32,1.07851,1.16319
1970,33,1.12855,1.27362
1970,34,1.12436,1.26419
1970,35,1.09879,1.20734
1970,36,1.08131,1.16924
1970,37,1.09441,1.19773
1970,38,1.15126,1.32541
1970,39,1.25526,1.57568
1970,40,1.4012,1.96336
1970,41,1.57768,2.48909
1970,42,1.77002,3.13299
1970,43,1.96296,3.85319
1970,44,2.14308,4.59278
1970,45,2.30033,5.29151
1970,46,2.42842,5.89724
1970,47,2.5245,6.37312
1970,48,2.58799,6.6977
1970,49,2.61941,6.86129
1970,50,2.61941,6.8613
1970,51,2.58799,6.69769
1970,52,2.5245,6.37312
1970,53,2.42842,5.89724
1970,54,2.30033,5.29152
1970,55,2.14308,4.59277
1970,56,1.96295,3.85319
1970,57,1.77002,3.13299
1970,58,1.57768,2.48909
1970,59,1.4012,1.96336
1970,60,1.25526,1.57568
1970,61,1.15126,1.3254
1970,62,1.09441,1.19773
1970,63,1.08131,1.16924
1970,64,1.09879,1.20735
1970,65,1.12436,1.26419
1970,66,1.12855,1.27363
1970,67,1.07851,1.16319
1970,68,0.942987,0.889225
1970,69,0.697953,0.487139
1970,70,0.332045,0.110254
1970,71,-0.149382,0.0223151
1970,72,-0.722405,0.521869
1970,73,-1.34503,1.80911
1970,74,-1.96065,3.84414
1970,75,-2.5042,6.271
1970,76,-2.91003,8.46828
1970,77,-3.12062,9.73826
1970,78,-3.09514,9.5799
1970,79,-2.81643,7.93229
1970,80,-2.29491,5.26661
1970,81,-1.56895,2.4616
1970,82,-0.701606,0.49225
1970,83,0.226042,0.051095
1970,84,1.12463,1.2648
1970,85,1.90781,3.63976
1970,86,2.50317,6.26588
1970,87,2.86128,8.18691
1970,88,2.96188,8.77272
1970,89,2.8161,7.93042
1970,90,2.46409,6.07175
1970,91,1.96875,3.87598
1970,92,1.40617,1.9773
1970,93,0.854297,0.729823
1970,94,0.381578,0.145601
1970,95,0.0372306,0.00138612
1970,96,-0.1553,0.024118
1970,97,-0.201195,0.0404795
1970,98,-0.132137,0.0174601
1970,99,0,0
1980,0,0,0
1980,1,0.124504,0.0155013
1980,2,0.188354,0.0354773
1980,3,0.141447,0.0200072
1980,4,-0.0464884,0.00216117
1980,5,-0.3801,0.144476
1980,6,-0.836632,0.699953
1980,7,-1.36821,1.872
1980,8,-1.90842,3.64208
1980,9,-2.38196,5.67375
1980,10,-2.71555,7.3742
1980,11,-2.84875,8.11537
1980,12,-2.74313,7.52477
1980,13,-2.38847,5.7048
1980,14,-1.80504,3.25816
1980,15,-1.04135,1.0844
1980,16,-0.168161,0.0282782
1980,17,0.73054,0.533688
1980,18,1.56824,2.45938
1980,19,2.26653,5.13714
1980,20,2.7644,7.6419
1980,21,3.02484,9.14967
1980,22,3.03802,9.22956
1980,23,2.82095,7.95779
1980,24,2.41363,5.82562
1980,25,1.8723,3.50549
1980,26,1.26122,1.59068
1980,27,0.644066,0.414821
1980,28,0.0762736,0.00581767
1980,29,-0.400758,0.160607
1980,30,-0.763213,0.582495
1980,31,-1.00551,1.01105
1980,32,-1.1383,1.29572
1980,33,-1.18459,1.40324
1980,34,-1.17473,1.37999
1980,35,-1.14098,1.30184
1980,36,-1.11261,1.23791
1980,37,-1.11206,1.23669
1980,38,-1.15296,1.32932
1980,39,-1.23966,1.53675
1980,40,-1.36821,1.87201
1980,41,-1.52843,2.33609
1980,42,-1.70652,2.91221
1980,43,-1.88797,3.56441
1980,44,-2.0596,4.24197
1980,45,-2.21122,4.8895
1980,46,-2.33609,5.45731
1980,47,-2.43058,5.90772
1980,48,-2.49348,6.21743
1980,49,-2.52479,6.37455
1980,50,-2.52479,6.37456
1980,51,-2.49348,6.21742
1980,52,-2.43058,5.90772
1980,53,-2.33609,5.45731
1980,54,-2.21122,4.8895
1980,55,-2.0596,4.24197
1980,56,-1.88797,3.56442
1980,57,-1.70652,2.9122
1980,58,-1.52843,2.33609
1980,59,-1.36821,1.87201
1980,60,-1.23966,1.53676
1980,61,-1.15296,1.32932
1980,62,-1.11206,1.23669
1980,63,-1.11261,1.23791
1980,64,-1.14098,1.30185
1980,65,-1.17473,1.37998
1980,66,-1.18459,1.40325
1980,67,-1.1383,1.29572
1980,68,-1.00551,1.01105
1980,69,-0.763213,0.582493
1980,70,-0.400761,0.16061
1980,71,0.0762719,0.00581741
1980,72,0.644063,0.414817
1980,73,1.26122,1.59067
1980,74,1.8723,3.5055
1980,75,2.41363,5.82562
1980,76,2.82095,7.95778
1980,77,3.03802,9.22956
1980,78,3.02484,9.14968
1980,79,2.7644,7.64191
1980,80,2.26653,5.13715
1980,81,1.56824,2.45938
1980,82,0.730542,0.533691
1980,83,-0.168162,0.0282786
1980,84,-1.04135,1.0844
1980,85,-1.80504,3.25817
1980,86,-2.38847,5.7048
1980,87,-2.74313,7.52477
1980,88,-2.84875,8.11538
1980,89,-2.71555,7.37419
1980,90,-2.38196,5.67376
1980,91,-1.90843,3.64209
1980,92,-1.36821,1.872
1980,93,-0.836628,0.699947
1980,94,-0.380097,0.144474
1980,95,-0.0464876,0.00216109
1980,96,0.141448,0.0200076
1980,97,0.188356,0.0354781
1980,98,0.124504,0.0155013
1980,99,0,0
1990,0,0,0
1990,1,-0.115882,0.0134287
1990,2,-0.173626,0.030146
1990,3,-0.125444,0.0157362
1990,4,0.0574424,0.00329963
1990,5,0.379354,0.14391
1990,6,0.81819,0.669435
1990,7,1.32775,1.76292
1990,8,1.84401,3.40037
1990,9,2.29431,5.26385
1990,10,2.60822,6.80284
1990,11,2.72797,7.44183
1990,12,2.61711,6.84927
1990,13,2.26654,5.13719
1990,14,1.69644,2.87792
1990,15,0.954303,0.910695
1990,16,0.108966,0.0118735
1990,17,-0.758287,0.575
1990,18,-1.56391,2.44583
1990,19,-2.23227,4.98305
1990,20,-2.70459,7.31479
1990,21,-2.94544,8.6756
1990,22,-2.94589,8.67829
1990,23,-2.72291,7.41426
1990,24,-2.31551,5.36156
1990,25,-1.7784,3.16271
1990,26,-1.17408,1.37846
1990,27,-0.564493,0.318652
1990,28,-0.00377662,1.42629e-05
1990,29,0.467507,0.218563
1990,30,0.825714,0.681804
1990,31,1.06488,1.13396
1990,32,1.1949,1.42779
1990,33,1.23778,1.53211
1990,34,1.22275,1.49512
1990,35,1.18116,1.39514
1990,36,1.14182,1.30375
1990,37,1.12729,1.27079
1990,38,1.15185,1.32675
1990,39,1.22079,1.49032
1990,40,1.3313,1.77237
1990,41,1.47444,2.17398
1990,42,1.63752,2.68148
1990,43,1.80665,3.26399
1990,44,1.96902,3.87704
1990,45,2.11437,4.47056
1990,46,2.23555,4.99768
1990,47,2.32828,5.42087
1990,48,2.39054,5.71467
1990,49,2.42168,5.86453
1990,50,2.42168,5.86452
1990,51,2.39054,5.71466
1990,52,2.32828,5.42088
1990,53,2.23555,4.99768
1990,54,2.11437,4.47056
1990,55,1.96902,3.87703
1990,56,1.80665,3.264
1990,57,1.63752,2.68148
1990,58,1.47444,2.17399
1990,59,1.3313,1.77237
1990,60,1.22079,1.49032
1990,61,1.15185,1.32675
1990,62,1.12729,1.27078
1990,63,1.14182,1.30375
1990,64,1.18116,1.39514
1990,65,1.22275,1.49512
1990,66,1.23778,1.5321
1990,67,1.1949,1.42779
1990,68,1.06487,1.13396
1990,69,0.825713,0.681802
1990,70,0.467504,0.21856
1990,71,-0.00377659,1.42626e-05
1990,72,-0.564494,0.318654
1990,73,-1.17408,1.37847
1990,74,-1.7784,3.16271
1990,75,-2.3155,5.36155
1990,76,-2.72291,7.41426
1990,77,-2.94589,8.67828
1990,78,-2.94544,8.67559
1990,79,-2.70459,7.31478
1990,80,-2.23227,4.98304
1990,81,-1.56391,2.44583
1990,82,-0.758289,0.575002
1990,83,0.108966,0.0118736
1990,84,0.954301,0.910691
1990,85,1.69644,2.87792
1990,86,2.26654,5.13719
1990,87,2.61711,6.84928
1990,88,2.72797,7.44184
1990,89,2.60822,6.80283
1990,90,2.29431,5.26386
1990,91,1.84401,3.40036
1990,92,1.32775,1.76291
1990,93,0.818188,0.669432
1990,94,0.379353,0.143909
1990,95,0.0574407,0.00329943
1990,96,-0.125447,0.0157369
1990,97,-0.173625,0.0301457
1990,98,-0.115882,0.0134286
1990,99,0,0
2000,0,0,0
2000,1,0.107197,0.0114911
2000,2,0.158892,0.0252465
2000,3,0.109556,0.0120025
2000,4,-0.0680833,0.00463534
2000,5,-0.377673,0.142637
2000,6,-0.797534,0.63606
2000,7,-1.28319,1.64658
2000,8,-1.77337,3.14483
2000,9,-2.19865,4.83405
2000,10,-2.49171,6.20863
2000,11,-2.59756,6.74732
2000,12,-2.48199,6.16028
2000,13,-2.13693,4.56648
2000,14,-1.58246,2.50419
2000,15,-0.864765,0.747818
2000,16,-0.0502942,0.00252951
2000,17,0.782605,0.61247
2000,18,1.5536,2.41369
2000,19,2.19013,4.79669
2000,20,2.63582,6.94752
2000,21,2.85682,8.16143
2000,22,2.84499,8.09394
2000,23,2.61717,6.84959
2000,24,2.21138,4.89018
2000,25,1.68054,2.82422
2000,26,1.0852,1.17767
2000,27,0.485471,0.235682
2000,28,-0.0661485,0.00437562
2000,29,-0.530132,0.28104
2000,30,-0.883086,0.779841
2000,31,-1.11862,1.25132
2000,32,-1.24572,1.55182
2000,33,-1.28516,1.65163
2000,34,-1.26501,1.60024
2000,35,-1.21576,1.47808
2000,36,-1.16586,1.35923
2000,37,-1.13794,1.29492
2000,38,-1.14658,1.31465
2000,39,-1.19782,1.43478
2000,40,-1.29004,1.66421
2000,41,-1.4156,2.00393
2000,42,-1.56304,2.44311
2000,43,-1.71942,2.9564
2000,44,-1.87238,3.5058
2000,45,-2.01146,4.04598
2000,46,-2.12891,4.53226
2000,47,-2.21975,4.92728
2000,48,-2.28126,5.20413
2000,49,-2.31221,5.34633
2000,50,-2.31221,5.34634
2000,51,-2.28126,5.20414
2000,52,-2.21975,4.92729
2000,53,-2.12891,4.53226
2000,54,-2.01146,4.04598
2000,55,-1.87238,3.5058
2000,56,-1.71942,2.9564
2000,57,-1.56304,2.4431
2000,58,-1.4156,2.00393
2000,59,-1.29004,1.6642
2000,60,-1.19782,1.43477
2000,61,-1.14658,1.31465
2000,62,-1.13794,1.29492
2000,63,-1.16586,1.35923
2000,64,-1.21577,1.47809
2000,65,-1.265,1.60023
2000,66,-1.28515,1.65162
2000,67,-1.24572,1.55181
2000,68,-1.11862,1.25131
2000,69,-0.883083,0.779836
2000,70,-0.530129,0.281037
2000,71,-0.0661472,0.00437545
2000,72,0.485473,0.235684
2000,73,1.0852,1.17766
2000,74,1.68054,2.82422
2000,75,2.21137,4.89017
2000,76,2.61717,6.84959
2000,77,2.84499,8.09394
2000,78,2.85682,8.16143
2000,79,2.63581,6.94752
2000,80,2.19013,4.79669
2000,81,1.55361,2.41369
2000,82,0.782604,0.612468
2000,83,-0.0502951,0.0025296
2000,84,-0.864767,0.747823
2000,85,-1.58247,2.5042
2000,86,-2.13693,4.56649
2000,87,-2.48199,6.16028
2000,88,-2.59756,6.74732
2000,89,-2.49171,6.20862
2000,90,-2.19865,4.83405
2000,91,-1.77337,3.14483
2000,92,-1.28319,1.64658
2000,93,-0.797534,0.636061
2000,94,-0.377673,0.142637
2000,95,-0.0680822,0.00463519
2000,96,0.109556,0.0120025
2000,97,0.158891,0.0252464
2000,98,0.107198,0.0114915
2000,99,0,0
2010,0,0,0
2010,1,-0.0979162,0.00958758
2010,2,-0.143367,0.0205542
2010,3,-0.0933296,0.00871042
2010,4,0.0778907,0.00606696
2010,5,0.373391,0.139421
2010,6,0.772372,0.596559
2010,7,1.23237,1.51873
2010,8,1.69481,2.87238
2010,9,2.09365,4.38335
2010,10,2.36507,5.59353
2010,11,2.45708,6.03724
2010,12,2.33761,5.46442
2010,13,1.99965,3.9986
2010,14,1.46304,2.14049
2010,15,0.772385,0.596579
2010,16,-0.00841649,7.08373e-05
2010,17,-0.804186,0.646715
2010,18,-1.53792,2.36518
2010,19,-2.14015,4.58025
2010,20,-2.55738,6.54019
2010,21,-2.75781,7.6055
2010,22,-2.73396,7.47453
2010,23,-2.5022,6.261
2010,24,-2.09927,4.40694
2010,25,-1.57637,2.48495
2010,26,-0.99188,0.983825
2010,27,-0.403885,0.163123
2010,28,0.136705,0.0186884
2010,29,0.591427,0.349786
2010,30,0.937395,0.878709
2010,31,1.16801,1.36425
2010,32,1.29145,1.66785
2010,33,1.32742,1.76204
2010,34,1.30265,1.69689
2010,35,1.2464,1.55352
2010,36,1.1863,1.4073
2010,37,1.14474,1.31044
2010,38,1.13691,1.29256
2010,39,1.17004,1.36899
2010,40,1.24381,1.54707
2010,41,1.35183,1.82745
2010,42,1.48368,2.20131
2010,43,1.6271,2.64745
2010,44,1.77009,3.13321
2010,45,1.90226,3.61859
2010,46,2.01551,4.06227
2010,47,2.10418,4.42759
2010,48,2.16483,4.68649
2010,49,2.19559,4.82063
2010,50,2.1956,4.82064
2010,51,2.16483,4.6865
2010,52,2.10419,4.4276
2010,53,2.01551,4.06227
2010,54,1.90226,3.61859
2010,55,1.77009,3.13321
2010,56,1.6271,2.64744
2010,57,1.48368,2.20131
2010,58,1.35183,1.82745
2010,59,1.24381,1.54707
2010,60,1.17003,1.36898
2010,61,1.13691,1.29256
2010,62,1.14474,1.31043
2010,63,1.1863,1.40731
2010,64,1.2464,1.55352
2010,65,1.30264,1.69688
2010,66,1.32742,1.76205
2010,67,1.29145,1.66785
2010,68,1.16801,1.36425
2010,69,0.937395,0.878709
2010,70,0.591427,0.349786
2010,71,0.136706,0.0186886
2010,72,-0.403886,0.163124
2010,73,-0.991877,0.98382
2010,74,-1.57637,2.48494
2010,75,-2.09927,4.40694
2010,76,-2.5022,6.26098
2010,77,-2.73396,7.47454
2010,78,-2.75781,7.60549
2010,79,-2.55738,6.5402
2010,80,-2.14015,4.58025
2010,81,-1.53791,2.36518
2010,82,-0.804186,0.646715
2010,83,-0.0084152,7.08155e-05
2010,84,0.772386,0.59658
2010,85,1.46304,2.14049
2010,86,1.99965,3.9986
2010,87,2.33761,5.46442
2010,88,2.45708,6.03725
2010,89,2.36507,5.59353
2010,90,2.09364,4.38335
2010,91,1.69481,2.87238
2010,92,1.23237,1.51873
2010,93,0.77237,0.596556
2010,94,0.373389,0.139419
2010,95,0.0778905,0.00606694
2010,96,-0.0933287,0.00871025
2010,97,-0.143368,0.0205544
2010,98,-0.0979165,0.00958764
2010,99,0,0
2020,0,0,0
2020,1,0.0888823,0.00790006
2020,2,0.128474,0.0165056
2020,3,0.078434,0.00615189
2020,4,-0.085173,0.00725443
2020,5,-0.365202,0.133372
2020,6,-0.741849,0.550339
2020,7,-1.17465,1.37979
2020,8,-1.60809,2.58595
2020,9,-1.97967,3.9191
2020,10,-2.2291,4.96889
2020,11,-2.3075,5.32456
2020,12,-2.18495,4.77399
2020,13,-1.85548,3.4428
2020,14,-1.33876,1.79229
2020,15,-0.677815,0.459433
2020,16,0.0662465,0.0043886
2020,17,0.821745,0.675265
2020,18,1.5154,2.29642
2020,19,2.08135,4.332
2020,20,2.46895,6.09572
2020,21,2.64815,7.01271
2020,22,2.61222,6.82369
2020,23,2.37717,5.65092
2020,24,1.97838,3.91399
2020,25,1.46516,2.1467
2020,26,0.893629,0.798573
2020,27,0.319607,0.102149
2020,28,-0.207908,0.0432256
2020,29,-0.651805,0.42485
2020,30,-0.989699,0.979505
2020,31,-1.21467,1.47542
2020,32,-1.33387,1.77921
2020,33,-1.36568,1.86507
2020,34,-1.33569,1.78408
2020,35,-1.27221,1.61851
2020,36,-1.20199,1.44477
2020,37,-1.14723,1.31613
2020,38,-1.12352,1.2623
2020,39,-1.13883,1.29694
2020,40,-1.19401,1.42565
2020,41,-1.28395,1.64852
2020,42,-1.39941,1.95836
2020,43,-1.52916,2.33832
2020,44,-1.66165,2.76108
2020,45,-1.78647,3.19146
2020,46,-1.89508,3.59131
2020,47,-1.98115,3.92494
2020,48,-2.04046,4.16347
2020,49,-2.0706,4.28738
2020,50,-2.0706,4.28738
2020,51,-2.04046,4.16349
2020,52,-1.98115,3.92494
2020,53,-1.89508,3.59132
2020,54,-1.78646,3.19145
2020,55,-1.66165,2.76108
2020,56,-1.52916,2.33832
2020,57,-1.39941,1.95835
2020,58,-1.28395,1.64852
2020,59,-1.19401,1.42565
2020,60,-1.13883,1.29694
2020,61,-1.12352,1.2623
2020,62,-1.14723,1.31614
2020,63,-1.20199,1.44477
2020,64,-1.27221,1.61851
2020,65,-1.33569,1.78408
2020,66,-1.36568,1.86507
2020,67,-1.33387,1.77921
2020,68,-1.21467,1.47542
2020,69,-0.989701,0.979508
2020,70,-0.651804,0.424848
2020,71,-0.207909,0.0432259
2020,72,0.319608,0.102149
2020,73,0.893631,0.798576
2020,74,1.46516,2.1467
2020,75,1.97838,3.91399
2020,76,2.37717,5.65092
2020,77,2.61222,6.82368
2020,78,2.64815,7.0127
2020,79,2.46895,6.09572
2020,80,2.08135,4.332
2020,81,1.5154,2.29642
2020,82,0.821745,0.675266
2020,83,0.0662467,0.00438862
2020,84,-0.677812,0.459429
2020,85,-1.33876,1.79228
2020,86,-1.85548,3.4428
2020,87,-2.18495,4.77399
2020,88,-2.3075,5.32456
2020,89,-2.2291,4.96888
2020,90,-1.97967,3.91909
2020,91,-1.60809,2.58596
2020,92,-1.17465,1.37979
2020,93,-0.741849,0.55034
2020,94,-0.365202,0.133373
2020,95,-0.0851722,0.00725431
2020,96,0.0784363,0.00615225
2020,97,0.128474,0.0165056
2020,98,0.0888808,0.00789979
2020,99,0,0
2030,0,0,0
2030,1,-0.0793107,0.00629019
2030,2,-0.112703,0.0127021
2030,3,-0.0625811,0.0039164
2030,4,0.0933214,0.00870889
2030,5,0.357328,0.127683
2030,6,0.710374,0.504631
2030,7,1.11415,1.24132
2030,8,1.51642,2.29952
2030,9,1.85863,3.45451
2030,10,2.08463,4.34569
2030,11,2.14901,4.61824
2030,12,2.02414,4.09716
2030,13,1.705,2.90703
2030,14,1.21058,1.46551
2030,15,0.582019,0.338746
2030,16,-0.122515,0.0150099
2030,17,-0.835164,0.6975
2030,18,-1.48668,2.21021
2030,19,-2.01481,4.05946
2030,20,-2.37176,5.62526
2030,21,-2.52943,6.39804
2030,22,-2.48187,6.15966
2030,23,-2.2447,5.03869
2030,24,-1.85189,3.4295
2030,25,-1.35042,1.82362
2030,26,-0.793796,0.630112
2030,27,-0.235312,0.0553717
2030,28,0.27801,0.0772894
2030,29,0.710207,0.504394
2030,30,1.03933,1.08021
2030,31,1.2581,1.58282
2030,32,1.37275,1.88444
2030,33,1.40034,1.96095
2030,34,1.36502,1.86327
2030,35,1.29396,1.67434
2030,36,1.21339,1.47231
2030,37,1.1453,1.31172
2030,38,1.10554,1.22222
2030,39,1.10296,1.21651
2030,40,1.13954,1.29854
2030,41,1.21139,1.46745
2030,42,1.31044,1.71726
2030,43,1.42626,2.03421
2030,44,1.54773,2.39548
2030,45,1.66455,2.77072
2030,46,1.7679,3.12547
2030,47,1.85093,3.42594
2030,48,1.90885,3.64373
2030,49,1.93858,3.7581
2030,50,1.93858,3.7581
2030,51,1.90886,3.64374
2030,52,1.85093,3.42594
2030,53,1.7679,3.12547
2030,54,1.66455,2.77073
2030,55,1.54773,2.39548
2030,56,1.42626,2.03422
2030,57,1.31044,1.71726
2030,58,1.21139,1.46746
2030,59,1.13954,1.29854
2030,60,1.10296,1.21652
2030,61,1.10554,1.22221
2030,62,1.1453,1.31172
2030,63,1.21339,1.47231
2030,64,1.29396,1.67433
2030,65,1.36501,1.86327
2030,66,1.40034,1.96094
2030,67,1.37275,1.88444
2030,68,1.2581,1.58282
2030,69,1.03933,1.08021
2030,70,0.710206,0.504393
2030,71,0.278006,0.0772876
2030,72,-0.235314,0.0553728
2030,73,-0.793797,0.630114
2030,74,-1.35042,1.82362
2030,75,-1.85189,3.4295
2030,76,-2.2447,5.03868
2030,77,-2.48187,6.15966
2030,78,-2.52944,6.39805
2030,79,-2.37176,5.62527
2030,80,-2.01481,4.05947
2030,81,-1.48668,2.21022
2030,82,-0.835165,0.6975
2030,83,-0.122515,0.01501
2030,84,0.582017,0.338744
2030,85,1.21058,1.46551
2030,86,1.705,2.90703
2030,87,2.02414,4.09716
2030,88,2.14901,4.61825
2030,89,2.08463,4.34569
2030,90,1.85863,3.45451
2030,91,1.51642,2.29953
2030,92,1.11415,1.24132
2030,93,0.710377,0.504635
2030,94,0.357328,0.127683
2030,95,0.09332,0.00870862
2030,96,-0.0625802,0.00391628
2030,97,-0.1127,0.0127014
2030,98,-0.0793105,0.00629016
2030,99,0,0
2040,0,0,0
2040,1,0.0693374,0.00480767
2040,2,0.0963539,0.00928408
2040,3,0.0463515,0.00214846
2040,4,-0.101166,0.0102345
2040,5,-0.348016,0.121115
2040,6,-0.676118,0.457136
2040,7,-1.04964,1.10174
2040,8,-1.41987,2.01604
2040,9,-1.73225,3.00069
2040,10,-1.93445,3.74212
2040,11,-1.98452,3.93832
2040,12,-1.85745,3.4501
2040,13,-1.54924,2.40013
2040,14,-1.0784,1.16294
2040,15,-0.484113,0.234366
2040,16,0.178656,0.0319179
2040,17,0.845982,0.715685
2040,18,1.45295,2.11107
2040,19,1.94141,3.76906
2040,20,2.26666,5.13775
2040,21,2.40262,5.77257
2040,22,2.34398,5.49424
2040,23,2.10572,4.43406
2040,24,1.72008,2.95868
2040,25,1.23159,1.51682
2040,26,0.691242,0.477815
2040,27,0.149916,0.0224747
2040,28,-0.347445,0.120718
2040,29,-0.766293,0.587204
2040,30,-1.08521,1.17769
2040,31,-1.29671,1.68146
2040,32,-1.40621,1.97743
2040,33,-1.42944,2.04329
2040,34,-1.38908,1.92955
2040,35,-1.31102,1.71877
2040,36,-1.22062,1.48992
2040,37,-1.13962,1.29874
2040,38,-1.08414,1.17536
2040,39,-1.06374,1.13155
2040,40,-1.0815,1.16964
2040,41,-1.13488,1.28796
2040,42,-1.21707,1.48127
2040,43,-1.31854,1.73855
2040,44,-1.42863,2.04098
2040,45,-1.5369,2.36205
2040,46,-1.63429,2.67089
2040,47,-1.71355,2.93624
2040,48,-1.76926,3.13029
2040,49,-1.79797,3.23269
2040,50,-1.79797,3.23269
2040,51,-1.76926,3.13029
2040,52,-1.71355,2.93624
2040,53,-1.63429,2.67089
2040,54,-1.5369,2.36205
2040,55,-1.42863,2.04098
2040,56,-1.31854,1.73856
2040,57,-1.21707,1.48127
2040,58,-1.13488,1.28795
2040,59,-1.0815,1.16964
2040,60,-1.06374,1.13155
2040,61,-1.08414,1.17536
2040,62,-1.13962,1.29874
2040,63,-1.22062,1.48992
2040,64,-1.31102,1.71877
2040,65,-1.38908,1.92955
2040,66,-1.42944,2.04329
2040,67,-1.40621,1.97742
2040,68,-1.29671,1.68146
2040,69,-1.08521,1.17769
2040,70,-0.766293,0.587206
2040,71,-0.347447,0.120719
2040,72,0.149915,0.0224746
2040,73,0.691241,0.477814
2040,74,1.23159,1.51681
2040,75,1.72008,2.95867
2040,76,2.10572,4.43405
2040,77,2.34398,5.49423
2040,78,2.40261,5.77255
2040,79,2.26666,5.13776
2040,80,1.94141,3.76907
2040,81,1.45295,2.11108
2040,82,0.845983,0.715688
2040,83,0.178655,0.0319175
2040,84,-0.484116,0.234368
2040,85,-1.0784,1.16295
2040,86,-1.54924,2.40013
2040,87,-1.85744,3.4501
2040,88,-1.98452,3.93833
2040,89,-1.93446,3.74212
2040,90,-1.73225,3.00069
2040,91,-1.41987,2.01604
2040,92,-1.04964,1.10174
2040,93,-0.676118,0.457135
2040,94,-0.348015,0.121114
2040,95,-0.101167,0.0102348
2040,96,0.0463512,0.00214844
2040,97,0.0963564,0.00928455
2040,98,0.0693376,0.0048077
2040,99,0,0
2050,0,0,0
2050,1,-0.0592748,0.00351351
2050,2,-0.0797035,0.00635264
2050,3,-0.0296068,0.000876563
2050,4,0.109378,0.0119637
2050,5,0.338432,0.114536
2050,6,0.640615,0.410388
2050,7,0.982669,0.965638
2050,8,1.31948,1.74103
2050,9,1.60074,2.56238
2050,10,1.77835,3.16253
2050,11,1.81388,3.29016
2050,12,1.68482,2.83862
2050,13,1.38839,1.92764
2050,14,0.942555,0.88841
2050,15,0.384261,0.147657
2050,16,-0.23496,0.0552061
2050,17,-0.855318,0.731569
2050,18,-1.41614,2.00547
2050,19,-1.86335,3.47208
2050,20,-2.15564,4.6468
2050,21,-2.26902,5.14845
2050,22,-2.19892,4.83524
2050,23,-1.95977,3.8407
2050,24,-1.58216,2.50323
2050,25,-1.10825,1.22822
2050,26,-0.586151,0.343572
2050,27,-0.0639386,0.00408815
2050,28,0.41569,0.172798
2050,29,0.819713,0.671929
2050,30,1.12735,1.27093
2050,31,1.33097,1.77148
2050,32,1.43511,2.05953
2050,33,1.45416,2.11459
2050,34,1.40927,1.98605
2050,35,1.32476,1.755
2050,36,1.22497,1.50055
2050,37,1.13139,1.28003
2050,38,1.06039,1.12444
2050,39,1.02227,1.04503
2050,40,1.02114,1.04273
2050,41,1.05572,1.11454
2050,42,1.1204,1.2553
2050,43,1.20665,1.45601
2050,44,1.30442,1.70152
2050,45,1.40355,1.96995
2050,46,1.4947,2.23412
2050,47,1.57006,2.4651
2050,48,1.62367,2.6363
2050,49,1.65151,2.7275
2050,50,1.65151,2.72749
2050,51,1.62367,2.6363
2050,52,1.57006,2.4651
2050,53,1.4947,2.23412
2050,54,1.40355,1.96995
2050,55,1.30443,1.70153
2050,56,1.20665,1.456
2050,57,1.1204,1.2553
2050,58,1.05572,1.11454
2050,59,1.02115,1.04274
2050,60,1.02227,1.04503
2050,61,1.0604,1.12444
2050,62,1.13139,1.28003
2050,63,1.22497,1.50055
2050,64,1.32476,1.75499
2050,65,1.40927,1.98604
2050,66,1.45416,2.11458
2050,67,1.43511,2.05953
2050,68,1.33097,1.77148
2050,69,1.12735,1.27093
2050,70,0.819716,0.671934
2050,71,0.415693,0.172801
2050,72,-0.0639367,0.00408791
2050,73,-0.586148,0.343569
2050,74,-1.10825,1.22822
2050,75,-1.58216,2.50322
2050,76,-1.95977,3.8407
2050,77,-2.19892,4.83524
2050,78,-2.26902,5.14844
2050,79,-2.15564,4.64679
2050,80,-1.86335,3.47206
2050,81,-1.41614,2.00546
2050,82,-0.855316,0.731566
2050,83,-0.23496,0.0552063
2050,84,0.384259,0.147655
2050,85,0.942554,0.888408
2050,86,1.38839,1.92763
2050,87,1.68482,2.83862
2050,88,1.81388,3.29015
2050,89,1.77835,3.16253
2050,90,1.60074,2.56237
2050,91,1.31949,1.74104
2050,92,0.982665,0.96563
2050,93,0.640615,0.410388
2050,94,0.338432,0.114536
2050,95,0.109379,0.0119638
2050,96,-0.0296052,0.000876465
2050,97,-0.0797031,0.00635259
2050,98,-0.0592736,0.00351335
2050,99,0,0
2060,0,0,0
2060,1,0.0487395,0.00237554
2060,2,0.0622818,0.00387902
2060,3,0.0122764,0.00015071
2060,4,-0.117514,0.0138095
2060,5,-0.327848,0.107485
2060,6,-0.602963,0.363564
2060,7,-0.912239,0.832179
2060,8,-1.21435,1.47464
2060,9,-1.46331,2.14127
2060,10,-1.61554,2.60998
2060,11,-1.63644,2.67793
2060,12,-1.50595,2.26787
2060,13,-1.22227,1.49395
2060,14,-0.802772,0.644443
2060,15,-0.282167,0.0796183
2060,16,0.29151,0.0849779
2060,17,0.862733,0.744309
2060,18,1.37531,1.89148
2060,19,1.77941,3.16631
2060,20,2.03736,4.15085
2060,21,2.1275,4.52625
2060,22,2.04606,4.18636
2060,23,1.80688,3.2648
2060,24,1.43879,2.07013
2060,25,0.981402,0.963151
2060,26,0.479639,0.230053
2060,27,-0.0214731,0.000461095
2060,28,-0.481673,0.232009
2060,29,-0.869616,0.756231
2060,30,-1.16527,1.35785
2060,31,-1.36067,1.85142
2060,32,-1.4593,2.12954
2060,33,-1.47407,2.17287
2060,34,-1.42454,2.02932
2060,35,-1.33371,1.77877
2060,36,-1.22479,1.5001
2060,37,-1.1187,1.25149
2060,38,-1.03214,1.06532
2060,39,-0.976268,0.9531
2060,40,-0.956303,0.914516
2060,41,-0.972144,0.945065
2060,42,-1.01937,1.03912
2060,43,-1.09042,1.18902
2060,44,-1.17586,1.38265
2060,45,-1.26569,1.60197
2060,46,-1.35036,1.82347
2060,47,-1.42164,2.02105
2060,48,-1.47299,2.16969
2060,49,-1.4998,2.24941
2060,50,-1.4998,2.24941
2060,51,-1.47299,2.16969
2060,52,-1.42164,2.02105
2060,53,-1.35036,1.82347
2060,54,-1.26569,1.60197
2060,55,-1.17586,1.38265
2060,56,-1.09042,1.18902
2060,57,-1.01938,1.03913
2060,58,-0.972144,0.945064
2060,59,-0.956306,0.914522
2060,60,-0.976269,0.953102
2060,61,-1.03215,1.06533
2060,62,-1.1187,1.25149
2060,63,-1.22479,1.50011
2060,64,-1.33371,1.77877
2060,65,-1.42454,2.02932
2060,66,-1.47407,2.17287
2060,67,-1.4593,2.12954
2060,68,-1.36067,1.85142
2060,69,-1.16527,1.35785
2060,70,-0.86962,0.756239
2060,71,-0.481674,0.232009
2060,72,-0.0214753,0.000461189
2060,73,0.47964,0.230055
2060,74,0.981402,0.963149
2060,75,1.43879,2.07013
2060,76,1.80688,3.2648
2060,77,2.04606,4.18636
2060,78,2.1275,4.52625
2060,79,2.03736,4.15085
2060,80,1.77941,3.1663
2060,81,1.37531,1.89149
2060,82,0.862734,0.74431
2060,83,0.291514,0.0849805
2060,84,-0.282165,0.0796169
2060,85,-0.80277,0.64444
2060,86,-1.22227,1.49395
2060,87,-1.50595,2.26788
2060,88,-1.63644,2.67793
2060,89,-1.61554,2.60998
2060,90,-1.46331,2.14128
2060,91,-1.21435,1.47463
2060,92,-0.91224,0.832181
2060,93,-0.602961,0.363563
2060,94,-0.327847,0.107484
2060,95,-0.117515,0.0138099
2060,96,0.0122768,0.00015072
2060,97,0.0622825,0.0038791
2060,98,0.0487402,0.00237561
2060,99,0,0
2070,0,0,0
2070,1,-0.038076,0.00144978
2070,2,-0.0450417,0.00202875
2070,3,0.00426096,1.81558e-05
2070,4,0.124187,0.0154225
2070,5,0.31515,0.0993193
2070,6,0.562536,0.316447
2070,7,0.838246,0.702656
2070,8,1.1048,1.22057
2070,9,1.32079,1.74447
2070,10,1.44707,2.094
2070,11,1.45289,2.11089
2070,12,1.32104,1.74515
2070,13,1.05093,1.10445
2070,14,0.659244,0.434603
2070,15,0.178394,0.0318243
2070,16,-0.347257,0.120587
2070,17,-0.866779,0.751306
2070,18,-1.32899,1.76622
2070,19,-1.68862,2.85143
2070,20,-1.91145,3.65363
2070,21,-1.9781,3.91287
2070,22,-1.88564,3.55565
2070,23,-1.64729,2.71358
2070,24,-1.29003,1.66417
2070,25,-0.850594,0.72351
2070,26,-0.370804,0.137496
2070,27,0.107387,0.011532
2070,28,0.546422,0.298577
2070,29,0.916682,0.840305
2070,30,1.19892,1.4374
2070,31,1.38507,1.91842
2070,32,1.47759,2.18328
2070,33,1.48794,2.21397
2070,34,1.43402,2.05642
2070,35,1.33725,1.78825
2070,36,1.21978,1.48786
2070,37,1.10197,1.21434
2070,38,1.00047,1.00094
2070,39,0.927023,0.859372
2070,40,0.888095,0.788713
2070,41,0.885001,0.783227
2070,42,0.914581,0.836459
2070,43,0.970286,0.941455
2070,44,1.04329,1.08846
2070,45,1.12373,1.26277
2070,46,1.20186,1.44446
2070,47,1.2689,1.61011
2070,48,1.31778,1.73654
2070,49,1.34352,1.80503
2070,50,1.34351,1.80503
2070,51,1.31778,1.73654
2070,52,1.2689,1.61011
2070,53,1.20186,1.44446
2070,54,1.12373,1.26277
2070,55,1.04329,1.08846
2070,56,0.970287,0.941456
2070,57,0.914584,0.836463
2070,58,0.885003,0.783231
2070,59,0.888098,0.788719
2070,60,0.927027,0.859379
2070,61,1.00047,1.00095
2070,62,1.10197,1.21434
2070,63,1.21978,1.48786
2070,64,1.33726,1.78825
2070,65,1.43402,2.05642
2070,66,1.48794,2.21396
2070,67,1.47759,2.18328
2070,68,1.38507,1.91841
2070,69,1.19892,1.4374
2070,70,0.916683,0.840309
2070,71,0.546424,0.29858
2070,72,0.10739,0.0115326
2070,73,-0.370804,0.137496
2070,74,-0.850594,0.723511
2070,75,-1.29003,1.66417
2070,76,-1.64729,2.71356
2070,77,-1.88565,3.55566
2070,78,-1.9781,3.91287
2070,79,-1.91145,3.65363
2070,80,-1.68862,2.85143
2070,81,-1.32899,1.76623
2070,82,-0.866776,0.751301
2070,83,-0.347257,0.120587
2070,84,0.178396,0.0318251
2070,85,0.659244,0.434602
2070,86,1.05093,1.10445
2070,87,1.32104,1.74515
2070,88,1.45289,2.1109
2070,89,1.44707,2.09401
2070,90,1.32078,1.74447
2070,91,1.1048,1.22057
2070,92,0.838247,0.702658
2070,93,0.562538,0.316449
2070,94,0.315154,0.0993224
2070,95,0.124188,0.0154226
2070,96,0.00425993,1.8147e-05
2070,97,-0.0450432,0.00202889
2070,98,-0.0380775,0.0014499
2070,99,0,0
2080,0,0,0
2080,1,0.0276452,0.000764257
2080,2,0.0282191,0.00079632
2080,3,-0.0203223,0.000412996
2080,4,-0.130345,0.0169899
2080,5,-0.301531,0.0909211
2080,6,-0.520306,0.270719
2080,7,-0.761458,0.579819
2080,8,-0.991525,0.983122
2080,9,-1.17371,1.37759
2080,10,-1.27363,1.62214
2080,11,-1.26465,1.59934
2080,12,-1.13223,1.28195
2080,13,-0.87678,0.768744
2080,14,-0.514272,0.264476
2080,15,-0.0748363,0.00560048
2080,16,0.400922,0.160739
2080,17,0.866886,0.751492
2080,18,1.27693,1.63054
2080,19,1.59047,2.52959
2080,20,1.77712,3.15817
2080,21,1.81996,3.31224
2080,22,1.71695,2.94793
2080,23,1.48064,2.19228
2080,24,1.13584,1.29013
2080,25,0.716295,0.513078
2080,26,0.260504,0.0678624
2080,27,-0.192766,0.0371588
2080,28,-0.608671,0.37048
2080,29,-0.959558,0.920751
2080,30,-1.22708,1.50572
2080,31,-1.40309,1.96865
2080,32,-1.4892,2.21771
2080,33,-1.49526,2.23582
2080,34,-1.43727,2.06576
2080,35,-1.33502,1.78227
2080,36,-1.20951,1.46292
2080,37,-1.08041,1.16729
2080,38,-0.964378,0.930024
2080,39,-0.873899,0.7637
2080,40,-0.81646,0.666606
2080,41,-0.794614,0.631412
2080,42,-0.806548,0.650519
2080,43,-0.846793,0.717058
2080,44,-0.907232,0.82307
2080,45,-0.978206,0.956888
2080,46,-1.04976,1.102
2080,47,-1.11272,1.23814
2080,48,-1.15938,1.34415
2080,49,-1.18419,1.40231
2080,50,-1.18419,1.40231
2080,51,-1.15938,1.34415
2080,52,-1.11272,1.23814
2080,53,-1.04976,1.10201
2080,54,-0.978204,0.956883
2080,55,-0.907233,0.823072
2080,56,-0.846793,0.717059
2080,57,-0.80655,0.650523
2080,58,-0.794614,0.631412
2080,59,-0.816459,0.666606
2080,60,-0.8739,0.763701
2080,61,-0.964375,0.93002
2080,62,-1.08041,1.16729
2080,63,-1.20951,1.46292
2080,64,-1.33502,1.78227
2080,65,-1.43727,2.06575
2080,66,-1.49527,2.23582
2080,67,-1.4892,2.21771
2080,68,-1.40308,1.96865
2080,69,-1.22707,1.50571
2080,70,-0.959555,0.920746
2080,71,-0.60867,0.370479
2080,72,-0.192765,0.0371582
2080,73,0.260503,0.067862
2080,74,0.716296,0.51308
2080,75,1.13584,1.29013
2080,76,1.48064,2.1923
2080,77,1.71695,2.94793
2080,78,1.81996,3.31224
2080,79,1.77712,3.15817
2080,80,1.59047,2.52958
2080,81,1.27692,1.63054
2080,82,0.866886,0.751491
2080,83,0.400924,0.16074
2080,84,-0.0748359,0.00560041
2080,85,-0.51427,0.264474
2080,86,-0.876781,0.768744
2080,87,-1.13223,1.28195
2080,88,-1.26465,1.59934
2080,89,-1.27363,1.62214
2080,90,-1.17371,1.37759
2080,91,-0.991524,0.983119
2080,92,-0.761456,0.579816
2080,93,-0.520307,0.270719
2080,94,-0.301532,0.0909213
2080,95,-0.130344,0.0169896
2080,96,-0.020322,0.000412984
2080,97,0.0282198,0.000796358
2080,98,0.0276459,0.000764298
2080,99,0,0
2090,0,0,0
2090,1,-0.0168252,0.000283088
2090,2,-0.0105347,0.00011098
2090,3,0.0373741,0.00139683
2090,4,0.137002,0.0187697
2090,5,0.287561,0.0826915
2090,6,0.476776,0.227315
2090,7,0.682288,0.465518
2090,8,0.874818,0.765307
2090,9,1.02248,1.04546
2090,10,1.09566,1.20048
2090,11,1.07189,1.14895
2090,12,0.939492,0.882645
2090,13,0.699907,0.48987
2090,14,0.368314,0.135655
2090,15,-0.0278319,0.000774613
2090,16,-0.451938,0.204248
2090,17,-0.862775,0.74438
2090,18,-1.21949,1.48716
2090,19,-1.48626,2.20898
2090,20,-1.63641,2.67782
2090,21,-1.65536,2.74021
2090,22,-1.54207,2.37799
2090,23,-1.30844,1.71201
2090,24,-0.977259,0.955036
2090,25,-0.579262,0.335545
2090,26,-0.149391,0.0223177
2090,27,0.277098,0.0767836
2090,28,0.668301,0.446626
2090,29,0.998625,0.997252
2090,30,1.2507,1.56425
2090,31,1.41613,2.00543
2090,32,1.49537,2.23612
2090,33,1.49672,2.24018
2090,34,1.43462,2.05815
2090,35,1.3272,1.76146
2090,36,1.194,1.42565
2090,37,1.05412,1.11116
2090,38,0.924274,0.854283
2090,39,0.817377,0.668105
2090,40,0.741936,0.550469
2090,41,0.701818,0.492548
2090,42,0.69635,0.484903
2090,43,0.721029,0.519883
2090,44,0.768459,0.59053
2090,45,0.829376,0.687865
2090,46,0.893806,0.798889
2090,47,0.952128,0.906548
2090,48,0.996115,0.992245
2090,49,1.01971,1.0398
2090,50,1.01971,1.03981
2090,51,0.996113,0.99224
2090,52,0.952131,0.906554
2090,53,0.893804,0.798886
2090,54,0.829376,0.687865
2090,55,0.768456,0.590524
2090,56,0.721028,0.519881
2090,57,0.696348,0.484901
2090,58,0.701816,0.492546
2090,59,0.741935,0.550467
2090,60,0.817377,0.668105
2090,61,0.924273,0.85428
2090,62,1.05412,1.11117
2090,63,1.194,1.42564
2090,64,1.3272,1.76146
2090,65,1.43462,2.05814
2090,66,1.49672,2.24017
2090,67,1.49537,2.23612
2090,68,1.41613,2.00543
2090,69,1.2507,1.56425
2090,70,0.998624,0.99725
2090,71,0.6683,0.446624
2090,72,0.277101,0.0767847
2090,73,-0.149391,0.0223177
2090,74,-0.579261,0.335544
2090,75,-0.97726,0.955037
2090,76,-1.30844,1.71201
2090,77,-1.54207,2.37798
2090,78,-1.65536,2.74022
2090,79,-1.6364,2.67782
2090,80,-1.48626,2.20898
2090,81,-1.21949,1.48716
2090,82,-0.862775,0.744381
2090,83,-0.451939,0.204249
2090,84,-0.0278315,0.000774594
2090,85,0.368315,0.135656
2090,86,0.699908,0.489871
2090,87,0.93949,0.882641
2090,88,1.07189,1.14895
2090,89,1.09566,1.20048
2090,90,1.02248,1.04546
2090,91,0.874818,0.765307
2090,92,0.682289,0.465518
2090,93,0.476777,0.227316
2090,94,0.287561,0.0826916
2090,95,0.137,0.0187691
2090,96,0.0373747,0.00139687
2090,97,-0.0105364,0.000111015
2090,98,-0.0168245,0.000283063
2090,99,0,0
2100,0,0,0
2100,1,0.0058131,3.37922e-05
2100,2,-0.00726597,5.27943e-05
2100,3,-0.0542158,0.00293936
2100,4,-0.142924,0.0204273
2100,5,-0.272098,0.0740375
2100,6,-0.430844,0.185627
2100,7,-0.599929,0.359915
2100,8,-0.754333,0.569019
2100,9,-0.867093,0.751851
2100,10,-0.913504,0.83449
2100,11,-0.875165,0.765913
2100,12,-0.743207,0.552356
2100,13,-0.520243,0.270652
2100,14,-0.220706,0.0487113
2100,15,0.130648,0.0170688
2100,16,0.501503,0.251505
2100,17,0.855749,0.732307
2100,18,1.15779,1.34048
2100,19,1.37675,1.89545
2100,20,1.49,2.2201
2100,21,1.48544,2.20653
2100,22,1.3626,1.85669
2100,23,1.13249,1.28253
2100,24,0.815802,0.665533
2100,25,0.440198,0.193774
2100,26,0.0370853,0.00137532
2100,27,-0.361699,0.130826
2100,28,-0.727159,0.52876
2100,29,-1.03581,1.0729
2100,30,-1.27134,1.6163
2100,31,-1.42535,2.03163
2100,32,-1.49742,2.24226
2100,33,-1.49428,2.23287
2100,34,-1.42837,2.04025
2100,35,-1.31606,1.732
2100,36,-1.1756,1.38203
2100,37,-1.0252,1.05104
2100,38,-0.881436,0.77693
2100,39,-0.757936,0.574466
2100,40,-0.664324,0.441327
2100,41,-0.60566,0.366825
2100,42,-0.582584,0.339404
2100,43,-0.591677,0.350081
2100,44,-0.626142,0.392054
2100,45,-0.676918,0.458218
2100,46,-0.733842,0.538524
2100,47,-0.786933,0.619263
2100,48,-0.827621,0.684956
2100,49,-0.849615,0.721846
2100,50,-0.849615,0.721846
2100,51,-0.827621,0.684957
2100,52,-0.786935,0.619267
2100,53,-0.733842,0.538523
2100,54,-0.676917,0.458217
2100,55,-0.626142,0.392054
2100,56,-0.591678,0.350083
2100,57,-0.582586,0.339407
2100,58,-0.605661,0.366826
2100,59,-0.664327,0.44133
2100,60,-0.757937,0.574469
2100,61,-0.881439,0.776934
2100,62,-1.0252,1.05104
2100,63,-1.1756,1.38204
2100,64,-1.31605,1.73199
2100,65,-1.42837,2.04025
2100,66,-1.49428,2.23287
2100,67,-1.49742,2.24226
2100,68,-1.42535,2.03164
2100,69,-1.27134,1.6163
2100,70,-1.03581,1.0729
2100,71,-0.727163,0.528766
2100,72,-0.361701,0.130828
2100,73,0.0370842,0.00137524
2100,74,0.440198,0.193774
2100,75,0.815803,0.665534
2100,76,1.13249,1.28252
2100,77,1.3626,1.85669
2100,78,1.48544,2.20652
2100,79,1.49,2.2201
2100,80,1.37676,1.89546
2100,81,1.15779,1.34048
2100,82,0.85575,0.732309
2100,83,0.501505,0.251507
2100,84,0.130646,0.0170685
2100,85,-0.220706,0.0487114
2100,86,-0.520243,0.270653
2100,87,-0.743208,0.552358
2100,88,-0.875168,0.765918
2100,89,-0.913506,0.834492
2100,90,-0.867091,0.751848
2100,91,-0.754333,0.569018
2100,92,-0.599927,0.359912
2100,93,-0.430843,0.185626
2100,94,-0.272097,0.0740368
2100,95,-0.142925,0.0204274
2100,96,-0.0542149,0.00293926
2100,97,-0.00726599,5.27947e-05
2100,98,0.00581234,3.37833e-05
2100,99,0,0
2110,0,0,0
2110,1,0.00536556,2.87893e-05
2110,2,0.0254164,0.000645995
2110,3,0.0715099,0.00511367
2110,4,0.149116,0.0222356
2110,5,0.256452,0.0657679
2110,6,0.384081,0.147519
2110,7,0.515864,0.266115
2110,8,0.631235,0.398458
2110,9,0.708337,0.501741
2110,10,0.727468,0.52921
2110,11,0.674488,0.454934
2110,12,0.54344,0.295327
2110,13,0.337964,0.114219
2110,14,0.0714483,0.00510486
2110,15,-0.234108,0.0548067
2110,16,-0.550636,0.303199
2110,17,-0.847247,0.717827
2110,18,-1.09374,1.19626
2110,19,-1.26415,1.59807
2110,20,-1.33975,1.79493
2110,21,-1.31106,1.71887
2110,22,-1.17862,1.38914
2110,23,-0.952574,0.907398
2110,24,-0.651326,0.424226
2110,25,-0.299315,0.0895895
2110,26,0.0757652,0.00574037
2110,27,0.445712,0.198659
2110,28,0.784565,0.615542
2110,29,1.07085,1.14673
2110,30,1.28926,1.6622
2110,31,1.43143,2.049
2110,32,1.49594,2.23784
2110,33,1.48787,2.21377
2110,34,1.41792,2.01051
2110,35,1.30076,1.69197
2110,36,1.15317,1.32981
2110,37,0.992606,0.985267
2110,38,0.835523,0.698099
2110,39,0.696033,0.484462
2110,40,0.584704,0.341879
2110,41,0.507753,0.257813
2110,42,0.46696,0.218052
2110,43,0.459976,0.211578
2110,44,0.480875,0.23124
2110,45,0.520955,0.271394
2110,46,0.57007,0.324979
2110,47,0.617955,0.381868
2110,48,0.655574,0.429778
2110,49,0.676188,0.457231
2110,50,0.676191,0.457234
2110,51,0.655573,0.429777
2110,52,0.617955,0.381869
2110,53,0.570068,0.324977
2110,54,0.520959,0.271398
2110,55,0.480873,0.231239
2110,56,0.45998,0.211581
2110,57,0.466961,0.218053
2110,58,0.507756,0.257816
2110,59,0.584705,0.34188
2110,60,0.696035,0.484465
2110,61,0.835523,0.698099
2110,62,0.992606,0.985266
2110,63,1.15317,1.32981
2110,64,1.30075,1.69196
2110,65,1.41793,2.01051
2110,66,1.48787,2.21376
2110,67,1.49594,2.23784
2110,68,1.43143,2.04899
2110,69,1.28926,1.6622
2110,70,1.07085,1.14673
2110,71,0.784566,0.615544
2110,72,0.445714,0.198661
2110,73,0.075765,0.00574033
2110,74,-0.299315,0.0895892
2110,75,-0.651327,0.424227
2110,76,-0.952574,0.907398
2110,77,-1.17862,1.38915
2110,78,-1.31106,1.71888
2110,79,-1.33975,1.79494
2110,80,-1.26415,1.59808
2110,81,-1.09374,1.19626
2110,82,-0.847248,0.71783
2110,83,-0.550637,0.303201
2110,84,-0.23411,0.0548075
2110,85,0.0714487,0.00510491
2110,86,0.337961,0.114217
2110,87,0.543438,0.295324
2110,88,0.67449,0.454937
2110,89,0.727469,0.529211
2110,90,0.708337,0.501742
2110,91,0.631236,0.398459
2110,92,0.515866,0.266118
2110,93,0.384081,0.147519
2110,94,0.256452,0.0657676
2110,95,0.149114,0.0222351
2110,96,0.0715096,0.00511363
2110,97,0.0254173,0.00064604
2110,98,0.00536492,2.87824e-05
2110,99,0,0
2120,0,0,0
2120,1,-0.016748,0.000280497
2120,2,-0.0437133,0.00191086
2120,3,-0.0887292,0.00787286
2120,4,-0.155107,0.0240582
2120,5,-0.240506,0.057843
2120,6,-0.336791,0.113428
2120,7,-0.430947,0.185715
2120,8,-0.506904,0.256952
2120,9,-0.547962,0.300262
2120,10,-0.539584,0.291151
2120,11,-0.471989,0.222774
2120,12,-0.342112,0.117041
2120,13,-0.154676,0.0239248
2120,14,0.0778951,0.00606764
2120,15,0.336578,0.113285
2120,16,0.597702,0.357247
2120,17,0.835605,0.698235
2120,18,1.02569,1.05203
2120,19,1.14713,1.31591
2120,20,1.18521,1.40472
2120,21,1.13286,1.28338
2120,22,0.991456,0.982985
2120,23,0.770298,0.593359
2120,24,0.485427,0.235639
2120,25,0.157962,0.0249518
2120,26,-0.188022,0.0353522
2120,27,-0.52796,0.278741
2120,28,-0.83904,0.703988
2120,29,-1.10205,1.21451
2120,30,-1.30268,1.69698
2120,31,-1.43246,2.05195
2120,32,-1.48906,2.21729
2120,33,-1.47604,2.17868
2120,34,-1.4022,1.96616
2120,35,-1.28044,1.63952
2120,36,-1.12626,1.26846
2120,37,-0.956205,0.914328
2120,38,-0.786532,0.618632
2120,39,-0.631771,0.399135
2120,40,-0.503294,0.253304
2120,41,-0.408475,0.166852
2120,42,-0.350295,0.122707
2120,43,-0.327416,0.107201
2120,44,-0.334704,0.112027
2120,45,-0.363921,0.132438
2120,46,-0.404976,0.164005
2120,47,-0.447355,0.200127
2120,48,-0.481589,0.231928
2120,49,-0.500617,0.250618
2120,50,-0.500616,0.250617
2120,51,-0.481587,0.231926
2120,52,-0.447355,0.200127
2120,53,-0.404977,0.164007
2120,54,-0.363923,0.13244
2120,55,-0.334703,0.112026
2120,56,-0.327418,0.107202
2120,57,-0.350294,0.122706
2120,58,-0.408476,0.166852
2120,59,-0.503295,0.253305
2120,60,-0.631772,0.399135
2120,61,-0.786532,0.618633
2120,62,-0.956205,0.914329
2120,63,-1.12626,1.26846
2120,64,-1.28044,1.63952
2120,65,-1.4022,1.96617
2120,66,-1.47604,2.1787
2120,67,-1.48906,2.2173
2120,68,-1.43246,2.05195
2120,69,-1.30268,1.69697
2120,70,-1.10204,1.2145
2120,71,-0.83904,0.703987
2120,72,-0.527959,0.278741
2120,73,-0.188019,0.0353513
2120,74,0.15796,0.0249512
2120,75,0.485426,0.235638
2120,76,0.770299,0.59336
2120,77,0.991455,0.982982
2120,78,1.13286,1.28338
2120,79,1.18521,1.40472
2120,80,1.14714,1.31592
2120,81,1.02569,1.05204
2120,82,0.835605,0.698236
2120,83,0.597702,0.357247
2120,84,0.33658,0.113286
2120,85,0.0778947,0.00606758
2120,86,-0.154679,0.0239255
2120,87,-0.342115,0.117043
2120,88,-0.471991,0.222776
2120,89,-0.539584,0.291151
2120,90,-0.547963,0.300263
2120,91,-0.506905,0.256952
2120,92,-0.430945,0.185714
2120,93,-0.33679,0.113427
2120,94,-0.240505,0.0578428
2120,95,-0.155106,0.0240578
2120,96,-0.0887272,0.00787252
2120,97,-0.0437131,0.00191084
2120,98,-0.0167459,0.000280427
2120,99,0,0
2130,0,0,0
2130,1,0.0278044,0.000773084
2130,2,0.0614106,0.00377126
2130,3,0.104996,0.0110241
2130,4,0.159732,0.0255144
2130,5,0.222861,0.0496671
2130,6,0.287624,0.0827278
2130,7,0.344125,0.118422
2130,8,0.380734,0.144958
2130,9,0.385931,0.148943
2130,10,0.350285,0.1227
2130,11,0.268347,0.0720102
2130,12,0.139965,0.0195901
2130,13,-0.0291124,0.000847533
2130,14,-0.227366,0.0516953
2130,15,-0.438549,0.192325
2130,16,-0.643358,0.41391
2130,17,-0.821594,0.675017
2130,18,-0.954405,0.910889
2130,19,-1.02624,1.05317
2130,20,-1.02649,1.05369
2130,21,-0.950708,0.903845
2130,22,-0.800939,0.641503
2130,23,-0.58553,0.342845
2130,24,-0.318206,0.101255
2130,25,-0.0167261,0.000279764
2130,26,0.298669,0.0892033
2130,27,0.60717,0.368655
2130,28,0.889162,0.790609
2130,29,1.12769,1.27169
2130,30,1.30964,1.71516
2130,31,1.42656,2.03507
2130,32,1.47523,2.17629
2130,33,1.45774,2.12502
2130,34,1.38096,1.90705
2130,35,1.25572,1.57683
2130,36,1.09592,1.20105
2130,37,0.917258,0.841362
2130,38,0.735672,0.541213
2130,39,0.565983,0.320337
2130,40,0.420563,0.176874
2130,41,0.308111,0.0949326
2130,42,0.232848,0.0542183
2130,43,0.194474,0.03782
2130,44,0.188531,0.0355439
2130,45,0.207135,0.0429048
2130,46,0.240199,0.0576956
2130,47,0.277023,0.0767419
2130,48,0.307832,0.0947606
2130,49,0.325225,0.105771
2130,50,0.325223,0.10577
2130,51,0.307832,0.0947603
2130,52,0.277024,0.0767422
2130,53,0.240202,0.0576972
2130,54,0.207138,0.0429061
2130,55,0.188532,0.0355444
2130,56,0.194476,0.0378209
2130,57,0.232851,0.0542195
2130,58,0.308112,0.0949332
2130,59,0.420566,0.176875
2130,60,0.565983,0.320336
2130,61,0.735671,0.541212
2130,62,0.917259,0.841365
2130,63,1.09592,1.20105
2130,64,1.25572,1.57683
2130,65,1.38096,1.90704
2130,66,1.45774,2.12502
2130,67,1.47523,2.1763
2130,68,1.42656,2.03507
2130,69,1.30964,1.71517
2130,70,1.12769,1.27169
2130,71,0.889165,0.790614
2130,72,0.607172,0.368658
2130,73,0.298671,0.0892041
2130,74,-0.0167274,0.000279804
2130,75,-0.318206,0.101255
2130,76,-0.585528,0.342843
2130,77,-0.800936,0.641499
2130,78,-0.950703,0.903836
2130,79,-1.02649,1.05368
2130,80,-1.02624,1.05317
2130,81,-0.954406,0.91089
2130,82,-0.821592,0.675014
2130,83,-0.64336,0.413912
2130,84,-0.438547,0.192323
2130,85,-0.227365,0.0516948
2130,86,-0.0291129,0.000847562
2130,87,0.139965,0.0195901
2130,88,0.268348,0.0720107
2130,89,0.350289,0.122702
2130,90,0.385931,0.148943
2130,91,0.380733,0.144957
2130,92,0.344121,0.118419
2130,93,0.287623,0.0827268
2130,94,0.22286,0.0496667
2130,95,0.159731,0.0255141
2130,96,0.104993,0.0110236
2130,97,0.0614122,0.00377145
2130,98,0.0278021,0.000772955
2130,99,0,0
2140,0,0,0
2140,1,-0.0384443,0.00147796
2140,2,-0.0783532,0.00613923
2140,3,-0.120321,0.0144771
2140,4,-0.163263,0.0266547
2140,5,-0.20392,0.0415835
2140,6,-0.236916,0.0561291
2140,7,-0.255461,0.0652604
2140,8,-0.252464,0.0637381
2140,9,-0.221682,0.0491428
2140,10,-0.158923,0.0252565
2140,11,-0.0630927,0.00398069
2140,12,0.0630511,0.00397544
2140,13,0.212772,0.0452719
2140,14,0.375681,0.141136
2140,15,0.538518,0.290002
2140,16,0.686508,0.471293
2140,17,0.804863,0.647805
2140,18,0.880263,0.774862
2140,19,0.902293,0.814133
2140,20,0.864536,0.747422
2140,21,0.765168,0.585483
2140,22,0.607118,0.368592
2140,23,0.397905,0.158329
2140,24,0.149016,0.0222057
2140,25,-0.125169,0.0156673
2140,26,-0.408479,0.166855
2140,27,-0.684102,0.467995
2140,28,-0.935778,0.87568
2140,29,-1.14893,1.32003
2140,30,-1.31162,1.72036
2140,31,-1.4155,2.00365
2140,32,-1.45642,2.12117
2140,33,-1.43469,2.05835
2140,34,-1.3551,1.83629
2140,35,-1.22662,1.50461
2140,36,-1.06166,1.12712
2140,37,-0.874924,0.765492
2140,38,-0.682069,0.465218
2140,39,-0.498234,0.248237
2140,40,-0.336604,0.113302
2140,41,-0.206955,0.0428306
2140,42,-0.114816,0.0131828
2140,43,-0.0610471,0.00372674
2140,44,-0.0419124,0.00175665
2140,45,-0.0499736,0.00249736
2140,46,-0.0752218,0.00565832
2140,47,-0.106689,0.0113826
2140,48,-0.134267,0.0180276
2140,49,-0.150174,0.0225523
2140,50,-0.150176,0.0225527
2140,51,-0.134268,0.0180279
2140,52,-0.106692,0.0113833
2140,53,-0.0752212,0.00565823
2140,54,-0.0499744,0.00249744
2140,55,-0.0419107,0.00175651
2140,56,-0.0610457,0.00372658
2140,57,-0.114817,0.0131829
2140,58,-0.206959,0.0428318
2140,59,-0.336602,0.113301
2140,60,-0.498235,0.248238
2140,61,-0.68207,0.46522
2140,62,-0.874924,0.765492
2140,63,-1.06166,1.12712
2140,64,-1.22662,1.50461
2140,65,-1.3551,1.83629
2140,66,-1.43469,2.05834
2140,67,-1.45643,2.12117
2140,68,-1.4155,2.00365
2140,69,-1.31162,1.72036
2140,70,-1.14892,1.32003
2140,71,-0.935776,0.875676
2140,72,-0.684101,0.467994
2140,73,-0.408478,0.166854
2140,74,-0.12517,0.0156675
2140,75,0.149017,0.0222059
2140,76,0.397906,0.158329
2140,77,0.60712,0.368594
2140,78,0.765171,0.585487
2140,79,0.864539,0.747428
2140,80,0.902293,0.814133
2140,81,0.880263,0.774863
2140,82,0.804861,0.647802
2140,83,0.686506,0.47129
2140,84,0.538517,0.290001
2140,85,0.375683,0.141138
2140,86,0.212775,0.0452731
2140,87,0.0630542,0.00397583
2140,88,-0.0630914,0.00398053
2140,89,-0.158924,0.0252569
2140,90,-0.221682,0.049143
2140,91,-0.252463,0.0637375
2140,92,-0.255461,0.0652604
2140,93,-0.236913,0.056128
2140,94,-0.203918,0.0415827
2140,95,-0.163264,0.0266552
2140,96,-0.120318,0.0144764
2140,97,-0.0783513,0.00613892
2140,98,-0.038443,0.00147787
2140,99,0,0
2150,0,0,0
2150,1,0.048914,0.00239258
2150,2,0.0950194,0.00902868
2150,3,0.135282,0.0183012
2150,4,0.166271,0.027646
2150,5,0.184237,0.0339434
2150,6,0.18533,0.0343471
2150,7,0.166044,0.0275707
2150,8,0.123775,0.0153201
2150,9,0.0573924,0.00329389
2150,10,-0.0321647,0.00103457
2150,11,-0.141646,0.0200637
2150,12,-0.265433,0.0704546
2150,13,-0.395666,0.156552
2150,14,-0.52286,0.273383
2150,15,-0.636757,0.40546
2150,16,-0.727151,0.528749
2150,17,-0.784741,0.615819
2150,18,-0.801986,0.643181
2150,19,-0.773846,0.598838
2150,20,-0.698166,0.487436
2150,21,-0.57577,0.331511
2150,22,-0.410437,0.168458
2150,23,-0.208674,0.0435449
2150,24,0.0205714,0.000423181
2150,25,0.266407,0.0709726
2150,26,0.51667,0.266948
2150,27,0.758568,0.575425
2150,28,0.979181,0.958795
2150,29,1.16631,1.36029
2150,30,1.30937,1.71444
2150,31,1.40006,1.96017
2150,32,1.43322,2.05412
2150,33,1.40741,1.98081
2150,34,1.32542,1.75674
2150,35,1.19421,1.42614
2150,36,1.02449,1.04958
2150,37,0.829984,0.688873
2150,38,0.62617,0.392089
2150,39,0.428504,0.183616
2150,40,0.250849,0.0629254
2150,41,0.104184,0.0108543
2150,42,-0.00459868,2.11479e-05
2150,43,-0.0735376,0.00540779
2150,44,-0.105586,0.0111485
2150,45,-0.10787,0.011636
2150,46,-0.0903275,0.00815906
2150,47,-0.0640894,0.00410745
2150,48,-0.0396812,0.00157459
2150,49,-0.0252648,0.000638311
2150,50,-0.025264,0.000638272
2150,51,-0.0396829,0.00157473
2150,52,-0.0640896,0.00410748
2150,53,-0.0903289,0.00815932
2150,54,-0.107871,0.0116361
2150,55,-0.105588,0.0111488
2150,56,-0.0735385,0.00540792
2150,57,-0.00460024,2.11622e-05
2150,58,0.104184,0.0108543
2150,59,0.25085,0.0629256
2150,60,0.428503,0.183615
2150,61,0.626169,0.392088
2150,62,0.829987,0.688879
2150,63,1.02449,1.04958
2150,64,1.19421,1.42615
2150,65,1.32542,1.75675
2150,66,1.40742,1.98082
2150,67,1.43322,2.05412
2150,68,1.40006,1.96017
2150,69,1.30937,1.71444
2150,70,1.16631,1.36029
2150,71,0.979182,0.958797
2150,72,0.758564,0.57542
2150,73,0.516669,0.266947
2150,74,0.266403,0.0709707
2150,75,0.020573,0.00042325
2150,76,-0.208674,0.0435447
2150,77,-0.410434,0.168456
2150,78,-0.575768,0.331508
2150,79,-0.698166,0.487436
2150,80,-0.773848,0.598841
2150,81,-0.801988,0.643184
2150,82,-0.784744,0.615823
2150,83,-0.727155,0.528755
2150,84,-0.636756,0.405459
2150,85,-0.522858,0.273381
2150,86,-0.395667,0.156552
2150,87,-0.265434,0.0704554
2150,88,-0.141646,0.0200637
2150,89,-0.0321645,0.00103455
2150,90,0.0573912,0.00329375
2150,91,0.123776,0.0153206
2150,92,0.166044,0.0275705
2150,93,0.185327,0.0343461
2150,94,0.184237,0.0339433
2150,95,0.166272,0.0276462
2150,96,0.135282,0.0183011
2150,97,0.0950198,0.00902875
2150,98,0.0489144,0.00239261
2150,99,0,0
2160,0,0,0
2160,1,-0.0592584,0.00351156
2160,2,-0.111436,0.012418
2160,3,-0.149906,0.0224718
2160,4,-0.168979,0.0285541
2160,5,-0.164419,0.0270335
2160,6,-0.133813,0.0179059
2160,7,-0.0768266,0.00590233
2160,8,0.0046227,2.13694e-05
2160,9,0.106392,0.0113193
2160,10,0.222468,0.049492
2160,11,0.345267,0.119209
2160,12,0.4662,0.217342
2160,13,0.576435,0.332277
2160,14,0.667608,0.4457
2160,15,0.732425,0.536446
2160,16,0.765178,0.585498
2160,17,0.762051,0.580721
2160,18,0.721289,0.520257
2160,19,0.643203,0.41371
2160,20,0.529846,0.280737
2160,21,0.384727,0.148015
2160,22,0.212497,0.0451551
2160,23,0.018779,0.000352651
2160,24,-0.190003,0.0361011
2160,25,-0.406657,0.16537
2160,26,-0.623172,0.388344
2160,27,-0.830682,0.690033
2160,28,-1.0197,1.03978
2160,29,-1.18042,1.39339
2160,30,-1.30342,1.6989
2160,31,-1.38052,1.90584
2160,32,-1.40565,1.97585
2160,33,-1.37577,1.89275
2160,34,-1.29162,1.66828
2160,35,-1.15808,1.34116
2160,36,-0.984295,0.968836
2160,37,-0.782894,0.612923
2160,38,-0.568861,0.323603
2160,39,-0.357958,0.128134
2160,40,-0.164924,0.0271998
2160,41,-0.00183565,3.3696e-06
2160,42,0.123249,0.0151903
2160,43,0.207274,0.0429626
2160,44,0.252358,0.0636848
2160,45,0.265216,0.0703393
2160,46,0.255689,0.065377
2160,47,0.235047,0.0552469
2160,48,0.214103,0.0458401
2160,49,0.201308,0.0405249
2160,50,0.201309,0.0405252
2160,51,0.214105,0.0458409
2160,52,0.235048,0.0552476
2160,53,0.25569,0.0653774
2160,54,0.265216,0.0703396
2160,55,0.252359,0.0636849
2160,56,0.207275,0.0429627
2160,57,0.12325,0.0151905
2160,58,-0.00183809,3.37859e-06
2160,59,-0.164923,0.0271995
2160,60,-0.357959,0.128135
2160,61,-0.568862,0.323604
2160,62,-0.782896,0.612925
2160,63,-0.984298,0.968842
2160,64,-1.15808,1.34116
2160,65,-1.29162,1.66828
2160,66,-1.37578,1.89276
2160,67,-1.40565,1.97586
2160,68,-1.38052,1.90584
2160,69,-1.30342,1.69891
2160,70,-1.18042,1.3934
2160,71,-1.0197,1.03978
2160,72,-0.830682,0.690033
2160,73,-0.623171,0.388342
2160,74,-0.406656,0.165369
2160,75,-0.190005,0.0361019
2160,76,0.0187752,0.000352508
2160,77,0.212498,0.0451555
2160,78,0.384728,0.148015
2160,79,0.529847,0.280737
2160,80,0.6432,0.413706
2160,81,0.721288,0.520256
2160,82,0.762049,0.580719
2160,83,0.765178,0.585498
2160,84,0.732424,0.536445
2160,85,0.667607,0.445699
2160,86,0.576432,0.332273
2160,87,0.466196,0.217339
2160,88,0.345266,0.119209
2160,89,0.222466,0.049491
2160,90,0.106391,0.0113192
2160,91,0.00461883,2.13336e-05
2160,92,-0.0768271,0.00590241
2160,93,-0.133815,0.0179064
2160,94,-0.164419,0.0270336
2160,95,-0.168977,0.0285533
2160,96,-0.149903,0.0224709
2160,97,-0.111437,0.0124181
2160,98,-0.0592574,0.00351144
2160,99,0,0
2170,0,0,0
2170,1,0.0695207,0.00483312
2170,2,0.127595,0.0162806
2170,3,0.164021,0.0269029
2170,4,0.171002,0.0292416
2170,5,0.143869,0.0206982
2170,6,0.0816338,0.00666407
2170,7,-0.0127545,0.000162678
2170,8,-0.132888,0.0176591
2170,9,-0.269574,0.0726701
2170,10,-0.411664,0.169467
2170,11,-0.547247,0.299479
2170,12,-0.664905,0.442099
2170,13,-0.754789,0.569706
2170,14,-0.8096,0.655452
2170,15,-0.825053,0.680713
2170,16,-0.799996,0.639994
2170,17,-0.736249,0.542063
2170,18,-0.637965,0.407
2170,19,-0.510684,0.260798
2170,20,-0.36054,0.129989
2170,21,-0.193592,0.0374779
2170,22,-0.0152718,0.000233228
2170,23,0.169862,0.0288531
2170,24,0.357905,0.128096
2170,25,0.545117,0.297153
2170,26,0.727489,0.52924
2170,27,0.900149,0.810269
2170,28,1.05701,1.11727
2170,29,1.19079,1.41799
2170,30,1.29338,1.67283
2170,31,1.35668,1.84057
2170,32,1.37374,1.88716
2170,33,1.3399,1.79534
2170,34,1.25383,1.57208
2170,35,1.1184,1.25081
2170,36,0.941051,0.885577
2170,37,0.73333,0.537772
2170,38,0.509744,0.259839
2170,39,0.286243,0.0819351
2170,40,0.0783632,0.0061408
2170,41,-0.100671,0.0101346
2170,42,-0.241664,0.0584013
2170,43,-0.340504,0.115943
2170,44,-0.398514,0.158813
2170,45,-0.42185,0.177957
2170,46,-0.420248,0.176608
2170,47,-0.405169,0.164162
2170,48,-0.387717,0.150324
2170,49,-0.376599,0.141827
2170,50,-0.3766,0.141827
2170,51,-0.387715,0.150323
2170,52,-0.405171,0.164164
2170,53,-0.420246,0.176607
2170,54,-0.421853,0.17796
2170,55,-0.398512,0.158812
2170,56,-0.340504,0.115943
2170,57,-0.241662,0.0584003
2170,58,-0.100673,0.010135
2170,59,0.0783639,0.00614089
2170,60,0.286241,0.0819339
2170,61,0.509748,0.259843
2170,62,0.733332,0.537776
2170,63,0.941057,0.885588
2170,64,1.11839,1.2508
2170,65,1.25383,1.57209
2170,66,1.3399,1.79534
2170,67,1.37374,1.88716
2170,68,1.35667,1.84056
2170,69,1.29338,1.67283
2170,70,1.1908,1.418
2170,71,1.05701,1.11727
2170,72,0.900148,0.810266
2170,73,0.727486,0.529236
2170,74,0.545118,0.297153
2170,75,0.357904,0.128095
2170,76,0.169863,0.0288533
2170,77,-0.0152731,0.000233268
2170,78,-0.193593,0.0374783
2170,79,-0.360543,0.129992
2170,80,-0.510686,0.2608
2170,81,-0.637966,0.407001
2170,82,-0.736249,0.542063
2170,83,-0.799996,0.639994
2170,84,-0.825055,0.680716
2170,85,-0.809599,0.655451
2170,86,-0.754791,0.569709
2170,87,-0.664906,0.4421
2170,88,-0.54725,0.299482
2170,89,-0.411664,0.169467
2170,90,-0.269574,0.0726704
2170,91,-0.132886,0.0176588
2170,92,-0.0127542,0.00016267
2170,93,0.0816323,0.00666383
2170,94,0.143869,0.0206983
2170,95,0.171003,0.0292419
2170,96,0.164019,0.0269023
2170,97,0.127595,0.0162804
2170,98,0.0695215,0.00483324
2170,99,0,0
2180,0,0,0
2180,1,-0.0798317,0.00637309
2180,2,-0.143908,0.0207094
2180,3,-0.178515,0.0318676
2180,4,-0.17362,0.030144
2180,5,-0.124112,0.0154039
2180,6,-0.0304359,0.000926344
2180,7,0.101376,0.0102771
2180,8,0.260318,0.0677656
2180,9,0.431845,0.18649
2180,10,0.599679,0.359615
2180,11,0.747595,0.558899
2180,12,0.861386,0.741986
2180,13,0.930431,0.865701
2180,14,0.948642,0.899922
2180,15,0.914798,0.836856
2180,16,0.832351,0.692808
2180,17,0.708615,0.502135
2180,18,0.553384,0.306234
2180,19,0.377422,0.142448
2180,20,0.190982,0.0364741
2180,21,0.00260962,6.8101e-06
2180,22,-0.181438,0.0329199
2180,23,-0.357461,0.127778
2180,24,-0.524071,0.27465
2180,25,-0.681168,0.46399
2180,26,-0.828775,0.686868
2180,27,-0.966034,0.933221
2180,28,-1.09035,1.18887
2180,29,-1.19697,1.43274
2180,30,-1.27911,1.63611
2180,31,-1.32874,1.76554
2180,32,-1.3379,1.78999
2180,33,-1.30023,1.69061
2180,34,-1.21245,1.47003
2180,35,-1.07551,1.15673
2180,36,-0.895171,0.801331
2180,37,-0.681818,0.464875
2180,38,-0.449457,0.202012
2180,39,-0.214133,0.0458531
2180,40,0.00790515,6.24914e-05
2180,41,0.202385,0.0409598
2180,42,0.358975,0.128863
2180,43,0.47253,0.223284
2180,44,0.543516,0.29541
2180,45,0.57753,0.333541
2180,46,0.584106,0.34118
2180,47,0.574799,0.330394
2180,48,0.560962,0.314678
2180,49,0.551594,0.304256
2180,50,0.551595,0.304257
2180,51,0.56096,0.314676
2180,52,0.574799,0.330394
2180,53,0.584107,0.341181
2180,54,0.577531,0.333543
2180,55,0.543517,0.295411
2180,56,0.472533,0.223287
2180,57,0.358975,0.128863
2180,58,0.202388,0.0409607
2180,59,0.00790744,6.25276e-05
2180,60,-0.214132,0.0458526
2180,61,-0.449457,0.202011
2180,62,-0.681816,0.464873
2180,63,-0.895168,0.801325
2180,64,-1.07551,1.15672
2180,65,-1.21245,1.47003
2180,66,-1.30023,1.69061
2180,67,-1.33791,1.78999
2180,68,-1.32874,1.76554
2180,69,-1.27911,1.63611
2180,70,-1.19697,1.43274
2180,71,-1.09035,1.18886
2180,72,-0.966033,0.933219
2180,73,-0.828775,0.686869
2180,74,-0.681167,0.463988
2180,75,-0.524069,0.274648
2180,76,-0.357462,0.127779
2180,77,-0.181437,0.0329195
2180,78,0.0026119,6.82204e-06
2180,79,0.190983,0.0364746
2180,80,0.377423,0.142448
2180,81,0.553382,0.306231
2180,82,0.708616,0.502136
2180,83,0.832353,0.692811
2180,84,0.914797,0.836853
2180,85,0.948642,0.899922
2180,86,0.930429,0.865698
2180,87,0.861384,0.741983
2180,88,0.747596,0.5589
2180,89,0.599677,0.359613
2180,90,0.431845,0.18649
2180,91,0.260317,0.0677649
2180,92,0.101378,0.0102775
2180,93,-0.0304343,0.000926245
2180,94,-0.124109,0.015403
2180,95,-0.17362,0.0301439
2180,96,-0.178515,0.0318677
2180,97,-0.143907,0.0207094
2180,98,-0.0798323,0.0063732
2180,99,0,0
2190,0,0,0
2190,1,0.0895088,0.00801182
2190,2,0.159049,0.0252964
2190,3,0.191353,0.0366159
2190,4,0.174176,0.0303373
2190,5,0.10207,0.0104184
2190,6,-0.0228876,0.000523844
2190,7,-0.19144,0.0366494
2190,8,-0.38826,0.150746
2190,9,-0.593706,0.352487
2190,10,-0.786378,0.618391
2190,11,-0.94593,0.894783
2190,12,-1.05553,1.11415
2190,13,-1.10363,1.218
2190,14,-1.08518,1.17761
2190,15,-1.00206,1.00412
2190,16,-0.862363,0.743671
2190,17,-0.678858,0.460848
2190,18,-0.467024,0.218111
2190,19,-0.242856,0.0589792
2190,20,-0.0207193,0.000429291
2190,21,0.188262,0.0354427
2190,22,0.377227,0.1423
2190,23,0.543607,0.295509
2190,24,0.688427,0.473931
2190,25,0.815122,0.664423
2190,26,0.927787,0.860789
2190,27,1.02949,1.05985
2190,28,1.12098,1.25659
2190,29,1.19995,1.43989
2190,30,1.26104,1.59022
2190,31,1.29644,1.68074
2190,32,1.29736,1.68315
2190,33,1.25589,1.57725
2190,34,1.16673,1.36125
2190,35,1.02876,1.05835
2190,36,0.845999,0.715715
2190,37,0.627609,0.393893
2190,38,0.387101,0.149848
2190,39,0.140748,0.01981
2190,40,-0.0945794,0.00894527
2190,41,-0.303674,0.0922176
2190,42,-0.475071,0.225693
2190,43,-0.602651,0.363188
2190,44,-0.686127,0.47077
2190,45,-0.730619,0.533804
2190,46,-0.745421,0.555653
2190,47,-0.742124,0.550747
2190,48,-0.732161,0.536059
2190,49,-0.724635,0.525096
2190,50,-0.724634,0.525094
2190,51,-0.732164,0.536064
2190,52,-0.742122,0.550746
2190,53,-0.74542,0.555652
2190,54,-0.730615,0.533799
2190,55,-0.686133,0.470779
2190,56,-0.602649,0.363186
2190,57,-0.475071,0.225693
2190,58,-0.303672,0.0922165
2190,59,-0.0945814,0.00894564
2190,60,0.140749,0.0198102
2190,61,0.387101,0.149847
2190,62,0.627612,0.393897
2190,63,0.845999,0.715714
2190,64,1.02876,1.05835
2190,65,1.16673,1.36125
2190,66,1.25589,1.57726
2190,67,1.29736,1.68315
2190,68,1.29644,1.68075
2190,69,1.26104,1.59022
2190,70,1.19995,1.43989
2190,71,1.12098,1.25659
2190,72,1.02949,1.05985
2190,73,0.927787,0.860789
2190,74,0.815122,0.664424
2190,75,0.688429,0.473934
2190,76,0.543608,0.29551
2190,77,0.377229,0.142302
2190,78,0.188262,0.0354425
2190,79,-0.0207185,0.000429255
2190,80,-0.242857,0.0589795
2190,81,-0.467024,0.218112
2190,82,-0.678857,0.460846
2190,83,-0.862361,0.743667
2190,84,-1.00205,1.00411
2190,85,-1.08517,1.1776
2190,86,-1.10362,1.21799
2190,87,-1.05553,1.11415
2190,88,-0.945927,0.894778
2190,89,-0.786378,0.61839
2190,90,-0.593707,0.352489
2190,91,-0.38826,0.150746
2190,92,-0.191438,0.0366487
2190,93,-0.0228882,0.000523869
2190,94,0.10207,0.0104182
2190,95,0.174175,0.030337
2190,96,0.191352,0.0366154
2190,97,0.15905,0.0252969
2190,98,0.0895081,0.0080117
2190,99,0,0
2200,0,0,0
2200,1,-0.0985855,0.00971911
2200,2,-0.173156,0.0299831
2200,3,-0.202969,0.0411965
2200,4,-0.17368,0.0301648
2200,5,-0.0794584,0.00631364
2200,6,0.0762369,0.00581206
2200,7,0.281021,0.0789726
2200,8,0.5151,0.265328
2200,9,0.753774,0.568175
2200,10,0.970755,0.942366
2200,11,1.14159,1.30323
2200,12,1.24667,1.55419
2200,13,1.27363,1.62214
2200,14,1.21864,1.48509
2200,15,1.0866,1.18069
2200,16,0.890123,0.792319
2200,17,0.647439,0.419178
2200,18,0.379646,0.144131
2200,19,0.107885,0.0116393
2200,20,-0.149411,0.0223237
2200,21,-0.378653,0.143378
2200,22,-0.572199,0.327412
2200,23,-0.72847,0.530669
2200,24,-0.850996,0.724194
2200,25,-0.94671,0.896261
2200,26,-1.02377,1.04811
2200,27,-1.0893,1.18657
2200,28,-1.14752,1.3168
2200,29,-1.19862,1.43669
2200,30,-1.23852,1.53393
2200,31,-1.25965,1.58671
2200,32,-1.25239,1.56847
2200,33,-1.20718,1.45728
2200,34,-1.1168,1.24724
2200,35,-0.978187,0.95685
2200,36,-0.79362,0.629833
2200,37,-0.57104,0.326086
2200,38,-0.323389,0.10458
2200,39,-0.0669882,0.00448742
2200,40,0.180733,0.0326643
2200,41,0.403697,0.162971
2200,42,0.589455,0.347458
2200,43,0.73077,0.534025
2200,44,0.826447,0.683014
2200,45,0.88117,0.776461
2200,46,0.904021,0.817253
2200,47,0.906491,0.821727
2200,48,0.900214,0.810386
2200,49,0.89452,0.800165
2200,50,0.894522,0.80017
2200,51,0.900216,0.810389
2200,52,0.906487,0.821718
2200,53,0.90402,0.817252
2200,54,0.881172,0.776464
2200,55,0.826446,0.683013
2200,56,0.73077,0.534024
2200,57,0.589456,0.347458
2200,58,0.403695,0.16297
2200,59,0.180732,0.0326642
2200,60,-0.0669881,0.00448741
2200,61,-0.323389,0.10458
2200,62,-0.571036,0.326082
2200,63,-0.793619,0.629831
2200,64,-0.978187,0.956849
2200,65,-1.1168,1.24724
2200,66,-1.20718,1.45728
2200,67,-1.25239,1.56848
2200,68,-1.25965,1.58672
2200,69,-1.23852,1.53394
2200,70,-1.19862,1.43668
2200,71,-1.14752,1.3168
2200,72,-1.0893,1.18657
2200,73,-1.02377,1.04811
2200,74,-0.946711,0.896262
2200,75,-0.850995,0.724193
2200,76,-0.728466,0.530663
2200,77,-0.572199,0.327412
2200,78,-0.378651,0.143376
2200,79,-0.14941,0.0223235
2200,80,0.107882,0.0116386
2200,81,0.379647,0.144132
2200,82,0.64744,0.419178
2200,83,0.89012,0.792313
2200,84,1.0866,1.18069
2200,85,1.21864,1.48509
2200,86,1.27363,1.62214
2200,87,1.24667,1.5542
2200,88,1.14159,1.30323
2200,89,0.970755,0.942366
2200,90,0.753774,0.568176
2200,91,0.5151,0.265328
2200,92,0.28102,0.0789723
2200,93,0.0762329,0.00581145
2200,94,-0.0794599,0.00631388
2200,95,-0.17368,0.0301646
2200,96,-0.20297,0.0411967
2200,97,-0.173157,0.0299832
2200,98,-0.098587,0.00971939
2200,99,0,0
2210,0,0,0
2210,1,0.107377,0.0115298
2210,2,0.186616,0.0348256
2210,3,0.213757,0.045692
2210,4,0.172482,0.0297502
2210,5,0.0565078,0.00319313
2210,6,-0.129333,0.0167271
2210,7,-0.369478,0.136514
2210,8,-0.639751,0.409281
2210,9,-0.910617,0.829224
2210,10,-1.15102,1.32484
2210,11,-1.33242,1.77534
2210,12,-1.43254,2.05218
2210,13,-1.43823,2.0685
2210,14,-1.34686,1.81403
2210,15,-1.16635,1.36036
2210,16,-0.913754,0.834946
2210,17,-0.612722,0.375428
2210,18,-0.290013,0.0841075
2210,19,0.0281928,0.000794835
2210,20,0.319552,0.102113
2210,21,0.567994,0.322618
2210,22,0.765167,0.585481
2210,23,0.910531,0.829066
2210,24,1.01013,1.02036
2210,25,1.07439,1.15431
2210,26,1.11549,1.24432
2210,27,1.14454,1.30998
2210,28,1.16921,1.36706
2210,29,1.19218,1.4213
2210,30,1.21072,1.46584
2210,31,1.21744,1.48217
2210,32,1.20197,1.44472
2210,33,1.15323,1.32993
2210,34,1.06201,1.12786
2210,35,0.923253,0.852395
2210,36,0.737618,0.54408
2210,37,0.511868,0.262009
2210,38,0.258186,0.0666598
2210,39,-0.00721095,5.19978e-05
2210,40,-0.266398,0.0709676
2210,41,-0.502398,0.252403
2210,42,-0.701692,0.492372
2210,43,-0.856083,0.732878
2210,44,-0.963587,0.9285
2210,45,-1.02819,1.05718
2210,46,-1.05874,1.12094
2210,47,-1.06685,1.13817
2210,48,-1.06421,1.13255
2210,49,-1.06027,1.12417
2210,50,-1.06027,1.12417
2210,51,-1.06421,1.13255
2210,52,-1.06685,1.13816
2210,53,-1.05874,1.12093
2210,54,-1.02819,1.05717
2210,55,-0.963586,0.928498
2210,56,-0.856083,0.732878
2210,57,-0.70169,0.492369
2210,58,-0.5024,0.252406
2210,59,-0.266398,0.0709681
2210,60,-0.00721247,5.20198e-05
2210,61,0.258185,0.0666596
2210,62,0.511865,0.262006
2210,63,0.737618,0.54408
2210,64,0.923253,0.852396
2210,65,1.06201,1.12786
2210,66,1.15323,1.32993
2210,67,1.20197,1.44472
2210,68,1.21744,1.48217
2210,69,1.21072,1.46584
2210,70,1.19218,1.4213
2210,71,1.16921,1.36706
2210,72,1.14454,1.30997
2210,73,1.11549,1.24432
2210,74,1.07439,1.15431
2210,75,1.01012,1.02035
2210,76,0.91053,0.829066
2210,77,0.765165,0.585478
2210,78,0.567995,0.322618
2210,79,0.319551,0.102113
2210,80,0.0281946,0.000794934
2210,81,-0.290012,0.0841071
2210,82,-0.612724,0.375431
2210,83,-0.913757,0.834952
2210,84,-1.16635,1.36037
2210,85,-1.34686,1.81404
2210,86,-1.43823,2.06851
2210,87,-1.43255,2.05219
2210,88,-1.33242,1.77534
2210,89,-1.15102,1.32485
2210,90,-0.910619,0.829226
2210,91,-0.639749,0.409279
2210,92,-0.36948,0.136516
2210,93,-0.129333,0.0167269
2210,94,0.0565079,0.00319315
2210,95,0.172483,0.0297504
2210,96,0.213758,0.0456924
2210,97,0.186618,0.0348264
2210,98,0.107379,0.0115302
2210,99,0,0
2220,0,0,0
2220,1,-0.115866,0.0134249
2220,2,-0.199686,0.0398746
2220,3,-0.224305,0.0503127
2220,4,-0.171356,0.0293629
2220,5,-0.034153,0.00116643
2220,6,0.181044,0.0327769
2220,7,0.4557,0.207663
2220,8,0.761416,0.579754
2220,9,1.06375,1.13157
2220,10,1.32687,1.76058
2220,11,1.51829,2.30522
2220,12,1.6132,2.60241
2220,13,1.59764,2.55245
2220,14,1.4702,2.16149
2220,15,1.24186,1.54223
2220,16,0.934169,0.872671
2220,17,0.576,0.331776
2220,18,0.199546,0.0398186
2220,19,-0.164013,0.0269002
2220,20,-0.488389,0.238524
2220,21,-0.75512,0.570206
2220,22,-0.955208,0.912423
2220,23,-1.08913,1.1862
2220,24,-1.16541,1.35817
2220,25,-1.19801,1.43522
2220,26,-1.20306,1.44735
2220,27,-1.19556,1.42936
2220,28,-1.18657,1.40795
2220,29,-1.18128,1.39542
2220,30,-1.17838,1.38858
2220,31,-1.17077,1.37071
2220,32,-1.14731,1.31633
2220,33,-1.09543,1.19996
2220,34,-1.004,1.00801
2220,35,-0.865953,0.749874
2220,36,-0.680025,0.462435
2220,37,-0.451607,0.203949
2220,38,-0.192364,0.0370039
2220,39,0.0814213,0.00662942
2220,40,0.351364,0.123457
2220,41,0.599684,0.359621
2220,42,0.811916,0.659207
2220,43,0.978925,0.958295
2220,44,1.0979,1.20539
2220,45,1.17231,1.37431
2220,46,1.21065,1.46567
2220,47,1.22436,1.49907
2220,48,1.22531,1.50139
2220,49,1.22313,1.49605
2220,50,1.22313,1.49605
2220,51,1.22531,1.50139
2220,52,1.22436,1.49906
2220,53,1.21064,1.46566
2220,54,1.17231,1.37431
2220,55,1.0979,1.20539
2220,56,0.978926,0.958297
2220,57,0.811915,0.659206
2220,58,0.599686,0.359624
2220,59,0.351364,0.123457
2220,60,0.0814224,0.00662961
2220,61,-0.192364,0.037004
2220,62,-0.451604,0.203946
2220,63,-0.680026,0.462435
2220,64,-0.865952,0.749873
2220,65,-1.004,1.00801
2220,66,-1.09543,1.19996
2220,67,-1.14731,1.31633
2220,68,-1.17078,1.37072
2220,69,-1.17838,1.38859
2220,70,-1.18128,1.39543
2220,71,-1.18657,1.40795
2220,72,-1.19556,1.42936
2220,73,-1.20306,1.44735
2220,74,-1.19801,1.43522
2220,75,-1.16541,1.35817
2220,76,-1.08913,1.1862
2220,77,-0.955207,0.912421
2220,78,-0.755122,0.570209
2220,79,-0.488391,0.238526
2220,80,-0.164016,0.0269011
2220,81,0.199545,0.0398181
2220,82,0.575998,0.331774
2220,83,0.934169,0.872672
2220,84,1.24186,1.54223
2220,85,1.4702,2.16149
2220,86,1.59764,2.55245
2220,87,1.6132,2.60241
2220,88,1.51829,2.30522
2220,89,1.32687,1.76059
2220,90,1.06375,1.13157
2220,91,0.761412,0.579748
2220,92,0.455699,0.207662
2220,93,0.181044,0.0327769
2220,94,-0.0341525,0.00116639
2220,95,-0.171355,0.0293627
2220,96,-0.224305,0.0503129
2220,97,-0.199686,0.0398747
2220,98,-0.115865,0.0134248
2220,99,0,0
2230,0,0,0
2230,1,0.124084,0.0153967
2230,2,0.21229,0.0450672
2230,3,0.234191,0.0548453
2230,4,0.169551,0.0287476
2230,5,0.0115117,0.000132518
2230,6,-0.23225,0.0539402
2230,7,-0.5403,0.291924
2230,8,-0.88014,0.774647
2230,9,-1.21264,1.47048
2230,10,-1.49739,2.24217
2230,11,-1.69818,2.8838
2230,12,-1.78777,3.1961
2230,13,-1.75143,3.0675
2230,14,-1.58883,2.52437
2230,15,-1.31382,1.72613
2230,16,-0.952259,0.906797
2230,17,-0.538155,0.28961
2230,18,-0.109056,0.0118933
2230,19,0.298852,0.0893123
2230,20,0.655369,0.429508
2230,21,0.939684,0.883005
2230,22,1.14217,1.30455
2230,23,1.26431,1.59849
2230,24,1.31705,1.73461
2230,25,1.31778,1.73655
2230,26,1.28664,1.65544
2230,27,1.24257,1.54399
2230,28,1.20001,1.44003
2230,29,1.16668,1.36113
2230,30,1.14267,1.30569
2230,31,1.12107,1.25681
2230,32,1.08994,1.18797
2230,33,1.03521,1.07165
2230,34,0.943852,0.890857
2230,35,0.806765,0.65087
2230,36,0.620952,0.385582
2230,37,0.390554,0.152533
2230,38,0.126503,0.016003
2230,39,-0.155032,0.0240349
2230,40,-0.435176,0.189378
2230,41,-0.695323,0.483474
2230,42,-0.920031,0.846457
2230,43,-1.09921,1.20827
2230,44,-1.22931,1.5112
2230,45,-1.31324,1.7246
2230,46,-1.35922,1.84748
2230,47,-1.37866,1.90071
2230,48,-1.38342,1.91386
2230,49,-1.3831,1.91296
2230,50,-1.3831,1.91297
2230,51,-1.38342,1.91386
2230,52,-1.37867,1.90072
2230,53,-1.35922,1.84748
2230,54,-1.31324,1.7246
2230,55,-1.22931,1.5112
2230,56,-1.09921,1.20827
2230,57,-0.920031,0.846457
2230,58,-0.695322,0.483473
2230,59,-0.435172,0.189375
2230,60,-0.155035,0.024036
2230,61,0.126502,0.0160028
2230,62,0.390553,0.152532
2230,63,0.620953,0.385583
2230,64,0.806766,0.650871
2230,65,0.943852,0.890856
2230,66,1.03521,1.07166
2230,67,1.08994,1.18797
2230,68,1.12107,1.25681
2230,69,1.14267,1.30569
2230,70,1.16668,1.36113
2230,71,1.20001,1.44003
2230,72,1.24257,1.54398
2230,73,1.28664,1.65544
2230,74,1.31778,1.73655
2230,75,1.31705,1.73462
2230,76,1.26431,1.59848
2230,77,1.14217,1.30455
2230,78,0.939684,0.883006
2230,79,0.655369,0.429508
2230,80,0.298853,0.0893134
2230,81,-0.109055,0.0118929
2230,82,-0.538153,0.289609
2230,83,-0.95226,0.906798
2230,84,-1.31382,1.72612
2230,85,-1.58883,2.52437
2230,86,-1.75143,3.0675
2230,87,-1.78776,3.1961
2230,88,-1.69818,2.8838
2230,89,-1.49739,2.24216
2230,90,-1.21263,1.47047
2230,91,-0.880137,0.774642
2230,92,-0.540299,0.291923
2230,93,-0.23225,0.0539402
2230,94,0.0115132,0.000132554
2230,95,0.16955,0.0287474
2230,96,0.234193,0.0548463
2230,97,0.212293,0.0450681
2230,98,0.124085,0.0153971
2230,99,0,0
2240,0,0,0
2240,1,-0.131773,0.0173642
2240,2,-0.224018,0.0501839
2240,3,-0.243293,0.0591913
2240,4,-0.167509,0.0280593
2240,5,0.0105952,0.000112259
2240,6,0.282032,0.0795419
2240,7,0.622452,0.387446
2240,8,0.9954,0.990822
2240,9,1.35717,1.84192
2240,10,1.6628,2.76491
2240,11,1.87231,3.50554
2240,12,1.95611,3.82639
2240,13,1.89889,3.6058
2240,14,1.7015,2.8951
2240,15,1.3807,1.90632
2240,16,0.966546,0.934211
2240,17,0.498135,0.248138
2240,18,0.0182101,0.000331607
2240,19,-0.43235,0.186927
2240,20,-0.819636,0.671804
2240,21,-1.12056,1.25565
2240,22,-1.32485,1.75522
2240,23,-1.43498,2.05916
2240,24,-1.46421,2.14391
2240,25,-1.43331,2.05437
2240,26,-1.36627,1.86671
2240,27,-1.28591,1.65356
2240,28,-1.21001,1.46412
2240,29,-1.14875,1.31962
2240,30,-1.1036,1.21794
2240,31,-1.06795,1.14051
2240,32,-1.02917,1.05919
2240,33,-0.971726,0.944251
2240,34,-0.880665,0.775571
2240,35,-0.744948,0.554947
2240,36,-0.559899,0.313487
2240,37,-0.328353,0.107816
2240,38,-0.060501,0.00366037
2240,39,0.227667,0.0518324
2240,40,0.51697,0.267258
2240,41,0.788106,0.621111
2240,42,1.02472,1.05004
2240,43,1.21576,1.47807
2240,44,1.35682,1.84096
2240,45,1.45022,2.10313
2240,46,1.50383,2.26149
2240,47,1.52886,2.33742
2240,48,1.53722,2.36305
2240,49,1.53868,2.36753
2240,50,1.53868,2.36752
2240,51,1.53722,2.36304
2240,52,1.52886,2.33742
2240,53,1.50382,2.26149
2240,54,1.45022,2.10313
2240,55,1.35682,1.84096
2240,56,1.21576,1.47807
2240,57,1.02472,1.05004
2240,58,0.788109,0.621115
2240,59,0.516973,0.267261
2240,60,0.227668,0.0518327
2240,61,-0.0605026,0.00366057
2240,62,-0.328354,0.107816
2240,63,-0.5599,0.313487
2240,64,-0.744949,0.554949
2240,65,-0.880666,0.775572
2240,66,-0.971724,0.944247
2240,67,-1.02917,1.05918
2240,68,-1.06795,1.14051
2240,69,-1.1036,1.21794
2240,70,-1.14875,1.31962
2240,71,-1.21,1.46411
2240,72,-1.28591,1.65355
2240,73,-1.36627,1.86671
2240,74,-1.4333,2.05436
2240,75,-1.46421,2.1439
2240,76,-1.43498,2.05916
2240,77,-1.32485,1.75522
2240,78,-1.12055,1.25564
2240,79,-0.819636,0.671804
2240,80,-0.432351,0.186927
2240,81,0.0182106,0.000331625
2240,82,0.498134,0.248138
2240,83,0.966548,0.934216
2240,84,1.3807,1.90632
2240,85,1.7015,2.89511
2240,86,1.89889,3.6058
2240,87,1.95611,3.82638
2240,88,1.87231,3.50554
2240,89,1.6628,2.76491
2240,90,1.35717,1.84192
2240,91,0.9954,0.990821
2240,92,0.622452,0.387447
2240,93,0.282034,0.0795431
2240,94,0.0105952,0.000112258
2240,95,-0.16751,0.0280597
2240,96,-0.243295,0.0591925
2240,97,-0.224019,0.0501844
2240,98,-0.131774,0.0173643
2240,99,0,0
2250,0,0,0
2250,1,0.139307,0.0194066
2250,2,0.235494,0.0554576
2250,3,0.252167,0.0635884
2250,4,0.165378,0.0273498
2250,5,-0.0324014,0.00104985
2250,6,-0.330765,0.109405
2250,7,-0.70255,0.493577
2250,8,-1.10736,1.22624
2250,9,-1.49707,2.24121
2250,10,-1.82251,3.32153
2250,11,-2.04013,4.16211
2250,12,-2.11798,4.48584
2250,13,-2.04015,4.1622
2250,14,-1.80873,3.27151
2250,15,-1.44329,2.08309
2250,16,-0.97797,0.956426
2250,17,-0.456766,0.208635
2250,18,0.0724228,0.00524506
2250,19,0.564105,0.318215
2250,20,0.98085,0.962066
2250,21,1.29738,1.68319
2250,22,1.50275,2.25827
2250,23,1.60045,2.56144
2250,24,1.60613,2.57964
2250,25,1.54383,2.38342
2250,26,1.44132,2.0774
2250,27,1.32513,1.75598
2250,28,1.21631,1.47941
2250,29,1.12738,1.27098
2250,30,1.06117,1.12607
2250,31,1.01141,1.02295
2250,32,0.964843,0.930921
2250,33,0.904574,0.818255
2250,34,0.813923,0.662471
2250,35,0.679962,0.462348
2250,36,0.496279,0.246293
2250,37,0.264436,0.0699265
2250,38,-0.00617164,3.80891e-05
2250,39,-0.299831,0.0898987
2250,40,-0.597099,0.356528
2250,41,-0.878039,0.770952
2250,42,-1.12545,1.26663
2250,43,-1.32741,1.76201
2250,44,-1.47877,2.18676
2250,45,-1.58124,2.50033
2250,46,-1.64232,2.69722
2250,47,-1.67304,2.79907
2250,48,-1.68516,2.83977
2250,49,-1.68845,2.85086
2250,50,-1.68845,2.85086
2250,51,-1.68516,2.83977
2250,52,-1.67304,2.79907
2250,53,-1.64232,2.69722
2250,54,-1.58125,2.50034
2250,55,-1.47877,2.18676
2250,56,-1.32741,1.76201
2250,57,-1.12544,1.26663
2250,58,-0.878038,0.770951
2250,59,-0.597098,0.356526
2250,60,-0.299832,0.0898991
2250,61,-0.00616938,3.80612e-05
2250,62,0.264438,0.0699273
2250,63,0.49628,0.246294
2250,64,0.679962,0.462348
2250,65,0.813925,0.662473
2250,66,0.904577,0.81826
2250,67,0.964844,0.930924
2250,68,1.01141,1.02295
2250,69,1.06117,1.12607
2250,70,1.12737,1.27097
2250,71,1.21631,1.47941
2250,72,1.32513,1.75597
2250,73,1.44132,2.07739
2250,74,1.54383,2.38342
2250,75,1.60612,2.57963
2250,76,1.60045,2.56144
2250,77,1.50276,2.25828
2250,78,1.29738,1.68319
2250,79,0.980851,0.962068
2250,80,0.564105,0.318214
2250,81,0.072424,0.00524524
2250,82,-0.456762,0.208632
2250,83,-0.977969,0.956423
2250,84,-1.44329,2.08309
2250,85,-1.80873,3.27151
2250,86,-2.04015,4.16221
2250,87,-2.11798,4.48583
2250,88,-2.04013,4.16211
2250,89,-1.82251,3.32153
2250,90,-1.49706,2.2412
2250,91,-1.10736,1.22624
2250,92,-0.702549,0.493576
2250,93,-0.330763,0.109404
2250,94,-0.0324011,0.00104983
2250,95,0.165378,0.02735
2250,96,0.252168,0.0635885
2250,97,0.235493,0.0554567
2250,98,0.139308,0.0194067
2250,99,0,0
2260,0,0,0
2260,1,-0.146281,0.0213981
2260,2,-0.24598,0.0605063
2260,3,-0.259911,0.0675536
2260,4,-0.162436,0.0263856
2260,5,0.0543023,0.00294874
2260,6,0.378648,0.143374
2260,7,0.780628,0.60938
2260,8,1.21602,1.4787
2260,9,1.63247,2.66495
2260,10,1.97663,3.90705
2260,11,2.20153,4.84672
2260,12,2.27313,5.16713
2260,13,2.17493,4.7303
2260,14,1.91014,3.64864
2260,15,1.50113,2.2534
2260,16,0.986089,0.972372
2260,17,0.413822,0.171249
2260,18,-0.162851,0.0265203
2260,19,-0.693988,0.481619
2260,20,-1.13867,1.29657
2260,21,-1.46958,2.15965
2260,22,-1.6753,2.80664
2260,23,-1.7603,3.09865
2260,24,-1.74249,3.03629
2260,25,-1.64914,2.71968
2260,26,-1.5116,2.28494
2260,27,-1.36002,1.84964
2260,28,-1.21857,1.4849
2260,29,-1.10216,1.21476
2260,30,-1.01499,1.0302
2260,31,-0.951143,0.904673
2260,32,-0.896906,0.804441
2260,33,-0.834109,0.695737
2260,34,-0.744279,0.553951
2260,35,-0.612615,0.375298
2260,36,-0.431033,0.18579
2260,37,-0.199751,0.0399006
2260,38,0.072677,0.00528195
2260,39,0.37079,0.137485
2260,40,0.674947,0.455554
2260,41,0.964678,0.930604
2260,42,1.22198,1.49324
2260,43,1.43411,2.05667
2260,44,1.59517,2.54456
2260,45,1.70633,2.91157
2260,46,1.77466,3.1494
2260,47,1.8109,3.27935
2260,48,1.82672,3.33691
2260,49,1.83189,3.35581
2260,50,1.83189,3.35581
2260,51,1.82672,3.3369
2260,52,1.8109,3.27934
2260,53,1.77466,3.14941
2260,54,1.70633,2.91157
2260,55,1.59517,2.54457
2260,56,1.43411,2.05667
2260,57,1.22198,1.49324
2260,58,0.964677,0.930602
2260,59,0.674949,0.455556
2260,60,0.370792,0.137487
2260,61,0.0726797,0.00528234
2260,62,-0.19975,0.0399
2260,63,-0.43103,0.185787
2260,64,-0.612616,0.375299
2260,65,-0.744278,0.55395
2260,66,-0.83411,0.69574
2260,67,-0.896906,0.80444
2260,68,-0.951142,0.904672
2260,69,-1.01499,1.0302
2260,70,-1.10216,1.21476
2260,71,-1.21857,1.4849
2260,72,-1.36001,1.84963
2260,73,-1.5116,2.28494
2260,74,-1.64914,2.71967
2260,75,-1.74249,3.03628
2260,76,-1.7603,3.09865
2260,77,-1.6753,2.80665
2260,78,-1.46958,2.15966
2260,79,-1.13867,1.29657
2260,80,-0.693986,0.481616
2260,81,-0.162849,0.0265197
2260,82,0.413822,0.171248
2260,83,0.986089,0.972371
2260,84,1.50113,2.25339
2260,85,1.91014,3.64865
2260,86,2.17492,4.73029
2260,87,2.27313,5.16713
2260,88,2.20153,4.84673
2260,89,1.97662,3.90704
2260,90,1.63247,2.66496
2260,91,1.21602,1.4787
2260,92,0.780628,0.609381
2260,93,0.378647,0.143374
2260,94,0.054304,0.00294893
2260,95,-0.162434,0.0263848
2260,96,-0.259913,0.0675549
2260,97,-0.245981,0.0605068
2260,98,-0.146281,0.0213983
2260,99,0,0
2270,0,0,0
2270,1,0.152805,0.0233494
2270,2,0.255768,0.0654171
2270,3,0.266911,0.0712415
2270,4,0.158953,0.025266
2270,5,-0.0761277,0.00579542
2270,6,-0.425397,0.180962
2270,7,-0.856303,0.733255
2270,8,-1.32099,1.74502
2270,9,-1.76294,3.10795
2270,10,-2.12478,4.51467
2270,11,-2.35624,5.55185
2270,12,-2.42116,5.86201
2270,13,-2.3026,5.30195
2270,14,-2.00504,4.02018
2270,15,-1.55359,2.41363
2270,16,-0.99045,0.980991
2270,17,-0.369038,0.136189
2270,18,0.25315,0.0640848
2270,19,0.821932,0.675573
2270,20,1.29313,1.67218
2270,21,1.63739,2.68104
2270,22,1.8428,3.39592
2270,23,1.91475,3.66625
2270,24,1.87335,3.50945
2270,25,1.74904,3.05914
2270,26,1.57675,2.48613
2270,27,1.39015,1.9325
2270,28,1.2165,1.47988
2270,29,1.07304,1.15143
2270,30,0.965318,0.931839
2270,31,0.887767,0.78813
2270,32,0.826082,0.682411
2270,33,0.760861,0.578909
2270,34,0.671966,0.451538
2270,35,0.542793,0.294624
2270,36,0.363654,0.132244
2270,37,0.133553,0.0178364
2270,38,-0.139728,0.0195239
2270,39,-0.441105,0.194574
2270,40,-0.750874,0.563812
2270,41,-1.04813,1.09858
2270,42,-1.31428,1.72732
2270,43,-1.53581,2.35873
2270,44,-1.70604,2.91057
2270,45,-1.82545,3.33227
2270,46,-1.90068,3.61258
2270,47,-1.94224,3.77228
2270,48,-1.96165,3.84809
2270,49,-1.96861,3.87543
2270,50,-1.96861,3.87544
2270,51,-1.96166,3.84809
2270,52,-1.94224,3.77228
2270,53,-1.90068,3.61259
2270,54,-1.82545,3.33227
2270,55,-1.70604,2.91057
2270,56,-1.53581,2.35872
2270,57,-1.31428,1.72733
2270,58,-1.04813,1.09858
2270,59,-0.750877,0.563816
2270,60,-0.441106,0.194575
2270,61,-0.13973,0.0195244
2270,62,0.133554,0.0178365
2270,63,0.363655,0.132245
2270,64,0.542794,0.294625
2270,65,0.671964,0.451535
2270,66,0.760858,0.578905
2270,67,0.826078,0.682405
2270,68,0.887764,0.788124
2270,69,0.965315,0.931833
2270,70,1.07304,1.15142
2270,71,1.2165,1.47988
2270,72,1.39014,1.9325
2270,73,1.57675,2.48613
2270,74,1.74904,3.05914
2270,75,1.87336,3.50946
2270,76,1.91474,3.66625
2270,77,1.8428,3.39592
2270,78,1.63739,2.68104
2270,79,1.29313,1.67218
2270,80,0.821932,0.675572
2270,81,0.253146,0.0640832
2270,82,-0.369038,0.136189
2270,83,-0.990449,0.98099
2270,84,-1.55359,2.41363
2270,85,-2.00504,4.02017
2270,86,-2.3026,5.30195
2270,87,-2.42116,5.86202
2270,88,-2.35624,5.55186
2270,89,-2.12478,4.51467
2270,90,-1.76294,3.10796
2270,91,-1.32099,1.74502
2270,92,-0.8563,0.733249
2270,93,-0.425394,0.18096
2270,94,-0.0761271,0.00579533
2270,95,0.158955,0.0252666
2270,96,0.266912,0.0712422
2270,97,0.25577,0.0654181
2270,98,0.152807,0.02335
2270,99,0,0
2280,0,0,0
2280,1,-0.158809,0.0252202
2280,2,-0.264597,0.0700115
2280,3,-0.272848,0.0744458
2280,4,-0.154754,0.0239488
2280,5,0.0978726,0.00957904
2280,6,0.470797,0.22165
2280,7,0.928961,0.862969
2280,8,1.42113,2.01961
2280,9,1.88687,3.56027
2280,10,2.26496,5.13002
2280,11,2.5021,6.26049
2280,12,2.56033,6.55526
2280,13,2.42222,5.86714
2280,14,2.0933,4.38192
2280,15,1.60126,2.56403
2280,16,0.99203,0.984123
2280,17,0.323472,0.104634
2280,18,-0.342339,0.117196
2280,19,-0.947099,0.896996
2280,20,-1.44338,2.08335
2280,21,-1.79989,3.2396
2280,22,-2.00427,4.01711
2280,23,-2.06293,4.2557
2280,24,-1.99817,3.99268
2280,25,-1.84336,3.39798
2280,26,-1.63693,2.67952
2280,27,-1.41596,2.00493
2280,28,-1.21068,1.46574
2280,29,-1.04055,1.08275
2280,30,-0.91251,0.832675
2280,31,-0.82137,0.674648
2280,32,-0.752258,0.565892
2280,33,-0.684641,0.468734
2280,34,-0.59689,0.356277
2280,35,-0.470749,0.221605
2280,36,-0.294891,0.0869607
2280,37,-0.066946,0.00448177
2280,38,0.206224,0.0425284
2280,39,0.509926,0.260024
2280,40,0.824398,0.679633
2280,41,1.12831,1.27309
2280,42,1.40241,1.96675
2280,43,1.63249,2.66502
2280,44,1.81122,3.2805
2280,45,1.93853,3.75789
2280,46,2.02057,4.0827
2280,47,2.06752,4.27464
2280,48,2.09068,4.37094
2280,49,2.09955,4.40809
2280,50,2.09955,4.4081
2280,51,2.09068,4.37093
2280,52,2.06752,4.27463
2280,53,2.02057,4.0827
2280,54,1.93853,3.75789
2280,55,1.81121,3.2805
2280,56,1.63249,2.66501
2280,57,1.40241,1.96675
2280,58,1.12831,1.27309
2280,59,0.824396,0.679629
2280,60,0.509927,0.260025
2280,61,0.206222,0.0425276
2280,62,-0.0669452,0.00448166
2280,63,-0.29489,0.0869599
2280,64,-0.470746,0.221601
2280,65,-0.596891,0.356279
2280,66,-0.684642,0.468735
2280,67,-0.752258,0.565893
2280,68,-0.821371,0.67465
2280,69,-0.912512,0.832679
2280,70,-1.04055,1.08275
2280,71,-1.21068,1.46574
2280,72,-1.41596,2.00494
2280,73,-1.63692,2.67951
2280,74,-1.84336,3.39799
2280,75,-1.99817,3.99268
2280,76,-2.06293,4.2557
2280,77,-2.00427,4.01712
2280,78,-1.79989,3.2396
2280,79,-1.44338,2.08334
2280,80,-0.947098,0.896994
2280,81,-0.342338,0.117196
2280,82,0.323475,0.104636
2280,83,0.992031,0.984126
2280,84,1.60126,2.56404
2280,85,2.0933,4.38192
2280,86,2.42222,5.86715
2280,87,2.56032,6.55526
2280,88,2.5021,6.2605
2280,89,2.26496,5.13003
2280,90,1.88687,3.56027
2280,91,1.42113,2.01962
2280,92,0.928961,0.862969
2280,93,0.470797,0.22165
2280,94,0.0978725,0.00957902
2280,95,-0.154752,0.0239483
2280,96,-0.272845,0.0744443
2280,97,-0.264602,0.070014
2280,98,-0.158809,0.0252203
2280,99,0,0
2290,0,0,0
2290,1,0.164117,0.0269345
2290,2,0.272303,0.0741489
2290,3,0.277655,0.0770924
2290,4,0.14994,0.0224821
2290,5,-0.119179,0.0142037
2290,6,-0.514338,0.264543
2290,7,-0.998164,0.996331
2290,8,-1.51615,2.29871
2290,9,-2.00414,4.01658
2290,10,-2.39734,5.74722
2290,11,-2.63948,6.96684
2290,12,-2.69082,7.24051
2290,13,-2.53358,6.41904
2290,14,-2.1744,4.728
2290,15,-1.6434,2.70076
2290,16,-0.990105,0.980307
2290,17,-0.276678,0.0765508
2290,18,0.430412,0.185254
2290,19,1.06894,1.14262
2290,20,1.58843,2.52311
2290,21,1.95589,3.82551
2290,22,2.15855,4.65932
2290,23,2.20369,4.85627
2290,24,2.11577,4.47648
2290,25,1.93106,3.72898
2290,26,1.69126,2.86035
2290,27,1.43671,2.06413
2290,28,1.20052,1.44125
2290,29,1.00436,1.00874
2290,30,0.856494,0.733583
2290,31,0.752181,0.565777
2290,32,0.676115,0.457132
2290,33,0.606596,0.367958
2290,34,0.520491,0.270911
2290,35,0.397901,0.158325
2290,36,0.225877,0.0510203
2290,37,0.000743897,5.53383e-07
2290,38,-0.271512,0.0737185
2290,39,-0.576619,0.332489
2290,40,-0.89483,0.800721
2290,41,-1.20449,1.45079
2290,42,-1.48576,2.2075
2290,43,-1.72376,2.97135
2290,44,-1.91048,3.64992
2290,45,-2.04523,4.18295
2290,46,-2.13367,4.55253
2290,47,-2.18561,4.77689
2290,48,-2.21215,4.89359
2290,49,-2.22274,4.94056
2290,50,-2.22274,4.94057
2290,51,-2.21215,4.89359
2290,52,-2.18561,4.77688
2290,53,-2.13367,4.55253
2290,54,-2.04523,4.18295
2290,55,-1.91048,3.64992
2290,56,-1.72376,2.97136
2290,57,-1.48576,2.2075
2290,58,-1.20449,1.4508
2290,59,-0.894829,0.800719
2290,60,-0.576618,0.332488
2290,61,-0.27151,0.0737177
2290,62,0.000747304,5.58463e-07
2290,63,0.225879,0.0510213
2290,64,0.397898,0.158323
2290,65,0.52049,0.27091
2290,66,0.606595,0.367958
2290,67,0.676115,0.457131
2290,68,0.752179,0.565774
2290,69,0.856492,0.733579
2290,70,1.00436,1.00873
2290,71,1.20052,1.44124
2290,72,1.43671,2.06413
2290,73,1.69126,2.86034
2290,74,1.93106,3.72898
2290,75,2.11577,4.47647
2290,76,2.20369,4.85626
2290,77,2.15854,4.65929
2290,78,1.95589,3.82549
2290,79,1.58843,2.5231
2290,80,1.06894,1.14262
2290,81,0.430414,0.185256
2290,82,-0.276678,0.0765509
2290,83,-0.990104,0.980307
2290,84,-1.6434,2.70076
2290,85,-2.17439,4.72799
2290,86,-2.53358,6.41904
2290,87,-2.69082,7.2405
2290,88,-2.63948,6.96683
2290,89,-2.39734,5.74722
2290,90,-2.00414,4.01659
2290,91,-1.51615,2.29871
2290,92,-0.998163,0.99633
2290,93,-0.514339,0.264545
2290,94,-0.119179,0.0142035
2290,95,0.149941,0.0224822
2290,96,0.277654,0.0770915
2290,97,0.272306,0.0741505
2290,98,0.164119,0.026935
2290,99,0,0
2300,0,0,0
2300,1,-0.169152,0.0286125
2300,2,-0.279623,0.0781892
2300,3,-0.282268,0.0796751
2300,4,-0.145527,0.0211781
2300,5,0.139144,0.0193611
2300,6,0.555324,0.308385
2300,7,1.06334,1.1307
2300,8,1.60553,2.57772
2300,9,2.11421,4.46989
2300,10,2.52127,6.35682
2300,11,2.76772,7.66027
2300,12,2.81203,7.9075
2300,13,2.6361,6.94903
2300,14,2.24775,5.05238
2300,15,1.67959,2.82102
2300,16,0.984591,0.969419
2300,17,0.228913,0.0524013
2300,18,-0.516862,0.267146
2300,19,-1.18683,1.40856
2300,20,-1.72778,2.98522
2300,21,-2.10501,4.43105
2300,22,-2.30527,5.31428
2300,23,-2.33675,5.46042
2300,24,-2.22585,4.9544
2300,25,-2.01166,4.04676
2300,26,-1.73909,3.02442
2300,27,-1.45168,2.10739
2300,28,-1.18539,1.40516
2300,29,-0.964021,0.929337
2300,30,-0.797067,0.635316
2300,31,-0.680129,0.462575
2300,32,-0.597538,0.357052
2300,33,-0.526563,0.277268
2300,34,-0.44253,0.195833
2300,35,-0.323927,0.104929
2300,36,-0.156342,0.0244428
2300,37,0.0651564,0.00424536
2300,38,0.335526,0.112578
2300,39,0.640979,0.410854
2300,40,0.961812,0.925082
2300,41,1.27615,1.62857
2300,42,1.56369,2.44512
2300,43,1.80886,3.27196
2300,44,2.00296,4.01184
2300,45,2.14468,4.59964
2300,46,2.23914,5.01376
2300,47,2.29582,5.27081
2300,48,2.32562,5.40851
2300,49,2.33786,5.46558
2300,50,2.33786,5.46558
2300,51,2.32562,5.40852
2300,52,2.29583,5.27082
2300,53,2.23915,5.01377
2300,54,2.14468,4.59964
2300,55,2.00296,4.01184
2300,56,1.80886,3.27196
2300,57,1.56369,2.44511
2300,58,1.27615,1.62856
2300,59,0.961811,0.925081
2300,60,0.640979,0.410854
2300,61,0.335524,0.112577
2300,62,0.0651584,0.00424561
2300,63,-0.156346,0.024444
2300,64,-0.323927,0.104929
2300,65,-0.44253,0.195833
2300,66,-0.526562,0.277267
2300,67,-0.597538,0.357051
2300,68,-0.680129,0.462576
2300,69,-0.797066,0.635315
2300,70,-0.964021,0.929336
2300,71,-1.18539,1.40516
2300,72,-1.45168,2.10739
2300,73,-1.73909,3.02442
2300,74,-2.01166,4.04677
2300,75,-2.22585,4.95439
2300,76,-2.33675,5.46041
2300,77,-2.30527,5.31428
2300,78,-2.10501,4.43106
2300,79,-1.72778,2.98522
2300,80,-1.18683,1.40856
2300,81,-0.516862,0.267147
2300,82,0.228914,0.0524016
2300,83,0.984588,0.969414
2300,84,1.67959,2.82102
2300,85,2.24775,5.05237
2300,86,2.6361,6.94903
2300,87,2.81203,7.90749
2300,88,2.76772,7.66028
2300,89,2.52128,6.35683
2300,90,2.11421,4.46989
2300,91,1.60553,2.57773
2300,92,1.06335,1.1307
2300,93,0.555322,0.308383
2300,94,0.139143,0.0193608
2300,95,-0.145528,0.0211784
2300,96,-0.28227,0.0796764
2300,97,-0.279625,0.0781901
2300,98,-0.169152,0.0286125
2300,99,0,0
2310,0,0,0
2310,1,0.173608,0.0301396
2310,2,0.285986,0.0817882
2310,3,0.285883,0.0817294
2310,4,0.140485,0.0197361
2310,5,-0.158889,0.0252459
2310,6,-0.594712,0.353683
2310,7,-1.12511,1.26588
2310,8,-1.68953,2.8545
2310,9,-2.21707,4.91541
2310,10,-2.63651,6.95118
2310,11,-2.88634,8.33095
2310,12,-2.92351,8.54689
2310,13,-2.72964,7.45092
2310,14,-2.3136,5.35276
2310,15,-1.71032,2.92519
2310,16,-0.976009,0.952593
2310,17,-0.180617,0.0326226
2310,18,0.6014,0.361682
2310,19,1.30063,1.69165
2310,20,1.86119,3.46401
2310,21,2.24675,5.04789
2310,22,2.44384,5.97235
2310,23,2.46154,6.0592
2310,24,2.32819,5.42045
2310,25,2.08551,4.34936
2310,26,1.78137,3.17327
2310,27,1.46228,2.13827
2310,28,1.16685,1.36154
2310,29,0.920923,0.848099
2310,30,0.735283,0.540641
2310,31,0.605994,0.367228
2310,32,0.517051,0.267342
2310,33,0.44481,0.197856
2310,34,0.363256,0.131955
2310,35,0.249247,0.062124
2310,36,0.0867881,0.00753217
2310,37,-0.130365,0.016995
2310,38,-0.398056,0.158449
2310,39,-0.703015,0.49423
2310,40,-1.02566,1.05198
2310,41,-1.3438,1.80579
2310,42,-1.6366,2.67844
2310,43,-1.88797,3.56443
2310,44,-2.08863,4.36236
2310,45,-2.23672,5.00291
2310,46,-2.33692,5.46122
2310,47,-2.39833,5.75197
2310,48,-2.43149,5.91216
2310,49,-2.44549,5.9804
2310,50,-2.44548,5.9804
2310,51,-2.4315,5.91217
2310,52,-2.39832,5.75196
2310,53,-2.33693,5.46123
2310,54,-2.23672,5.00291
2310,55,-2.08863,4.36239
2310,56,-1.88797,3.56444
2310,57,-1.6366,2.67845
2310,58,-1.34379,1.80578
2310,59,-1.02566,1.05198
2310,60,-0.703014,0.494229
2310,61,-0.398058,0.15845
2310,62,-0.130367,0.0169955
2310,63,0.0867881,0.00753217
2310,64,0.249247,0.062124
2310,65,0.363256,0.131955
2310,66,0.444809,0.197855
2310,67,0.517052,0.267343
2310,68,0.605995,0.36723
2310,69,0.735285,0.540644
2310,70,0.920925,0.848103
2310,71,1.16685,1.36155
2310,72,1.46228,2.13827
2310,73,1.78137,3.17327
2310,74,2.08551,4.34935
2310,75,2.32819,5.42045
2310,76,2.46155,6.05921
2310,77,2.44384,5.97236
2310,78,2.24675,5.04789
2310,79,1.86119,3.46401
2310,80,1.30064,1.69165
2310,81,0.601401,0.361683
2310,82,-0.180613,0.0326212
2310,83,-0.976009,0.952593
2310,84,-1.71032,2.92518
2310,85,-2.3136,5.35275
2310,86,-2.72964,7.45094
2310,87,-2.92351,8.5469
2310,88,-2.88634,8.33093
2310,89,-2.63651,6.95118
2310,90,-2.21708,4.91542
2310,91,-1.68952,2.85449
2310,92,-1.12511,1.26588
2310,93,-0.594713,0.353684
2310,94,-0.158893,0.0252469
2310,95,0.140485,0.019736
2310,96,0.285885,0.0817302
2310,97,0.285987,0.0817888
2310,98,0.173609,0.0301401
2310,99,0,0
2320,0,0,0
2320,1,-0.177324,0.0314439
2320,2,-0.291081,0.0847284
2320,3,-0.288094,0.0829982
2320,4,-0.134397,0.0180626
2320,5,0.178744,0.0319493
2320,6,0.632747,0.400369
2320,7,1.18377,1.40131
2320,8,1.76857,3.12782
2320,9,2.31321,5.35096
2320,10,2.74358,7.52725
2320,11,2.99587,8.97523
2320,12,3.02571,9.15493
2320,13,2.8145,7.92143
2320,14,2.37211,5.62689
2320,15,1.73564,3.01244
2320,16,0.964435,0.930134
2320,17,0.131989,0.0174212
2320,18,-0.683699,0.467444
2320,19,-1.41002,1.98815
2320,20,-1.98851,3.95416
2320,21,-2.3814,5.67105
2320,22,-2.5749,6.63012
2320,23,-2.57895,6.65096
2320,24,-2.42364,5.87403
2320,25,-2.1532,4.63628
2320,26,-1.8184,3.30657
2320,27,-1.46862,2.15686
2320,28,-1.14501,1.31104
2320,29,-0.875377,0.766284
2320,30,-0.671756,0.451256
2320,31,-0.530592,0.281528
2320,32,-0.435552,0.189706
2320,33,-0.362117,0.131128
2320,34,-0.283024,0.0801024
2320,35,-0.173656,0.0301563
2320,36,-0.0165927,0.000275318
2320,37,0.195588,0.0382546
2320,38,0.45965,0.211278
2320,39,0.762917,0.582042
2320,40,1.08602,1.17944
2320,41,1.40667,1.97872
2320,42,1.70373,2.90269
2320,43,1.96059,3.84391
2320,44,2.16732,4.69729
2320,45,2.32143,5.38905
2320,46,2.42706,5.89062
2320,47,2.49286,6.21436
2320,48,2.5291,6.39635
2320,49,2.54466,6.4753
2320,50,2.54466,6.47529
2320,51,2.5291,6.39637
2320,52,2.49286,6.21437
2320,53,2.42706,5.89064
2320,54,2.32143,5.38906
2320,55,2.16733,4.69731
2320,56,1.96059,3.84391
2320,57,1.70373,2.90269
2320,58,1.40667,1.97872
2320,59,1.08602,1.17944
2320,60,0.762916,0.582041
2320,61,0.459649,0.211278
2320,62,0.195588,0.0382548
2320,63,-0.0165911,0.000275265
2320,64,-0.173656,0.0301563
2320,65,-0.283025,0.0801032
2320,66,-0.362116,0.131128
2320,67,-0.435552,0.189706
2320,68,-0.530592,0.281528
2320,69,-0.671755,0.451255
2320,70,-0.875378,0.766287
2320,71,-1.145,1.31104
2320,72,-1.46862,2.15685
2320,73,-1.8184,3.30656
2320,74,-2.1532,4.63627
2320,75,-2.42364,5.87403
2320,76,-2.57895,6.65096
2320,77,-2.5749,6.63013
2320,78,-2.3814,5.67106
2320,79,-1.98851,3.95416
2320,80,-1.41002,1.98815
2320,81,-0.683701,0.467447
2320,82,0.131989,0.0174212
2320,83,0.964435,0.930135
2320,84,1.73564,3.01244
2320,85,2.37211,5.62689
2320,86,2.8145,7.92142
2320,87,3.02571,9.15493
2320,88,2.99587,8.97526
2320,89,2.74358,7.52726
2320,90,2.31321,5.35095
2320,91,1.76856,3.12781
2320,92,1.18377,1.40131
2320,93,0.632747,0.400368
2320,94,0.178744,0.0319495
2320,95,-0.134398,0.0180629
2320,96,-0.288095,0.0829988
2320,97,-0.291081,0.0847282
2320,98,-0.177328,0.031445
2320,99,0,0
2330,0,0,0
2330,1,0.180276,0.0324995
2330,2,0.294904,0.0869682
2330,3,0.288972,0.0835047
2330,4,0.127545,0.0162677
2330,5,-0.198174,0.039273
2330,6,-0.668699,0.447159
2330,7,-1.2384,1.53365
2330,8,-1.84159,3.39144
2330,9,-2.40154,5.7674
2330,10,-2.84145,8.07385
2330,11,-3.0954,9.58153
2330,12,-3.11782,9.72083
2330,13,-2.88996,8.35187
2330,14,-2.4227,5.8695
2330,15,-1.75525,3.08089
2330,16,-0.949757,0.902038
2330,17,-0.0830675,0.00690021
2330,18,0.763475,0.582894
2330,19,1.51428,2.29304
2330,20,2.10862,4.44627
2330,21,2.50742,6.28718
2330,22,2.69666,7.27199
2330,23,2.68706,7.2203
2330,24,2.51044,6.30231
2330,25,2.21336,4.89894
2330,26,1.84926,3.41975
2330,27,1.47025,2.16164
2330,28,1.11981,1.25397
2330,29,0.827522,0.684792
2330,30,0.606525,0.367872
2330,31,0.453757,0.205895
2330,32,0.352692,0.124392
2330,33,0.278033,0.0773025
2330,34,0.201387,0.0405566
2330,35,0.0968758,0.00938492
2330,36,-0.0542468,0.00294272
2330,37,-0.260691,0.0679596
2330,38,-0.520179,0.270586
2330,39,-0.820623,0.673423
2330,40,-1.14295,1.30634
2330,41,-1.46491,2.14598
2330,42,-1.76511,3.11562
2330,43,-2.02644,4.10647
2330,44,-2.23845,5.01066
2330,45,-2.39802,5.75049
2330,46,-2.5087,6.29357
2330,47,-2.57867,6.64955
2330,48,-2.61786,6.85319
2330,49,-2.63496,6.943
2330,50,-2.63496,6.94299
2330,51,-2.61786,6.85319
2330,52,-2.57867,6.64955
2330,53,-2.5087,6.29357
2330,54,-2.39802,5.75049
2330,55,-2.23845,5.01067
2330,56,-2.02645,4.10648
2330,57,-1.76511,3.11563
2330,58,-1.46492,2.14598
2330,59,-1.14295,1.30634
2330,60,-0.820623,0.673422
2330,61,-0.520179,0.270586
2330,62,-0.260689,0.0679587
2330,63,-0.0542433,0.00294234
2330,64,0.096877,0.00938515
2330,65,0.20139,0.0405578
2330,66,0.278036,0.0773038
2330,67,0.352694,0.124393
2330,68,0.453756,0.205894
2330,69,0.606528,0.367876
2330,70,0.82752,0.68479
2330,71,1.11981,1.25396
2330,72,1.47025,2.16164
2330,73,1.84926,3.41975
2330,74,2.21336,4.89894
2330,75,2.51044,6.30231
2330,76,2.68706,7.22031
2330,77,2.69666,7.27199
2330,78,2.50742,6.28718
2330,79,2.10862,4.44627
2330,80,1.51428,2.29304
2330,81,0.763476,0.582895
2330,82,-0.0830671,0.00690015
2330,83,-0.949758,0.90204
2330,84,-1.75524,3.08088
2330,85,-2.4227,5.8695
2330,86,-2.88996,8.35186
2330,87,-3.11782,9.72082
2330,88,-3.0954,9.58151
2330,89,-2.84145,8.07385
2330,90,-2.40154,5.7674
2330,91,-1.84159,3.39144
2330,92,-1.2384,1.53364
2330,93,-0.668694,0.447152
2330,94,-0.198172,0.0392722
2330,95,0.127546,0.016268
2330,96,0.288974,0.0835061
2330,97,0.294904,0.0869681
2330,98,0.180274,0.0324988
2330,99,0,0
2340,0,0,0
2340,1,-0.182933,0.0334644
2340,2,-0.298236,0.0889449
2340,3,-0.289493,0.0838063
2340,4,-0.120927,0.0146233
2340,5,0.216297,0.0467842
2340,6,0.701843,0.492583
2340,7,1.28842,1.66003
2340,8,1.908,3.64046
2340,9,2.48134,6.15705
2340,10,2.92927,8.58062
2340,11,3.18399,10.1378
2340,12,3.19884,10.2325
2340,13,2.95506,8.73237
2340,14,2.46458,6.07417
2340,15,1.76846,3.12744
2340,16,0.931433,0.867568
2340,17,0.0333883,0.00111478
2340,18,-0.841129,0.707499
2340,19,-1.61373,2.60413
2340,20,-2.22172,4.93603
2340,21,-2.62489,6.89006
2340,22,-2.80905,7.89076
2340,23,-2.78571,7.76021
2340,24,-2.58833,6.69945
2340,25,-2.26566,5.1332
2340,26,-1.87356,3.51022
2340,27,-1.46655,2.15076
2340,28,-1.09031,1.18878
2340,29,-0.776222,0.602521
2340,30,-0.538554,0.290041
2340,31,-0.374724,0.140418
2340,32,-0.268079,0.0718666
2340,33,-0.192622,0.0371031
2340,34,-0.118867,0.0141294
2340,35,-0.0196602,0.000386522
2340,36,0.125016,0.0156289
2340,37,0.325013,0.105634
2340,38,0.579045,0.335294
2340,39,0.875739,0.766919
2340,40,1.19634,1.43124
2340,41,1.51862,2.30622
2340,42,1.82094,3.31583
2340,43,2.08578,4.3505
2340,44,2.30219,5.30009
2340,45,2.46658,6.08403
2340,46,2.58198,6.66662
2340,47,2.65602,7.05444
2340,48,2.69819,7.28022
2340,49,2.71686,7.38133
2340,50,2.71686,7.38133
2340,51,2.69819,7.28022
2340,52,2.65602,7.05443
2340,53,2.58198,6.66662
2340,54,2.46658,6.08404
2340,55,2.3022,5.3001
2340,56,2.08578,4.3505
2340,57,1.82094,3.31583
2340,58,1.51862,2.30622
2340,59,1.19634,1.43123
2340,60,0.875738,0.766917
2340,61,0.579045,0.335293
2340,62,0.325014,0.105634
2340,63,0.125017,0.0156293
2340,64,-0.0196593,0.000386488
2340,65,-0.118866,0.0141291
2340,66,-0.192622,0.0371032
2340,67,-0.268077,0.0718654
2340,68,-0.374725,0.140419
2340,69,-0.538552,0.290038
2340,70,-0.776222,0.602521
2340,71,-1.09031,1.18878
2340,72,-1.46654,2.15075
2340,73,-1.87356,3.51022
2340,74,-2.26566,5.13319
2340,75,-2.58833,6.69943
2340,76,-2.78571,7.7602
2340,77,-2.80905,7.89074
2340,78,-2.62489,6.89007
2340,79,-2.22172,4.93603
2340,80,-1.61373,2.60413
2340,81,-0.841129,0.707498
2340,82,0.033388,0.00111476
2340,83,0.931435,0.867572
2340,84,1.76846,3.12744
2340,85,2.46459,6.07419
2340,86,2.95506,8.7324
2340,87,3.19884,10.2326
2340,88,3.18399,10.1378
2340,89,2.92927,8.58061
2340,90,2.48134,6.15705
2340,91,1.908,3.64045
2340,92,1.28842,1.66002
2340,93,0.701842,0.492582
2340,94,0.216295,0.0467836
2340,95,-0.120926,0.0146231
2340,96,-0.289492,0.0838056
2340,97,-0.298238,0.0889458
2340,98,-0.182932,0.0334641
2340,99,0,0
2350,0,0,0
2350,1,0.185048,0.0342428
2350,2,0.300769,0.090462
2350,3,0.289359,0.0837286
2350,4,0.114264,0.0130563
2350,5,-0.233335,0.0544453
2350,6,-0.732282,0.536236
2350,7,-1.33368,1.77871
2350,8,-1.96748,3.87098
2350,9,-2.55224,6.51392
2350,10,-3.00666,9.04003
2350,11,-3.26131,10.6361
2350,12,-3.2686,10.6838
2350,13,-3.00977,9.05873
2350,14,-2.49769,6.23844
2350,15,-1.77522,3.15139
2350,16,-0.909605,0.827382
2350,17,0.0164964,0.000272131
2350,18,0.915811,0.83871
2350,19,1.70755,2.91571
2350,20,2.32716,5.41567
2350,21,2.73342,7.47159
2350,22,2.91199,8.4797
2350,23,2.87511,8.26626
2350,24,2.65766,7.06313
2350,25,2.31039,5.33791
2350,26,1.8915,3.57777
2350,27,1.45784,2.1253
2350,28,1.05716,1.11758
2350,29,0.722422,0.521893
2350,30,0.469013,0.219973
2350,31,0.294795,0.0869041
2350,32,0.182992,0.0334862
2350,33,0.107008,0.0114508
2350,34,0.0364052,0.00132534
2350,35,-0.0571441,0.00326545
2350,36,-0.194907,0.0379887
2350,37,-0.387859,0.150435
2350,38,-0.635634,0.40403
2350,39,-0.927543,0.860335
2350,40,-1.24531,1.55079
2350,41,-1.56682,2.45492
2350,42,-1.87028,3.49793
2350,43,-2.13788,4.57053
2350,44,-2.3582,5.56108
2350,45,-2.52704,6.38594
2350,46,-2.64685,7.0058
2350,47,-2.72473,7.42415
2350,48,-2.76972,7.67133
2350,49,-2.78985,7.78327
2350,50,-2.78985,7.78327
2350,51,-2.76972,7.67133
2350,52,-2.72473,7.42415
2350,53,-2.64685,7.0058
2350,54,-2.52704,6.38593
2350,55,-2.35819,5.56108
2350,56,-2.13788,4.57052
2350,57,-1.87027,3.49793
2350,58,-1.56681,2.45491
2350,59,-1.2453,1.55078
2350,60,-0.927543,0.860336
2350,61,-0.635635,0.404031
2350,62,-0.387858,0.150434
2350,63,-0.194906,0.0379884
2350,64,-0.0571439,0.00326542
2350,65,0.0364029,0.00132517
2350,66,0.107009,0.0114509
2350,67,0.18299,0.0334852
2350,68,0.294795,0.0869041
2350,69,0.469011,0.219971
2350,70,0.722421,0.521892
2350,71,1.05715,1.11757
2350,72,1.45784,2.12529
2350,73,1.8915,3.57776
2350,74,2.31039,5.33791
2350,75,2.65766,7.06314
2350,76,2.87511,8.26626
2350,77,2.91199,8.4797
2350,78,2.73342,7.47159
2350,79,2.32716,5.41567
2350,80,1.70755,2.91572
2350,81,0.91581,0.838708
2350,82,0.0164958,0.000272111
2350,83,-0.909606,0.827383
2350,84,-1.77522,3.1514
2350,85,-2.49769,6.23845
2350,86,-3.00978,9.05875
2350,87,-3.2686,10.6838
2350,88,-3.26131,10.6361
2350,89,-3.00666,9.04003
2350,90,-2.55224,6.51392
2350,91,-1.96748,3.87098
2350,92,-1.33368,1.77871
2350,93,-0.732281,0.536236
2350,94,-0.233337,0.0544459
2350,95,0.114265,0.0130565
2350,96,0.289356,0.0837269
2350,97,0.300769,0.0904623
2350,98,0.185049,0.0342431
2350,99,0,0
2360,0,0,0
2360,1,-0.186455,0.0347653
2360,2,-0.302215,0.0913341
2360,3,-0.288304,0.0831192
2360,4,-0.107432,0.0115416
2360,5,0.249252,0.0621267
2360,6,0.75981,0.577311
2360,7,1.37399,1.88785
2360,8,2.01995,4.08019
2360,9,2.61423,6.83422
2360,10,3.07372,9.44773
2360,11,3.32752,11.0724
2360,12,3.32731,11.071
2360,13,3.05438,9.32923
2360,14,2.52246,6.36279
2360,15,1.77611,3.15456
2360,16,0.884812,0.782892
2360,17,-0.0662715,0.00439192
2360,18,-0.987412,0.974982
2360,19,-1.79563,3.2243
2360,20,-2.42475,5.87941
2360,21,-2.83264,8.02387
2360,22,-3.00492,9.02954
2360,23,-2.95453,8.72922
2360,24,-2.7177,7.38591
2360,25,-2.34704,5.50859
2360,26,-1.90284,3.62081
2360,27,-1.44407,2.08535
2360,28,-1.02037,1.04116
2360,29,-0.666254,0.443894
2360,30,-0.398081,0.158469
2360,31,-0.214156,0.0458627
2360,32,-0.0976065,0.00952702
2360,33,-0.0213443,0.00045558
2360,34,0.0458932,0.00210618
2360,35,0.133512,0.0178254
2360,36,0.263925,0.0696564
2360,37,0.449202,0.201782
2360,38,0.689926,0.475997
2360,39,0.976143,0.952854
2360,40,1.29003,1.66419
2360,41,1.60972,2.5912
2360,42,1.9134,3.66112
2360,43,2.18297,4.76537
2360,44,2.40649,5.79121
2360,45,2.57923,6.65245
2360,46,2.70307,7.30656
2360,47,2.78452,7.75356
2360,48,2.83217,8.02117
2360,49,2.85373,8.1438
2360,50,2.85373,8.1438
2360,51,2.83217,8.02117
2360,52,2.78452,7.75356
2360,53,2.70307,7.30657
2360,54,2.57923,6.65245
2360,55,2.4065,5.79122
2360,56,2.18297,4.76537
2360,57,1.9134,3.66111
2360,58,1.60972,2.5912
2360,59,1.29003,1.66419
2360,60,0.976143,0.952855
2360,61,0.689926,0.475998
2360,62,0.449203,0.201783
2360,63,0.263925,0.0696564
2360,64,0.133511,0.0178252
2360,65,0.0458931,0.00210618
2360,66,-0.0213466,0.000455675
2360,67,-0.0976066,0.00952705
2360,68,-0.214157,0.0458631
2360,69,-0.39808,0.158468
2360,70,-0.666254,0.443894
2360,71,-1.02038,1.04117
2360,72,-1.44407,2.08535
2360,73,-1.90284,3.62081
2360,74,-2.34704,5.5086
2360,75,-2.71771,7.38592
2360,76,-2.95453,8.72923
2360,77,-3.00492,9.02956
2360,78,-2.83264,8.02386
2360,79,-2.42475,5.87941
2360,80,-1.79564,3.22431
2360,81,-0.98741,0.974978
2360,82,-0.0662725,0.00439205
2360,83,0.88481,0.782889
2360,84,1.77611,3.15455
2360,85,2.52245,6.36278
2360,86,3.05438,9.32921
2360,87,3.32732,11.071
2360,88,3.32752,11.0724
2360,89,3.07371,9.44772
2360,90,2.61423,6.83421
2360,91,2.01995,4.08019
2360,92,1.37399,1.88786
2360,93,0.759812,0.577314
2360,94,0.249254,0.0621276
2360,95,-0.107432,0.0115417
2360,96,-0.288305,0.0831195
2360,97,-0.302216,0.0913344
2360,98,-0.186454,0.0347652
2360,99,0,0
2370,0,0,0
2370,1,0.187355,0.0351018
2370,2,0.302789,0.0916814
2370,3,0.286299,0.0819671
2370,4,0.100099,0.0100199
2370,5,-0.264551,0.0699873
2370,6,-0.785036,0.616282
2370,7,-1.40989,1.98779
2370,8,-2.06569,4.26706
2370,9,-2.66734,7.11468
2370,10,-3.13018,9.79806
2370,11,-3.38221,11.4394
2370,12,-3.37453,11.3874
2370,13,-3.08851,9.53891
2370,14,-2.53872,6.44512
2370,15,-1.7712,3.13717
2370,16,-0.85737,0.735084
2370,17,0.115444,0.0133274
2370,18,1.05532,1.11369
2370,19,1.87737,3.5245
2370,20,2.51397,6.32002
2370,21,2.92223,8.53941
2370,22,3.08769,9.53382
2370,23,3.02396,9.14431
2370,24,2.76853,7.66476
2370,25,2.37571,5.644
2370,26,1.90768,3.63925
2370,27,1.42531,2.03151
2370,28,0.979948,0.960298
2370,29,0.607495,0.36905
2370,30,0.325295,0.105817
2370,31,0.132181,0.0174718
2370,32,0.0113102,0.00012792
2370,33,-0.0648273,0.00420258
2370,34,-0.128311,0.0164637
2370,35,-0.209548,0.0439104
2370,36,-0.332056,0.110261
2370,37,-0.509023,0.259104
2370,38,-0.741991,0.550551
2370,39,-1.02171,1.04389
2370,40,-1.33082,1.77109
2370,41,-1.64772,2.71497
2370,42,-1.95058,3.80477
2370,43,-2.22107,4.93316
2370,44,-2.44691,5.98736
2370,45,-2.62283,6.87926
2370,46,-2.75013,7.56321
2370,47,-2.83482,8.03621
2370,48,-2.88496,8.32302
2370,49,-2.90788,8.45576
2370,50,-2.90788,8.45576
2370,51,-2.88496,8.32301
2370,52,-2.83482,8.03619
2370,53,-2.75013,7.56321
2370,54,-2.62283,6.87925
2370,55,-2.44691,5.98736
2370,56,-2.22108,4.93317
2370,57,-1.95058,3.80477
2370,58,-1.64772,2.71498
2370,59,-1.33083,1.7711
2370,60,-1.02171,1.04389
2370,61,-0.741993,0.550554
2370,62,-0.509024,0.259105
2370,63,-0.332059,0.110263
2370,64,-0.209547,0.0439098
2370,65,-0.12831,0.0164636
2370,66,-0.0648286,0.00420274
2370,67,0.01131,0.000127916
2370,68,0.132179,0.0174713
2370,69,0.325295,0.105817
2370,70,0.607495,0.36905
2370,71,0.979951,0.960305
2370,72,1.42531,2.03151
2370,73,1.90769,3.63927
2370,74,2.37571,5.64399
2370,75,2.76853,7.66477
2370,76,3.02395,9.1443
2370,77,3.08769,9.53382
2370,78,2.92223,8.5394
2370,79,2.51397,6.32003
2370,80,1.87736,3.5245
2370,81,1.05532,1.1137
2370,82,0.115444,0.0133274
2370,83,-0.85737,0.735084
2370,84,-1.7712,3.13716
2370,85,-2.53873,6.44513
2370,86,-3.08852,9.53893
2370,87,-3.37453,11.3875
2370,88,-3.38221,11.4394
2370,89,-3.13018,9.79805
2370,90,-2.66734,7.11468
2370,91,-2.06569,4.26707
2370,92,-1.40989,1.9878
2370,93,-0.785037,0.616284
2370,94,-0.264552,0.0699876
2370,95,0.1001,0.0100201
2370,96,0.2863,0.0819676
2370,97,0.30279,0.0916815
2370,98,0.187355,0.035102
2370,99,0,0
2380,0,0,0
2380,1,-0.187398,0.035118
2380,2,-0.301888,0.0911364
2380,3,-0.282782,0.0799654
2380,4,-0.0919276,0.00845068
2380,5,0.279364,0.078044
2380,6,0.807915,0.652726
2380,7,1.44126,2.07724
2380,8,2.10473,4.42988
2380,9,2.71181,7.35392
2380,10,3.17655,10.0904
2380,11,3.42598,11.7373
2380,12,3.41078,11.6334
2380,13,3.1125,9.68768
2380,14,2.54654,6.48487
2380,15,1.76025,3.09849
2380,16,0.826777,0.68356
2380,17,-0.164577,0.0270856
2380,18,-1.12,1.2544
2380,19,-1.95302,3.81428
2380,20,-2.59486,6.73329
2380,21,-3.00203,9.01217
2380,22,-3.16006,9.98596
2380,23,-3.08315,9.50581
2380,24,-2.80995,7.89583
2380,25,-2.39623,5.74192
2380,26,-1.90586,3.63231
2380,27,-1.40143,1.96401
2380,28,-0.93588,0.875872
2380,29,-0.546399,0.298552
2380,30,-0.251226,0.0631145
2380,31,-0.0496612,0.00246623
2380,32,0.0751123,0.00564186
2380,33,0.150985,0.0227964
2380,34,0.210648,0.0443724
2380,35,0.28533,0.0814132
2380,36,0.399562,0.15965
2380,37,0.567573,0.322139
2380,38,0.791836,0.627004
2380,39,1.06391,1.13191
2380,40,1.36709,1.86894
2380,41,1.68007,2.82263
2380,42,1.9811,3.92475
2380,43,2.25165,5.06992
2380,44,2.47901,6.14551
2380,45,2.65745,7.06202
2380,46,2.78767,7.77113
2380,47,2.87509,8.26616
2380,48,2.9273,8.56909
2380,49,2.95133,8.71038
2380,50,2.95134,8.71038
2380,51,2.9273,8.56909
2380,52,2.87509,8.26616
2380,53,2.78767,7.77112
2380,54,2.65745,7.06203
2380,55,2.47901,6.1455
2380,56,2.25165,5.06993
2380,57,1.9811,3.92475
2380,58,1.68007,2.82264
2380,59,1.36709,1.86894
2380,60,1.06391,1.13191
2380,61,0.791835,0.627002
2380,62,0.567573,0.32214
2380,63,0.399563,0.15965
2380,64,0.28533,0.0814131
2380,65,0.210647,0.0443721
2380,66,0.150983,0.022796
2380,67,0.0751125,0.00564189
2380,68,-0.0496578,0.0024659
2380,69,-0.251226,0.0631147
2380,70,-0.546398,0.29855
2380,71,-0.935882,0.875875
2380,72,-1.40143,1.96401
2380,73,-1.90586,3.63231
2380,74,-2.39623,5.74191
2380,75,-2.80995,7.89582
2380,76,-3.08315,9.50582
2380,77,-3.16006,9.98596
2380,78,-3.00203,9.01217
2380,79,-2.59486,6.73329
2380,80,-1.95302,3.81427
2380,81,-1.12,1.2544
2380,82,-0.164576,0.0270854
2380,83,0.826779,0.683564
2380,84,1.76025,3.0985
2380,85,2.54654,6.48488
2380,86,3.1125,9.68767
2380,87,3.41078,11.6334
2380,88,3.42598,11.7373
2380,89,3.17655,10.0905
2380,90,2.71181,7.35392
2380,91,2.10473,4.42988
2380,92,1.44127,2.07724
2380,93,0.807914,0.652724
2380,94,0.279364,0.078044
2380,95,-0.091928,0.00845077
2380,96,-0.282779,0.0799638
2380,97,-0.301888,0.0911366
2380,98,-0.187399,0.0351184
2380,99,0,0
2390,0,0,0
2390,1,0.186874,0.0349218
2390,2,0.300109,0.0900654
2390,3,0.27845,0.0775347
2390,4,0.0835381,0.00697861
2390,5,-0.293161,0.0859436
2390,6,-0.828041,0.685652
2390,7,-1.46785,2.15459
2390,8,-2.1368,4.56593
2390,9,-2.74725,7.5474
2390,10,-3.21228,10.3187
2390,11,-3.45824,11.9594
2390,12,-3.43555,11.803
2390,13,-3.12608,9.77239
2390,14,-2.54594,6.48183
2390,15,-1.74363,3.04026
2390,16,-0.793758,0.630052
2390,17,0.212792,0.0452806
2390,18,1.1806,1.39383
2390,19,2.02185,4.08789
2390,20,2.66687,7.11222
2390,21,3.07171,9.4354
2390,22,3.22189,10.3806
2390,23,3.13215,9.81034
2390,24,2.84211,8.07758
2390,25,2.40887,5.80264
2390,26,1.89777,3.60153
2390,27,1.37289,1.88482
2390,28,0.888585,0.789584
2390,29,0.483249,0.23353
2390,30,0.176011,0.0309797
2390,31,-0.0333437,0.0011118
2390,32,-0.16155,0.0260985
2390,33,-0.236743,0.0560474
2390,34,-0.292176,0.0853668
2390,35,-0.359927,0.129548
2390,36,-0.465442,0.216637
2390,37,-0.623881,0.389228
2390,38,-0.83871,0.703434
2390,39,-1.10234,1.21514
2390,40,-1.39861,1.95611
2390,41,-1.70658,2.91241
2390,42,-2.00461,4.01848
2390,43,-2.27413,5.17166
2390,44,-2.50215,6.26074
2390,45,-2.68243,7.19541
2390,46,-2.81512,7.9249
2390,47,-2.90508,8.43946
2390,48,-2.95933,8.75764
2390,49,-2.98447,8.90706
2390,50,-2.98447,8.90707
2390,51,-2.95933,8.75763
2390,52,-2.90508,8.43947
2390,53,-2.81512,7.92489
2390,54,-2.68243,7.19541
2390,55,-2.50214,6.26073
2390,56,-2.27413,5.17167
2390,57,-2.00461,4.01846
2390,58,-1.70658,2.9124
2390,59,-1.39861,1.95611
2390,60,-1.10234,1.21515
2390,61,-0.838711,0.703436
2390,62,-0.623882,0.389229
2390,63,-0.465444,0.216638
2390,64,-0.359927,0.129547
2390,65,-0.292178,0.0853678
2390,66,-0.236743,0.0560472
2390,67,-0.161549,0.0260979
2390,68,-0.0333427,0.00111174
2390,69,0.176013,0.0309804
2390,70,0.483249,0.23353
2390,71,0.888585,0.789583
2390,72,1.37289,1.88482
2390,73,1.89777,3.60153
2390,74,2.40887,5.80265
2390,75,2.84211,8.07759
2390,76,3.13215,9.81035
2390,77,3.22189,10.3806
2390,78,3.07171,9.43539
2390,79,2.66688,7.11223
2390,80,2.02185,4.08788
2390,81,1.18061,1.39383
2390,82,0.212794,0.0452811
2390,83,-0.793756,0.630049
2390,84,-1.74363,3.04026
2390,85,-2.54594,6.48183
2390,86,-3.12608,9.77238
2390,87,-3.43555,11.803
2390,88,-3.45823,11.9594
2390,89,-3.21227,10.3187
2390,90,-2.74725,7.54739
2390,91,-2.1368,4.56592
2390,92,-1.46785,2.15458
2390,93,-0.828041,0.685652
2390,94,-0.293164,0.0859451
2390,95,0.0835368,0.00697839
2390,96,0.278451,0.0775349
2390,97,0.300111,0.0900669
2390,98,0.186875,0.0349223
2390,99,0,0
2400,0,0,0
2400,1,-0.185554,0.0344304
2400,2,-0.296989,0.0882026
2400,3,-0.272751,0.0743933
2400,4,-0.0743757,0.00553174
2400,5,0.306559,0.0939782
2400,6,0.845988,0.715696
2400,7,1.48997,2.22
2400,8,2.16197,4.67412
2400,9,2.77359,7.69281
2400,10,3.23723,10.4796
2400,11,3.47884,12.1023
2400,12,3.44876,11.8939
2400,13,3.12911,9.7913
2400,14,2.53668,6.43475
2400,15,1.72101,2.96187
2400,16,0.757894,0.574404
2400,17,-0.260449,0.0678336
2400,18,-1.23742,1.5312
2400,19,-2.08416,4.34374
2400,20,-2.73024,7.4542
2400,21,-3.13131,9.80512
2400,22,-3.2731,10.7132
2400,23,-3.17085,10.0543
2400,24,-2.86499,8.20814
2400,25,-2.41371,5.82601
2400,26,-1.88363,3.54808
2400,27,-1.34011,1.7959
2400,28,-0.83874,0.703484
2400,29,-0.418961,0.175528
2400,30,-0.100667,0.0101339
2400,31,0.115904,0.0134338
2400,32,0.247272,0.0611432
2400,33,0.321688,0.103483
2400,34,0.372895,0.139051
2400,35,0.433632,0.188037
2400,36,0.530168,0.281078
2400,37,0.678603,0.460502
2400,38,0.883301,0.780221
2400,39,1.13749,1.29388
2400,40,1.42571,2.03265
2400,41,1.72751,2.98429
2400,42,2.02152,4.08655
2400,43,2.28912,5.24005
2400,44,2.51702,6.3354
2400,45,2.69855,7.28219
2400,46,2.83328,8.02748
2400,47,2.92545,8.55826
2400,48,2.98155,8.88966
2400,49,3.00777,9.04667
2400,50,3.00777,9.04668
2400,51,2.98156,8.88968
2400,52,2.92545,8.55826
2400,53,2.83328,8.0275
2400,54,2.69855,7.28219
2400,55,2.51702,6.33541
2400,56,2.28911,5.24005
2400,57,2.02152,4.08655
2400,58,1.72751,2.9843
2400,59,1.42571,2.03266
2400,60,1.13749,1.29388
2400,61,0.883304,0.780225
2400,62,0.678605,0.460504
2400,63,0.53017,0.28108
2400,64,0.433633,0.188037
2400,65,0.372896,0.139051
2400,66,0.321688,0.103483
2400,67,0.247269,0.0611421
2400,68,0.115904,0.0134337
2400,69,-0.10067,0.0101345
2400,70,-0.418961,0.175528
2400,71,-0.838738,0.703482
2400,72,-1.34011,1.7959
2400,73,-1.88363,3.54808
2400,74,-2.41371,5.82602
2400,75,-2.86499,8.20814
2400,76,-3.17085,10.0543
2400,77,-3.2731,10.7132
2400,78,-3.13132,9.80514
2400,79,-2.73024,7.4542
2400,80,-2.08417,4.34375
2400,81,-1.23741,1.5312
2400,82,-0.260447,0.0678329
2400,83,0.757894,0.574404
2400,84,1.721,2.96186
2400,85,2.53668,6.43475
2400,86,3.1291,9.79129
2400,87,3.44875,11.8939
2400,88,3.47884,12.1023
2400,89,3.23723,10.4796
2400,90,2.77359,7.6928
2400,91,2.16197,4.67411
2400,92,1.48997,2.22
2400,93,0.845987,0.715695
2400,94,0.306558,0.0939777
2400,95,-0.0743746,0.00553158
2400,96,-0.272751,0.0743933
2400,97,-0.296991,0.0882036
2400,98,-0.185554,0.0344303
2400,99,0,0
2410,0,0,0
2410,1,0.183614,0.033714
2410,2,0.292987,0.0858414
2410,3,0.266378,0.0709572
2410,4,0.0652789,0.00426133
2410,5,-0.318522,0.101456
2410,6,-0.860631,0.740686
2410,7,-1.50668,2.2701
2410,8,-2.17959,4.75063
2410,9,-2.79044,7.78655
2410,10,-3.25126,10.5707
2410,11,-3.4878,12.1647
2410,12,-3.45047,11.9058
2410,13,-3.12173,9.74521
2410,14,-2.51901,6.34541
2410,15,-1.69271,2.86527
2410,16,-0.719632,0.51787
2410,17,0.307075,0.0942951
2410,18,1.28992,1.66389
2410,19,2.13929,4.57657
2410,20,2.78425,7.75206
2410,21,3.18032,10.1144
2410,22,3.31331,10.978
2410,23,3.19893,10.2332
2410,24,2.87837,8.28503
2410,25,2.4107,5.81148
2410,26,1.86354,3.47276
2410,27,1.30333,1.69867
2410,28,0.786664,0.618841
2410,29,0.35385,0.12521
2410,30,0.0255318,0.000651872
2410,31,-0.197524,0.0390157
2410,32,-0.331639,0.109985
2410,33,-0.40513,0.16413
2410,34,-0.451991,0.204295
2410,35,-0.50551,0.25554
2410,36,-0.592743,0.351344
2410,37,-0.730664,0.53387
2410,38,-0.924529,0.854755
2410,39,-1.16844,1.36526
2410,40,-1.4477,2.09585
2410,41,-1.74244,3.0361
2410,42,-2.03158,4.12732
2410,43,-2.29649,5.27385
2410,44,-2.52367,6.36889
2410,45,-2.70597,7.3223
2410,46,-2.84239,8.07917
2410,47,-2.93653,8.62319
2410,48,-2.99431,8.96587
2410,49,-3.02146,9.12925
2410,50,-3.02146,9.12925
2410,51,-2.99431,8.96587
2410,52,-2.93653,8.62319
2410,53,-2.84239,8.07919
2410,54,-2.70597,7.3223
2410,55,-2.52367,6.36889
2410,56,-2.29649,5.27385
2410,57,-2.03158,4.12732
2410,58,-1.74244,3.03611
2410,59,-1.44771,2.09585
2410,60,-1.16844,1.36526
2410,61,-0.924532,0.854759
2410,62,-0.730666,0.533873
2410,63,-0.592744,0.351346
2410,64,-0.505511,0.255541
2410,65,-0.451989,0.204294
2410,66,-0.405129,0.164129
2410,67,-0.331637,0.109983
2410,68,-0.197524,0.0390156
2410,69,0.0255321,0.00065189
2410,70,0.353851,0.12521
2410,71,0.786664,0.61884
2410,72,1.30333,1.69867
2410,73,1.86354,3.47277
2410,74,2.4107,5.81148
2410,75,2.87837,8.28504
2410,76,3.19893,10.2332
2410,77,3.31331,10.978
2410,78,3.18032,10.1144
2410,79,2.78425,7.75205
2410,80,2.13929,4.57658
2410,81,1.28992,1.66389
2410,82,0.307074,0.0942943
2410,83,-0.719632,0.51787
2410,84,-1.69271,2.86527
2410,85,-2.51901,6.34542
2410,86,-3.12173,9.74522
2410,87,-3.45047,11.9058
2410,88,-3.4878,12.1648
2410,89,-3.25126,10.5707
2410,90,-2.79044,7.78655
2410,91,-2.17959,4.75063
2410,92,-1.50668,2.27009
2410,93,-0.860632,0.740688
2410,94,-0.318525,0.101458
2410,95,0.0652784,0.00426127
2410,96,0.266377,0.0709568
2410,97,0.292986,0.0858406
2410,98,0.183618,0.0337155
2410,99,0,0
2420,0,0,0
2420,1,-0.181267,0.0328579
2420,2,-0.288295,0.0831138
2420,3,-0.259457,0.0673178
2420,4,-0.0563701,0.00317759
2420,5,0.329019,0.108253
2420,6,0.872024,0.760425
2420,7,1.51795,2.30418
2420,8,2.18948,4.7938
2420,9,2.7975,7.82598
2420,10,3.25394,10.5881
2420,11,3.48464,12.1427
2420,12,3.44024,11.8353
2420,13,3.10359,9.63229
2420,14,2.49267,6.21341
2420,15,1.65854,2.75076
2420,16,0.678737,0.460684
2420,17,-0.352885,0.124528
2420,18,-1.33826,1.79093
2420,19,-2.18735,4.7845
2420,20,-2.82897,8.00307
2420,21,-3.21861,10.3594
2420,22,-3.3423,11.1709
2420,23,-3.21614,10.3436
2420,24,-2.88187,8.30517
2420,25,-2.39929,5.75661
2420,26,-1.83686,3.37407
2420,27,-1.26187,1.59232
2420,28,-0.731728,0.535426
2420,29,-0.287488,0.0826493
2420,30,0.0496134,0.00246148
2420,31,0.278346,0.0774765
2420,32,0.414737,0.172007
2420,33,0.487044,0.237211
2420,34,0.529464,0.280333
2420,35,0.575675,0.331402
2420,36,0.653342,0.426856
2420,37,0.780277,0.608833
2420,38,0.962627,0.926651
2420,39,1.1954,1.42899
2420,40,1.46475,2.14549
2420,41,1.75142,3.06749
2420,42,2.03469,4.13996
2420,43,2.29598,5.27152
2420,44,2.52161,6.35851
2420,45,2.70405,7.31187
2420,46,2.84171,8.0753
2420,47,2.93753,8.62907
2420,48,2.99681,8.98087
2420,49,3.02484,9.14968
2420,50,3.02484,9.14968
2420,51,2.99681,8.98086
2420,52,2.93752,8.62904
2420,53,2.84171,8.07529
2420,54,2.70405,7.31187
2420,55,2.52161,6.35852
2420,56,2.29598,5.27151
2420,57,2.03469,4.13995
2420,58,1.75142,3.06749
2420,59,1.46475,2.14549
2420,60,1.1954,1.42898
2420,61,0.962626,0.92665
2420,62,0.780275,0.60883
2420,63,0.653343,0.426857
2420,64,0.575676,0.331403
2420,65,0.529465,0.280333
2420,66,0.487044,0.237212
2420,67,0.414739,0.172008
2420,68,0.278348,0.0774775
2420,69,0.0496128,0.00246143
2420,70,-0.287485,0.0826478
2420,71,-0.731727,0.535425
2420,72,-1.26187,1.59233
2420,73,-1.83686,3.37407
2420,74,-2.3993,5.75662
2420,75,-2.88187,8.30518
2420,76,-3.21614,10.3436
2420,77,-3.3423,11.171
2420,78,-3.21861,10.3594
2420,79,-2.82897,8.00306
2420,80,-2.18735,4.7845
2420,81,-1.33825,1.79093
2420,82,-0.352885,0.124528
2420,83,0.678738,0.460686
2420,84,1.65854,2.75077
2420,85,2.49267,6.21341
2420,86,3.1036,9.63231
2420,87,3.44024,11.8353
2420,88,3.48464,12.1427
2420,89,3.25394,10.5881
2420,90,2.7975,7.82598
2420,91,2.18948,4.7938
2420,92,1.51795,2.30418
2420,93,0.872021,0.760421
2420,94,0.329016,0.108252
2420,95,-0.0563694,0.0031775
2420,96,-0.259458,0.0673183
2420,97,-0.288296,0.0831143
2420,98,-0.181266,0.0328574
2420,99,0,0
2430,0,0,0
2430,1,0.178428,0.0318365
2430,2,0.282883,0.0800226
2430,3,0.252007,0.0635073
2430,4,0.0476869,0.00227404
2430,5,-0.337917,0.114188
2430,6,-0.879974,0.774354
2430,7,-1.52369,2.32162
2430,8,-2.19165,4.80332
2430,9,-2.79482,7.811
2430,10,-3.24535,10.5323
2430,11,-3.46942,12.0369
2430,12,-3.41805,11.6831
2430,13,-3.0746,9.45318
2430,14,-2.45759,6.03973
2430,15,-1.61852,2.61961
2430,16,-0.635347,0.403666
2430,17,0.397705,0.15817
2430,18,1.38225,1.9106
2430,19,2.22812,4.96452
2430,20,2.86417,8.2035
2430,21,3.24603,10.5367
2430,22,3.35994,11.2892
2430,23,3.22237,10.3837
2430,24,2.87552,8.2686
2430,25,2.37968,5.66289
2430,26,1.80386,3.25391
2430,27,1.21594,1.47852
2430,28,0.673969,0.454234
2430,29,0.219616,0.0482312
2430,30,-0.125275,0.0156939
2430,31,-0.358954,0.128848
2430,32,-0.497094,0.247103
2430,33,-0.56781,0.322409
2430,34,-0.605399,0.366508
2430,35,-0.643927,0.414642
2430,36,-0.711635,0.506425
2430,37,-0.827072,0.684049
2430,38,-0.997286,0.994579
2430,39,-1.21818,1.48397
2430,40,-1.47671,2.18066
2430,41,-1.75426,3.07743
2430,42,-2.03059,4.12331
2430,43,-2.28735,5.23197
2430,44,-2.51071,6.30366
2430,45,-2.69273,7.25078
2430,46,-2.83121,8.01575
2430,47,-2.92845,8.57581
2430,48,-2.98911,8.93481
2430,49,-3.01797,9.10817
2430,50,-3.01797,9.10816
2430,51,-2.98912,8.93482
2430,52,-2.92845,8.57581
2430,53,-2.83121,8.01575
2430,54,-2.69272,7.25076
2430,55,-2.51071,6.30365
2430,56,-2.28735,5.23195
2430,57,-2.03059,4.12331
2430,58,-1.75426,3.07742
2430,59,-1.47671,2.18066
2430,60,-1.21818,1.48397
2430,61,-0.997287,0.994581
2430,62,-0.827072,0.684048
2430,63,-0.711636,0.506425
2430,64,-0.643927,0.414641
2430,65,-0.605399,0.366508
2430,66,-0.567812,0.32241
2430,67,-0.497095,0.247103
2430,68,-0.358955,0.128849
2430,69,-0.125277,0.0156942
2430,70,0.219616,0.048231
2430,71,0.673971,0.454237
2430,72,1.21594,1.47852
2430,73,1.80386,3.25391
2430,74,2.37968,5.66289
2430,75,2.87552,8.26859
2430,76,3.22237,10.3837
2430,77,3.35994,11.2892
2430,78,3.24603,10.5367
2430,79,2.86418,8.20352
2430,80,2.22812,4.96451
2430,81,1.38224,1.9106
2430,82,0.397701,0.158166
2430,83,-0.635345,0.403664
2430,84,-1.61852,2.61962
2430,85,-2.45759,6.03974
2430,86,-3.0746,9.45318
2430,87,-3.41805,11.6831
2430,88,-3.46942,12.0369
2430,89,-3.24535,10.5323
2430,90,-2.79481,7.81099
2430,91,-2.19165,4.80332
2430,92,-1.52368,2.32162
2430,93,-0.879974,0.774354
2430,94,-0.337918,0.114188
2430,95,0.0476864,0.00227399
2430,96,0.252009,0.0635083
2430,97,0.282881,0.0800214
2430,98,0.17843,0.0318374
2430,99,0,0
2440,0,0,0
2440,1,-0.174894,0.0305879
2440,2,-0.276315,0.0763498
2440,3,-0.243372,0.05923
2440,4,-0.0384003,0.00147458
2440,5,0.346166,0.119831
2440,6,0.885424,0.783975
2440,7,1.52465,2.32455
2440,8,2.1867,4.78164
2440,9,2.78294,7.74474
2440,10,3.22602,10.4072
2440,11,3.44264,11.8518
2440,12,3.38443,11.4543
2440,13,3.03529,9.21296
2440,14,2.41418,5.82827
2440,15,1.57296,2.47421
2440,16,0.589752,0.347807
2440,17,-0.441193,0.194651
2440,18,-1.42157,2.02087
2440,19,-2.26143,5.11408
2440,20,-2.88986,8.35127
2440,21,-3.26273,10.6454
2440,22,-3.36657,11.3338
2440,23,-3.21811,10.3562
2440,24,-2.85983,8.17863
2440,25,-2.3523,5.53334
2440,26,-1.76488,3.11481
2440,27,-1.16586,1.35923
2440,28,-0.613754,0.376694
2440,29,-0.150786,0.0227363
2440,30,0.200701,0.0402811
2440,31,0.438487,0.192271
2440,32,0.577865,0.333928
2440,33,0.64672,0.418247
2440,34,0.679348,0.461513
2440,35,0.710042,0.50416
2440,36,0.767513,0.589076
2440,37,0.87101,0.758658
2440,38,1.02845,1.05771
2440,39,1.23668,1.52937
2440,40,1.48349,2.20075
2440,41,1.75103,3.06612
2440,42,2.01955,4.07858
2440,43,2.27087,5.15687
2440,44,2.49111,6.20561
2440,45,2.67192,7.13918
2440,46,2.81061,7.89952
2440,47,2.90878,8.46102
2440,48,2.97048,8.82377
2440,49,3,8.99998
2440,50,3,8.99999
2440,51,2.97048,8.82375
2440,52,2.90878,8.46099
2440,53,2.81061,7.89951
2440,54,2.67192,7.13918
2440,55,2.4911,6.2056
2440,56,2.27087,5.15687
2440,57,2.01954,4.07855
2440,58,1.75103,3.06612
2440,59,1.48349,2.20074
2440,60,1.23667,1.52936
2440,61,1.02845,1.05771
2440,62,0.871009,0.758657
2440,63,0.767514,0.589077
2440,64,0.710042,0.504159
2440,65,0.679348,0.461514
2440,66,0.646719,0.418246
2440,67,0.577867,0.33393
2440,68,0.438488,0.192272
2440,69,0.2007,0.0402807
2440,70,-0.150782,0.0227352
2440,71,-0.613757,0.376697
2440,72,-1.16586,1.35923
2440,73,-1.76489,3.11482
2440,74,-2.35231,5.53335
2440,75,-2.85983,8.17864
2440,76,-3.21812,10.3563
2440,77,-3.36657,11.3338
2440,78,-3.26273,10.6454
2440,79,-2.88985,8.35126
2440,80,-2.26143,5.11407
2440,81,-1.42157,2.02087
2440,82,-0.441191,0.194649
2440,83,0.58975,0.347805
2440,84,1.57297,2.47422
2440,85,2.41418,5.82827
2440,86,3.03529,9.21296
2440,87,3.38442,11.4543
2440,88,3.44264,11.8518
2440,89,3.22602,10.4072
2440,90,2.78294,7.74475
2440,91,2.1867,4.78165
2440,92,1.52465,2.32456
2440,93,0.885423,0.783974
2440,94,0.346164,0.11983
2440,95,-0.0383999,0.00147455
2440,96,-0.243377,0.0592322
2440,97,-0.276315,0.07635
2440,98,-0.174894,0.0305879
2440,99,0,0
2450,0,0,0
2450,1,0.170542,0.0290847
2450,2,0.268453,0.0720671
2450,3,0.233545,0.0545434
2450,4,0.0286043,0.000818207
2450,5,-0.353667,0.125081
2450,6,-0.888321,0.789114
2450,7,-1.52093,2.31323
2450,8,-2.17489,4.73015
2450,9,-2.76223,7.62989
2450,10,-3.19636,10.2167
2450,11,-3.40482,11.5928
2450,12,-3.33998,11.1555
2450,13,-2.98633,8.91816
2450,14,-2.36319,5.58466
2450,15,-1.52256,2.3182
2450,16,-0.542498,0.294304
2450,17,0.483025,0.233313
2450,18,1.45614,2.12035
2450,19,2.28733,5.23188
2450,20,2.9061,8.44541
2450,21,3.26878,10.6849
2450,22,3.36224,11.3046
2450,23,3.20338,10.2616
2450,24,2.8348,8.03609
2450,25,2.31722,5.36953
2450,26,1.72012,2.9588
2450,27,1.11194,1.23641
2450,28,0.551485,0.304136
2450,29,0.0813626,0.00661987
2450,30,-0.275611,0.0759614
2450,31,-0.516749,0.26703
2450,32,-0.65694,0.43157
2450,33,-0.723767,0.523838
2450,34,-0.751355,0.564534
2450,35,-0.77408,0.599199
2450,36,-0.821074,0.674162
2450,37,-0.912238,0.832178
2450,38,-1.05629,1.11576
2450,39,-1.25103,1.56509
2450,40,-1.48524,2.20594
2450,41,-1.74184,3.03402
2450,42,-2.00163,4.00653
2450,43,-2.24669,5.04764
2450,44,-2.46307,6.0667
2450,45,-2.64208,6.98059
2450,46,-2.78046,7.73098
2450,47,-2.8792,8.2898
2450,48,-2.9417,8.65362
2450,49,-2.97175,8.83132
2450,50,-2.97176,8.83134
2450,51,-2.9417,8.65362
2450,52,-2.8792,8.2898
2450,53,-2.78046,7.73098
2450,54,-2.64208,6.98058
2450,55,-2.46307,6.06669
2450,56,-2.24669,5.04763
2450,57,-2.00163,4.00652
2450,58,-1.74184,3.03402
2450,59,-1.48524,2.20593
2450,60,-1.25103,1.56509
2450,61,-1.05629,1.11576
2450,62,-0.912234,0.83217
2450,63,-0.821075,0.674164
2450,64,-0.774081,0.599201
2450,65,-0.751356,0.564536
2450,66,-0.723768,0.52384
2450,67,-0.656944,0.431575
2450,68,-0.516749,0.26703
2450,69,-0.275608,0.0759599
2450,70,0.0813613,0.00661967
2450,71,0.551488,0.304139
2450,72,1.11194,1.23642
2450,73,1.72012,2.95881
2450,74,2.31723,5.36954
2450,75,2.8348,8.0361
2450,76,3.20338,10.2617
2450,77,3.36224,11.3046
2450,78,3.26878,10.6849
2450,79,2.9061,8.4454
2450,80,2.28733,5.23188
2450,81,1.45614,2.12035
2450,82,0.483026,0.233314
2450,83,-0.542497,0.294303
2450,84,-1.52256,2.31819
2450,85,-2.36319,5.58465
2450,86,-2.98633,8.91816
2450,87,-3.33998,11.1554
2450,88,-3.40482,11.5928
2450,89,-3.19637,10.2168
2450,90,-2.76223,7.6299
2450,91,-2.17489,4.73014
2450,92,-1.52093,2.31324
2450,93,-0.888323,0.789117
2450,94,-0.353666,0.125079
2450,95,0.028603,0.000818134
2450,96,0.233543,0.0545423
2450,97,0.26845,0.0720655
2450,98,0.170543,0.0290849
2450,99,0,0
2460,0,0,0
2460,1,-0.165573,0.0274145
2460,2,-0.259586,0.067385
2460,3,-0.222745,0.0496151
2460,4,-0.0184661,0.000340999
2460,5,0.36022,0.129758
2460,6,0.888429,0.789306
2460,7,1.51219,2.28672
2460,8,2.15569,4.64699
2460,9,2.73199,7.46376
2460,10,3.15564,9.95809
2460,11,3.35526,11.2578
2460,12,3.28409,10.7852
2460,13,2.92721,8.56855
2460,14,2.3042,5.30932
2460,15,1.46703,2.15218
2460,16,0.493446,0.243489
2460,17,-0.523184,0.273721
2460,18,-1.48574,2.20741
2460,19,-2.30543,5.315
2460,20,-2.91248,8.48251
2460,21,-3.26372,10.6519
2460,22,-3.3464,11.1984
2460,23,-3.17762,10.0973
2460,24,-2.79997,7.83983
2460,25,-2.27407,5.17137
2460,26,-1.66929,2.78653
2460,27,-1.05406,1.11104
2460,28,-0.487217,0.237381
2460,29,-0.0115506,0.000133417
2460,30,0.349741,0.122319
2460,31,0.593486,0.352226
2460,32,0.734041,0.538817
2460,33,0.79854,0.637666
2460,34,0.820893,0.673866
2460,35,0.835522,0.698097
2460,36,0.871859,0.760138
2460,37,0.950386,0.903233
2460,38,1.08066,1.16783
2460,39,1.26138,1.59107
2460,40,1.48224,2.19704
2460,41,1.72703,2.98265
2460,42,1.97717,3.90922
2460,43,2.21509,4.90663
2460,44,2.42682,5.88943
2460,45,2.60339,6.77764
2460,46,2.74098,7.513
2460,47,2.83993,8.06518
2460,48,2.90299,8.42737
2460,49,2.93346,8.60521
2460,50,2.93346,8.6052
2460,51,2.90299,8.42737
2460,52,2.83993,8.06519
2460,53,2.74099,7.513
2460,54,2.60339,6.77765
2460,55,2.42682,5.88944
2460,56,2.21509,4.90663
2460,57,1.97717,3.90921
2460,58,1.72703,2.98264
2460,59,1.48224,2.19704
2460,60,1.26138,1.59107
2460,61,1.08066,1.16783
2460,62,0.950387,0.903235
2460,63,0.871861,0.760141
2460,64,0.835526,0.698104
2460,65,0.820894,0.673867
2460,66,0.798541,0.637667
2460,67,0.734041,0.538816
2460,68,0.593488,0.352227
2460,69,0.349742,0.122319
2460,70,-0.011551,0.000133425
2460,71,-0.487219,0.237383
2460,72,-1.05406,1.11105
2460,73,-1.66929,2.78653
2460,74,-2.27407,5.17137
2460,75,-2.79996,7.8398
2460,76,-3.17762,10.0972
2460,77,-3.34639,11.1984
2460,78,-3.26372,10.6519
2460,79,-2.91248,8.48252
2460,80,-2.30543,5.31501
2460,81,-1.48573,2.20741
2460,82,-0.523185,0.273723
2460,83,0.493448,0.243491
2460,84,1.46703,2.15219
2460,85,2.3042,5.30932
2460,86,2.92721,8.56855
2460,87,3.28409,10.7852
2460,88,3.35526,11.2577
2460,89,3.15564,9.95807
2460,90,2.73199,7.46375
2460,91,2.15569,4.64699
2460,92,1.51219,2.28672
2460,93,0.888429,0.789306
2460,94,0.360222,0.12976
2460,95,-0.0184646,0.000340943
2460,96,-0.222745,0.0496155
2460,97,-0.259585,0.0673843
2460,98,-0.165575,0.027415
2460,99,0,0
2470,0,0,0
2470,1,0.160071,0.0256227
2470,2,0.249873,0.0624364
2470,3,0.211252,0.0446273
2470,4,0.00841317,7.07814e-05
2470,5,-0.365321,0.133459
2470,6,-0.885263,0.783691
2470,7,-1.49807,2.2442
2470,8,-2.12895,4.53242
2470,9,-2.6923,7.24847
2470,10,-3.10408,9.63531
2470,11,-3.29419,10.8517
2470,12,-3.21692,10.3486
2470,13,-2.85802,8.16826
2470,14,-2.23734,5.0057
2470,15,-1.4066,1.97854
2470,16,-0.442858,0.196124
2470,17,0.56139,0.315159
2470,18,1.51005,2.28024
2470,19,2.31543,5.36124
2470,20,2.90872,8.46063
2470,21,3.24742,10.5458
2470,22,3.31915,11.0168
2470,23,3.14111,9.86659
2470,24,2.75574,7.59413
2470,25,2.22335,4.94328
2470,26,1.61294,2.60156
2470,27,0.992669,0.985392
2470,28,0.421285,0.177481
2470,29,-0.058327,0.00340203
2470,30,-0.422677,0.178656
2470,31,-0.668138,0.446409
2470,32,-0.808531,0.653722
2470,33,-0.870495,0.757762
2470,34,-0.887583,0.787804
2470,35,-0.894093,0.799403
2470,36,-0.919649,0.845754
2470,37,-0.985237,0.970693
2470,38,-1.10121,1.21266
2470,39,-1.26722,1.60584
2470,40,-1.47398,2.17263
2470,41,-1.70617,2.91102
2470,42,-1.94588,3.78645
2470,43,-2.1759,4.73452
2470,44,-2.38229,5.67531
2470,45,-2.55584,6.53232
2470,46,-2.69221,7.24802
2470,47,-2.79109,7.79017
2470,48,-2.85457,8.14857
2470,49,-2.8854,8.32555
2470,50,-2.8854,8.32556
2470,51,-2.85457,8.14856
2470,52,-2.79109,7.79017
2470,53,-2.69222,7.24804
2470,54,-2.55584,6.53233
2470,55,-2.38229,5.67531
2470,56,-2.1759,4.73453
2470,57,-1.94588,3.78645
2470,58,-1.70617,2.91103
2470,59,-1.47398,2.17263
2470,60,-1.26722,1.60585
2470,61,-1.10121,1.21266
2470,62,-0.985236,0.970691
2470,63,-0.919648,0.845753
2470,64,-0.894096,0.799407
2470,65,-0.887582,0.787802
2470,66,-0.870494,0.757761
2470,67,-0.80853,0.653721
2470,68,-0.668136,0.446406
2470,69,-0.422677,0.178656
2470,70,-0.0583265,0.00340198
2470,71,0.421285,0.177481
2470,72,0.992669,0.985392
2470,73,1.61294,2.60156
2470,74,2.22335,4.94329
2470,75,2.75574,7.59413
2470,76,3.14111,9.8666
2470,77,3.31915,11.0168
2470,78,3.24742,10.5457
2470,79,2.90872,8.46063
2470,80,2.31544,5.36125
2470,81,1.51005,2.28025
2470,82,0.56139,0.315159
2470,83,-0.442857,0.196122
2470,84,-1.40661,1.97854
2470,85,-2.23734,5.0057
2470,86,-2.85802,8.16827
2470,87,-3.21692,10.3486
2470,88,-3.29419,10.8517
2470,89,-3.10408,9.6353
2470,90,-2.6923,7.24848
2470,91,-2.12895,4.53243
2470,92,-1.49807,2.24421
2470,93,-0.885262,0.783689
2470,94,-0.365319,0.133458
2470,95,0.00841283,7.07758e-05
2470,96,0.211251,0.0446272
2470,97,0.249872,0.0624361
2470,98,0.16007,0.0256224
2470,99,0,0
2480,0,0,0
2480,1,-0.15405,0.0237315
2480,2,-0.239359,0.0572928
2480,3,-0.199096,0.0396393
2480,4,0.00162847,2.6519e-06
2480,5,0.369135,0.136261
2480,6,0.879027,0.772689
2480,7,1.47881,2.18688
2480,8,2.09497,4.38891
2480,9,2.64349,6.98803
2480,10,3.04199,9.25373
2480,11,3.22189,10.3806
2480,12,3.13868,9.85129
2480,13,2.77888,7.72217
2480,14,2.16253,4.67653
2480,15,1.34098,1.79822
2480,16,0.390409,0.152419
2480,17,-0.597941,0.357533
2480,18,-1.52939,2.33904
2480,19,-2.31764,5.37146
2480,20,-2.89504,8.38127
2480,21,-3.21999,10.3684
2480,22,-3.28051,10.7618
2480,23,-3.09382,9.57171
2480,24,-2.70207,7.30119
2480,25,-2.16506,4.6875
2480,26,-1.55121,2.40624
2480,27,-0.928105,0.861379
2480,28,-0.354171,0.125437
2480,29,0.127742,0.016318
2480,30,0.493911,0.243948
2480,31,0.740253,0.547974
2480,32,0.879997,0.774394
2480,33,0.939205,0.882105
2480,34,0.950964,0.904332
2480,35,0.949365,0.901294
2480,36,0.964119,0.929526
2480,37,1.01662,1.03352
2480,38,1.11791,1.24973
2480,39,1.26862,1.6094
2480,40,1.4605,2.13306
2480,41,1.6792,2.81971
2480,42,1.90759,3.63891
2480,43,2.12895,4.53244
2480,44,2.32945,5.42634
2480,45,2.49957,6.24784
2480,46,2.6344,6.94009
2480,47,2.73297,7.46911
2480,48,2.7967,7.82154
2480,49,2.82782,7.99655
2480,50,2.82782,7.99654
2480,51,2.7967,7.82154
2480,52,2.73297,7.4691
2480,53,2.6344,6.94008
2480,54,2.49957,6.24784
2480,55,2.32945,5.42634
2480,56,2.12895,4.53244
2480,57,1.90759,3.6389
2480,58,1.6792,2.81971
2480,59,1.4605,2.13305
2480,60,1.26862,1.6094
2480,61,1.11792,1.24973
2480,62,1.01662,1.03352
2480,63,0.964122,0.929531
2480,64,0.949364,0.901292
2480,65,0.950964,0.904333
2480,66,0.939204,0.882105
2480,67,0.879994,0.77439
2480,68,0.74025,0.547969
2480,69,0.493909,0.243946
2480,70,0.127736,0.0163165
2480,71,-0.354173,0.125438
2480,72,-0.928108,0.861384
2480,73,-1.55121,2.40625
2480,74,-2.16507,4.68752
2480,75,-2.70207,7.3012
2480,76,-3.09382,9.5717
2480,77,-3.28051,10.7618
2480,78,-3.21999,10.3684
2480,79,-2.89504,8.38127
2480,80,-2.31764,5.37146
2480,81,-1.52939,2.33904
2480,82,-0.597938,0.35753
2480,83,0.39041,0.15242
2480,84,1.34098,1.79822
2480,85,2.16253,4.67653
2480,86,2.77888,7.72217
2480,87,3.13867,9.85128
2480,88,3.22189,10.3805
2480,89,3.04199,9.25371
2480,90,2.64349,6.98803
2480,91,2.09497,4.38892
2480,92,1.47881,2.18689
2480,93,0.879027,0.772688
2480,94,0.369133,0.136259
2480,95,0.00162872,2.65273e-06
2480,96,-0.199091,0.0396373
2480,97,-0.239355,0.057291
2480,98,-0.154048,0.0237307
2480,99,0,0
2490,0,0,0
2490,1,0.147597,0.021785
2490,2,0.228188,0.0520697
2490,3,0.186424,0.0347539
2490,4,-0.0115466,0.000133324
2490,5,-0.371658,0.13813
2490,6,-0.869811,0.756572
2490,7,-1.45451,2.11559
2490,8,-2.05383,4.21823
2490,9,-2.58561,6.68537
2490,10,-2.96941,8.81742
2490,11,-3.13849,9.85009
2490,12,-3.04972,9.30079
2490,13,-2.69038,7.23812
2490,14,-2.08053,4.32863
2490,15,-1.27097,1.61536
2490,16,-0.336722,0.113382
2490,17,0.632484,0.400036
2490,18,1.54367,2.38291
2490,19,2.31218,5.34618
2490,20,2.87176,8.247
2490,21,3.18179,10.1238
2490,22,3.23082,10.4382
2490,23,3.03607,9.21775
2490,24,2.63924,6.96557
2490,25,2.09941,4.4075
2490,26,1.48418,2.20278
2490,27,0.860413,0.740311
2490,28,0.285987,0.0817886
2490,29,-0.196494,0.0386098
2490,30,-0.56319,0.317183
2490,31,-0.809595,0.655443
2490,32,-0.948314,0.8993
2490,33,-1.00471,1.00943
2490,34,-1.01122,1.02257
2490,35,-1.00155,1.00311
2490,36,-1.0054,1.01083
2490,37,-1.04456,1.09111
2490,38,-1.13083,1.27877
2490,39,-1.26575,1.60213
2490,40,-1.44217,2.07984
2490,41,-1.64673,2.71172
2490,42,-1.8631,3.47116
2490,43,-2.07507,4.30592
2490,44,-2.26894,5.14809
2490,45,-2.43501,5.92928
2490,46,-2.5679,6.59412
2490,47,-2.66593,7.10719
2490,48,-2.72982,7.45191
2490,49,-2.76117,7.62408
2490,50,-2.76117,7.62408
2490,51,-2.72982,7.45192
2490,52,-2.66593,7.1072
2490,53,-2.5679,6.59412
2490,54,-2.43501,5.92928
2490,55,-2.26894,5.14809
2490,56,-2.07507,4.30592
2490,57,-1.8631,3.47115
2490,58,-1.64673,2.71172
2490,59,-1.44217,2.07984
2490,60,-1.26575,1.60213
2490,61,-1.13083,1.27877
2490,62,-1.04456,1.09111
2490,63,-1.0054,1.01083
2490,64,-1.00155,1.00311
2490,65,-1.01122,1.02257
2490,66,-1.00471,1.00944
2490,67,-0.948317,0.899305
2490,68,-0.809593,0.65544
2490,69,-0.563187,0.317179
2490,70,-0.19649,0.0386082
2490,71,0.285989,0.08179
2490,72,0.860417,0.740317
2490,73,1.48418,2.20278
2490,74,2.09941,4.4075
2490,75,2.63924,6.96558
2490,76,3.03607,9.21775
2490,77,3.23083,10.4382
2490,78,3.18179,10.1238
2490,79,2.87176,8.24701
2490,80,2.31218,5.34618
2490,81,1.54367,2.38291
2490,82,0.632484,0.400036
2490,83,-0.336722,0.113381
2490,84,-1.27097,1.61536
2490,85,-2.08054,4.32863
2490,86,-2.69037,7.23811
2490,87,-3.04972,9.3008
2490,88,-3.13849,9.85009
2490,89,-2.96941,8.81741
2490,90,-2.58561,6.68536
2490,91,-2.05383,4.21823
2490,92,-1.45451,2.11561
2490,93,-0.869811,0.756572
2490,94,-0.371659,0.138131
2490,95,-0.0115485,0.000133368
2490,96,0.186423,0.0347537
2490,97,0.228186,0.0520688
2490,98,0.147598,0.021785
2490,99,0,0
2500,0,0,0
2500,1,-0.14051,0.0197432
2500,2,-0.216012,0.0466613
2500,3,-0.172846,0.0298758
2500,4,0.0217215,0.000471826
2500,5,0.373199,0.139277
2500,6,0.857911,0.736011
2500,7,1.42556,2.03223
2500,8,2.00601,4.02408
2500,9,2.51924,6.34656
2500,10,2.88705,8.33508
2500,11,3.04469,9.27012
2500,12,2.95054,8.70569
2500,13,2.59273,6.72226
2500,14,1.99136,3.96553
2500,15,1.19645,1.43149
2500,16,0.281665,0.0793354
2500,17,-0.665113,0.442375
2500,18,-1.55295,2.41165
2500,19,-2.29912,5.28596
2500,20,-2.83898,8.05982
2500,21,-3.13304,9.81595
2500,22,-3.17038,10.0513
2500,23,-2.96818,8.81006
2500,24,-2.56758,6.59246
2500,25,-2.02675,4.10773
2500,26,-1.41225,1.99444
2500,27,-0.78992,0.623974
2500,28,-0.216873,0.0470338
2500,29,0.264637,0.0700328
2500,30,0.630702,0.397786
2500,31,0.876402,0.76808
2500,32,1.01364,1.02747
2500,33,1.06697,1.13842
2500,34,1.06813,1.14091
2500,35,1.0504,1.10334
2500,36,1.04336,1.0886
2500,37,1.06909,1.14296
2500,38,1.14006,1.29974
2500,39,1.25878,1.58453
2500,40,1.41913,2.01393
2500,41,1.60883,2.58834
2500,42,1.81246,3.28501
2500,43,2.01434,4.05757
2500,44,2.20095,4.84419
2500,45,2.36238,5.58086
2500,46,2.49277,6.21389
2500,47,2.58976,6.70684
2500,48,2.65342,7.04063
2500,49,2.6848,7.20818
2500,50,2.68481,7.20819
2500,51,2.65342,7.04062
2500,52,2.58975,6.70683
2500,53,2.49276,6.21387
2500,54,2.36238,5.58085
2500,55,2.20095,4.84418
2500,56,2.01434,4.05757
2500,57,1.81246,3.28499
2500,58,1.60883,2.58834
2500,59,1.41913,2.01393
2500,60,1.25878,1.58453
2500,61,1.14006,1.29974
2500,62,1.0691,1.14296
2500,63,1.04336,1.0886
2500,64,1.0504,1.10334
2500,65,1.06813,1.14091
2500,66,1.06697,1.13842
2500,67,1.01364,1.02747
2500,68,0.8764,0.768077
2500,69,0.630703,0.397786
2500,70,0.264637,0.0700326
2500,71,-0.216873,0.047034
2500,72,-0.789918,0.623971
2500,73,-1.41225,1.99444
2500,74,-2.02675,4.10773
2500,75,-2.56758,6.59245
2500,76,-2.96817,8.81006
2500,77,-3.17038,10.0513
2500,78,-3.13304,9.81594
2500,79,-2.83898,8.05983
2500,80,-2.29912,5.28596
2500,81,-1.55295,2.41164
2500,82,-0.665113,0.442375
2500,83,0.281665,0.079335
2500,84,1.19645,1.43149
2500,85,1.99136,3.96553
2500,86,2.59273,6.72226
2500,87,2.95054,8.70571
2500,88,3.04469,9.27012
2500,89,2.88705,8.33508
2500,90,2.51924,6.34657
2500,91,2.00601,4.02409
2500,92,1.42556,2.03223
2500,93,0.85791,0.736009
2500,94,0.373199,0.139277
2500,95,0.0217201,0.000471761
2500,96,-0.172844,0.029875
2500,97,-0.216012,0.046661
2500,98,-0.140512,0.0197436
2500,99,0,0
2510,0,0,0
2510,1,0.132948,0.0176752
2510,2,0.20312,0.0412577
2510,3,0.158735,0.0251968
2510,4,-0.0317196,0.00100613
2510,5,-0.373383,0.139415
2510,6,-0.843103,0.710823
2510,7,-1.39189,1.93736
2510,8,-1.95159,3.8087
2510,9,-2.4446,5.97608
2510,10,-2.7952,7.81314
2510,11,-2.94082,8.6484
2510,12,-2.84151,8.07419
2510,13,-2.48627,6.18152
2510,14,-1.89522,3.59187
2510,15,-1.11755,1.24892
2510,16,-0.225295,0.0507579
2510,17,0.695805,0.484144
2510,18,1.55718,2.42479
2510,19,2.27837,5.19098
2510,20,2.79661,7.82105
2510,21,3.07367,9.44746
2510,22,3.0992,9.60505
2510,23,2.89024,8.35349
2510,24,2.4872,6.18617
2510,25,1.94713,3.7913
2510,26,1.33527,1.78295
2510,27,0.716329,0.513127
2510,28,0.146531,0.0214713
2510,29,-0.332371,0.110471
2510,30,-0.696531,0.485156
2510,31,-0.940609,0.884746
2510,32,-1.07582,1.15739
2510,33,-1.12587,1.26758
2510,34,-1.12172,1.25826
2510,35,-1.09602,1.20126
2510,36,-1.07812,1.16234
2510,37,-1.0903,1.18876
2510,38,-1.14564,1.3125
2510,39,-1.2476,1.55651
2510,40,-1.39121,1.93546
2510,41,-1.56531,2.4502
2510,42,-1.75542,3.08149
2510,43,-1.94647,3.78873
2510,44,-2.12515,4.51625
2510,45,-2.28138,5.20467
2510,46,-2.4088,5.80231
2510,47,-2.50442,6.27213
2510,48,-2.56764,6.59278
2510,49,-2.59896,6.75457
2510,50,-2.59896,6.75457
2510,51,-2.56764,6.59276
2510,52,-2.50442,6.27213
2510,53,-2.40879,5.80227
2510,54,-2.28138,5.20468
2510,55,-2.12514,4.51623
2510,56,-1.94646,3.78872
2510,57,-1.75542,3.08148
2510,58,-1.56531,2.4502
2510,59,-1.39121,1.93545
2510,60,-1.2476,1.55651
2510,61,-1.14564,1.3125
2510,62,-1.0903,1.18876
2510,63,-1.07812,1.16233
2510,64,-1.09602,1.20126
2510,65,-1.12172,1.25826
2510,66,-1.12587,1.26758
2510,67,-1.07582,1.15739
2510,68,-0.940612,0.884751
2510,69,-0.696532,0.485158
2510,70,-0.332372,0.110471
2510,71,0.14653,0.0214711
2510,72,0.716327,0.513124
2510,73,1.33527,1.78295
2510,74,1.94713,3.79131
2510,75,2.4872,6.18618
2510,76,2.89024,8.35349
2510,77,3.0992,9.60505
2510,78,3.07367,9.44746
2510,79,2.79661,7.82105
2510,80,2.27837,5.19099
2510,81,1.55718,2.4248
2510,82,0.695804,0.484143
2510,83,-0.225296,0.0507583
2510,84,-1.11755,1.24892
2510,85,-1.89522,3.59186
2510,86,-2.48626,6.18151
2510,87,-2.84151,8.07418
2510,88,-2.94081,8.64839
2510,89,-2.7952,7.81313
2510,90,-2.4446,5.97607
2510,91,-1.95159,3.80871
2510,92,-1.39189,1.93736
2510,93,-0.843101,0.71082
2510,94,-0.373384,0.139416
2510,95,-0.0317154,0.00100587
2510,96,0.158737,0.0251974
2510,97,0.203121,0.0412581
2510,98,0.132946,0.0176745
2510,99,0,0
2520,0,0,0
2520,1,-0.125018,0.0156294
2520,2,-0.189636,0.0359618
2520,3,-0.144119,0.0207704
2520,4,0.0416979,0.00173872
2520,5,0.372506,0.13876
2520,6,0.825643,0.681686
2520,7,1.35363,1.83231
2520,8,1.89056,3.57424
2520,9,2.36154,5.57689
2520,10,2.69364,7.25568
2520,11,2.82673,7.99039
2520,12,2.72265,7.41284
2520,13,2.3713,5.62308
2520,14,1.79272,3.21385
2520,15,1.035,1.07123
2520,16,0.168307,0.0283273
2520,17,-0.724039,0.524233
2520,18,-1.55607,2.42136
2520,19,-2.24985,5.06181
2520,20,-2.74468,7.53325
2520,21,-3.00374,9.02243
2520,22,-3.01727,9.10391
2520,23,-2.80215,7.85204
2520,24,-2.39798,5.75029
2520,25,-1.8605,3.46145
2520,26,-1.25347,1.57118
2520,27,-0.640135,0.409773
2520,28,-0.0755932,0.00571433
2520,29,0.399076,0.159261
2520,30,0.760141,0.577815
2520,31,1.00186,1.00373
2520,32,1.13466,1.28745
2520,33,1.18126,1.39538
2520,34,1.17174,1.37297
2520,35,1.13807,1.29521
2520,36,1.10932,1.23059
2520,37,1.1079,1.22744
2520,38,1.14746,1.31667
2520,39,1.2324,1.51882
2520,40,1.35886,1.84651
2520,41,1.51681,2.3007
2520,42,1.69268,2.86517
2520,43,1.87211,3.50478
2520,44,2.04209,4.17011
2520,45,2.19247,4.80692
2520,46,2.31647,5.36604
2520,47,2.41044,5.81024
2520,48,2.47305,6.11598
2520,49,2.50424,6.2712
2520,50,2.50424,6.2712
2520,51,2.47305,6.11597
2520,52,2.41044,5.81024
2520,53,2.31647,5.36604
2520,54,2.19247,4.80692
2520,55,2.04208,4.17011
2520,56,1.8721,3.50477
2520,57,1.69268,2.86517
2520,58,1.51681,2.3007
2520,59,1.35887,1.84651
2520,60,1.2324,1.51882
2520,61,1.14746,1.31667
2520,62,1.1079,1.22744
2520,63,1.10932,1.23058
2520,64,1.13807,1.2952
2520,65,1.17174,1.37297
2520,66,1.18126,1.39538
2520,67,1.13466,1.28745
2520,68,1.00186,1.00373
2520,69,0.760141,0.577814
2520,70,0.399073,0.159259
2520,71,-0.0755941,0.00571447
2520,72,-0.640138,0.409776
2520,73,-1.25347,1.57119
2520,74,-1.8605,3.46145
2520,75,-2.39797,5.75028
2520,76,-2.80215,7.85203
2520,77,-3.01727,9.10393
2520,78,-3.00374,9.02242
2520,79,-2.74468,7.53325
2520,80,-2.24985,5.06181
2520,81,-1.55607,2.42136
2520,82,-0.72404,0.524234
2520,83,0.168309,0.0283279
2520,84,1.035,1.07123
2520,85,1.79272,3.21386
2520,86,2.37131,5.62309
2520,87,2.72266,7.41286
2520,88,2.82673,7.99039
2520,89,2.69364,7.25568
2520,90,2.36154,5.57689
2520,91,1.89056,3.57422
2520,92,1.35363,1.83231
2520,93,0.825644,0.681687
2520,94,0.372506,0.138761
2520,95,0.0416961,0.00173857
2520,96,-0.14412,0.0207706
2520,97,-0.189638,0.0359624
2520,98,-0.125017,0.0156291
2520,99,0,0
2530,0,0,0
2530,1,0.116573,0.0135893
2530,2,0.175377,0.030757
2530,3,0.128873,0.0166083
2530,4,-0.0516244,0.00266508
2530,5,-0.370354,0.137162
2530,6,-0.805355,0.648597
2530,7,-1.31081,1.71823
2530,8,-1.82327,3.32432
2530,9,-2.27073,5.15622
2530,10,-2.58326,6.67325
2530,11,-2.70339,7.30832
2530,12,-2.59488,6.73342
2530,13,-2.24858,5.05612
2530,14,-1.68438,2.83713
2530,15,-0.949164,0.900913
2530,16,-0.110983,0.0123172
2530,17,0.749566,0.56185
2530,18,1.54947,2.40084
2530,19,2.21352,4.89969
2530,20,2.68332,7.20022
2530,21,2.92357,8.54724
2530,22,2.92515,8.55653
2530,23,2.7047,7.3154
2530,24,2.3008,5.29367
2530,25,1.76772,3.12485
2530,26,1.16752,1.36311
2530,27,0.561826,0.315648
2530,28,0.00441065,1.94538e-05
2530,29,-0.464415,0.215682
2530,30,-0.821099,0.674204
2530,31,-1.05954,1.12263
2530,32,-1.18937,1.41461
2530,33,-1.23233,1.51864
2530,34,-1.21748,1.48225
2530,35,-1.17601,1.383
2530,36,-1.13656,1.29177
2530,37,-1.12159,1.25796
2530,38,-1.14526,1.31163
2530,39,-1.21292,1.47117
2530,40,-1.32182,1.74722
2530,41,-1.46312,2.14072
2530,42,-1.62426,2.63821
2530,43,-1.79157,3.20971
2530,44,-1.95239,3.81185
2530,45,-2.09647,4.3952
2530,46,-2.21661,4.91334
2530,47,-2.30853,5.32932
2530,48,-2.37024,5.61805
2530,49,-2.40112,5.76539
2530,50,-2.40113,5.76542
2530,51,-2.37024,5.61804
2530,52,-2.30853,5.32932
2530,53,-2.21661,4.91334
2530,54,-2.09648,4.39521
2530,55,-1.95239,3.81183
2530,56,-1.79157,3.20971
2530,57,-1.62425,2.6382
2530,58,-1.46312,2.14072
2530,59,-1.32183,1.74722
2530,60,-1.21292,1.47116
2530,61,-1.14526,1.31163
2530,62,-1.12158,1.25795
2530,63,-1.13656,1.29177
2530,64,-1.17601,1.383
2530,65,-1.21748,1.48225
2530,66,-1.23233,1.51864
2530,67,-1.18937,1.4146
2530,68,-1.05954,1.12263
2530,69,-0.821099,0.674204
2530,70,-0.464417,0.215683
2530,71,0.0044092,1.94411e-05
2530,72,0.561825,0.315647
2530,73,1.16752,1.36311
2530,74,1.76773,3.12486
2530,75,2.3008,5.29368
2530,76,2.7047,7.31539
2530,77,2.92516,8.55654
2530,78,2.92356,8.54723
2530,79,2.68332,7.20021
2530,80,2.21352,4.89969
2530,81,1.54947,2.40084
2530,82,0.749566,0.561849
2530,83,-0.110985,0.0123178
2530,84,-0.949168,0.900921
2530,85,-1.68438,2.83713
2530,86,-2.24858,5.05612
2530,87,-2.59488,6.73342
2530,88,-2.70339,7.30831
2530,89,-2.58327,6.67327
2530,90,-2.27074,5.15624
2530,91,-1.82327,3.32431
2530,92,-1.31082,1.71824
2530,93,-0.805355,0.648597
2530,94,-0.370355,0.137163
2530,95,-0.0516235,0.00266498
2530,96,0.128874,0.0166084
2530,97,0.175374,0.0307561
2530,98,0.116572,0.0135891
2530,99,0,0
2540,0,0,0
2540,1,-0.107766,0.0116135
2540,2,-0.160585,0.0257876
2540,3,-0.113299,0.0128366
2540,4,0.0612342,0.00374963
2540,5,0.366806,0.134546
2540,6,0.782153,0.611764
2540,7,1.2633,1.59592
2540,8,1.7495,3.06075
2540,9,2.17194,4.71734
2540,10,2.4639,6.0708
2540,11,2.57073,6.60863
2540,12,2.45823,6.0429
2540,13,2.11823,4.4869
2540,14,1.57039,2.46612
2540,15,0.860194,0.739934
2540,16,0.0533758,0.00284897
2540,17,-0.772426,0.596641
2540,18,-1.53743,2.36368
2540,19,-2.16948,4.70666
2540,20,-2.61264,6.82586
2540,21,-2.83322,8.02713
2540,22,-2.82283,7.96836
2540,23,-2.59781,6.7486
2540,24,-2.19562,4.82075
2540,25,-1.66886,2.78508
2540,26,-1.07764,1.16131
2540,27,-0.481765,0.232098
2540,28,0.0664886,0.00442074
2540,29,0.527727,0.278495
2540,30,0.878698,0.77211
2540,31,1.11299,1.23874
2540,32,1.23942,1.53617
2540,33,1.27866,1.63496
2540,34,1.2586,1.58408
2540,35,1.20954,1.46299
2540,36,1.15959,1.34464
2540,37,1.1312,1.2796
2540,38,1.13901,1.29734
2540,39,1.18922,1.41424
2540,40,1.28027,1.63908
2540,41,1.40449,1.9726
2540,42,1.55044,2.40388
2540,43,1.70519,2.90766
2540,44,1.85639,3.44619
2540,45,1.99376,3.97508
2540,46,2.1097,4.45082
2540,47,2.1993,4.83693
2540,48,2.25993,5.10726
2540,49,2.29042,5.24602
2540,50,2.29042,5.24602
2540,51,2.25993,5.10726
2540,52,2.1993,4.83693
2540,53,2.1097,4.45083
2540,54,1.99376,3.9751
2540,55,1.85639,3.44619
2540,56,1.70519,2.90767
2540,57,1.55044,2.40387
2540,58,1.4045,1.97261
2540,59,1.28027,1.63909
2540,60,1.18923,1.41426
2540,61,1.13901,1.29735
2540,62,1.1312,1.2796
2540,63,1.15959,1.34465
2540,64,1.20954,1.46299
2540,65,1.2586,1.58409
2540,66,1.27866,1.63497
2540,67,1.23943,1.53618
2540,68,1.11299,1.23875
2540,69,0.878697,0.772109
2540,70,0.52773,0.278499
2540,71,0.0664896,0.00442086
2540,72,-0.481762,0.232094
2540,73,-1.07764,1.16131
2540,74,-1.66885,2.78508
2540,75,-2.19562,4.82074
2540,76,-2.5978,6.74859
2540,77,-2.82283,7.96836
2540,78,-2.83322,8.02713
2540,79,-2.61263,6.82585
2540,80,-2.16948,4.70665
2540,81,-1.53742,2.36367
2540,82,-0.772427,0.596643
2540,83,0.0533734,0.00284872
2540,84,0.860192,0.73993
2540,85,1.57038,2.46611
2540,86,2.11823,4.48688
2540,87,2.45823,6.0429
2540,88,2.57072,6.60861
2540,89,2.4639,6.07079
2540,90,2.17194,4.71733
2540,91,1.7495,3.06075
2540,92,1.2633,1.59592
2540,93,0.782152,0.611762
2540,94,0.366805,0.134546
2540,95,0.0612365,0.00374991
2540,96,-0.113298,0.0128365
2540,97,-0.160585,0.0257874
2540,98,-0.107764,0.0116131
2540,99,0,0
2550,0,0,0
2550,1,0.0985992,0.00972181
2550,2,0.145276,0.0211051
2550,3,0.0973937,0.00948554
2550,4,-0.0705758,0.00498095
2550,5,-0.361939,0.131
2550,6,-0.756208,0.571851
2550,7,-1.21139,1.46746
2550,8,-1.66964,2.78769
2550,9,-2.06558,4.26663
2550,10,-2.33593,5.45657
2550,11,-2.42908,5.90042
2550,12,-2.31302,5.35007
2550,13,-1.98057,3.92267
2550,14,-1.45106,2.10557
2550,15,-0.768413,0.590458
2550,16,0.0042343,1.79293e-05
2550,17,0.792494,0.628047
2550,18,1.52004,2.31052
2550,19,2.11797,4.48579
2550,20,2.53298,6.416
2550,21,2.73318,7.47028
2550,22,2.71086,7.34875
2550,23,2.48204,6.1605
2550,24,2.08297,4.33878
2550,25,1.56438,2.4473
2550,26,0.984242,0.968732
2550,27,0.400256,0.160205
2550,28,-0.136957,0.0187573
2550,29,-0.589097,0.347035
2550,30,-0.933252,0.870958
2550,31,-1.16265,1.35176
2550,32,-1.28529,1.65197
2550,33,-1.32065,1.74413
2550,34,-1.29543,1.67814
2550,35,-1.23889,1.53485
2550,36,-1.17856,1.389
2550,37,-1.13679,1.29229
2550,38,-1.12868,1.27392
2550,39,-1.16129,1.3486
2550,40,-1.2342,1.52324
2550,41,-1.34097,1.7982
2550,42,-1.47122,2.1645
2550,43,-1.61285,2.60128
2550,44,-1.75392,3.07623
2550,45,-1.88413,3.54993
2550,46,-1.99551,3.98206
2550,47,-2.08258,4.33716
2550,48,-2.14202,4.58826
2550,49,-2.17209,4.71798
2550,50,-2.17209,4.71798
2550,51,-2.14202,4.58827
2550,52,-2.08258,4.33715
2550,53,-1.99551,3.98206
2550,54,-1.88413,3.54993
2550,55,-1.75392,3.07623
2550,56,-1.61285,2.60128
2550,57,-1.47122,2.1645
2550,58,-1.34097,1.79819
2550,59,-1.2342,1.52324
2550,60,-1.16129,1.3486
2550,61,-1.12868,1.27392
2550,62,-1.13679,1.29229
2550,63,-1.17856,1.389
2550,64,-1.23889,1.53485
2550,65,-1.29543,1.67814
2550,66,-1.32065,1.74412
2550,67,-1.28529,1.65197
2550,68,-1.16265,1.35176
2550,69,-0.933251,0.870957
2550,70,-0.589097,0.347036
2550,71,-0.136956,0.018757
2550,72,0.400255,0.160204
2550,73,0.984243,0.968734
2550,74,1.56438,2.4473
2550,75,2.08297,4.33877
2550,76,2.48203,6.1605
2550,77,2.71086,7.34875
2550,78,2.73318,7.47027
2550,79,2.53298,6.416
2550,80,2.11797,4.48579
2550,81,1.52004,2.31051
2550,82,0.792497,0.628051
2550,83,0.0042325,1.7914e-05
2550,84,-0.768411,0.590456
2550,85,-1.45106,2.10558
2550,86,-1.98057,3.92266
2550,87,-2.31302,5.35006
2550,88,-2.42908,5.90042
2550,89,-2.33593,5.45657
2550,90,-2.06558,4.26661
2550,91,-1.66964,2.78769
2550,92,-1.21139,1.46746
2550,93,-0.756209,0.571853
2550,94,-0.361939,0.131
2550,95,-0.0705748,0.0049808
2550,96,0.0973955,0.00948588
2550,97,0.145278,0.0211058
2550,98,0.0986005,0.00972205
2550,99,0,0
2560,0,0,0
2560,1,-0.0891593,0.00794938
2560,2,-0.129554,0.0167844
2560,3,-0.0812319,0.00659862
2560,4,0.0796054,0.00633701
2560,5,0.35578,0.12658
2560,6,0.727692,0.529535
2560,7,1.15543,1.33502
2560,8,1.58422,2.50976
2560,9,1.95233,3.81159
2560,10,2.20018,4.84077
2560,11,2.27933,5.19534
2560,12,2.16003,4.66571
2560,13,1.8361,3.37125
2560,14,1.32657,1.75978
2560,15,0.673706,0.45388
2560,16,-0.062145,0.003862
2560,17,-0.810086,0.65624
2560,18,-1.49755,2.24267
2560,19,-2.05921,4.24035
2560,20,-2.44461,5.97613
2560,21,-2.62375,6.88405
2560,22,-2.58962,6.70615
2560,23,-2.35783,5.55936
2560,24,-1.96324,3.85433
2560,25,-1.45455,2.11571
2560,26,-0.887385,0.787451
2560,27,-0.317221,0.100629
2560,28,0.207141,0.0429075
2560,29,0.648595,0.420676
2560,30,0.984694,0.969622
2560,31,1.20841,1.46025
2560,32,1.32682,1.76044
2560,33,1.35818,1.84465
2560,34,1.3279,1.76332
2560,35,1.26413,1.59803
2560,36,1.19367,1.42484
2560,37,1.13871,1.29666
2560,38,1.11472,1.2426
2560,39,1.12959,1.27598
2560,40,1.18404,1.40195
2560,41,1.2729,1.62028
2560,42,1.38694,1.92361
2560,43,1.51493,2.29501
2560,44,1.64539,2.70729
2560,45,1.76802,3.12588
2560,46,1.8745,3.51376
2560,47,1.95876,3.83674
2560,48,2.0168,4.06746
2560,49,2.04633,4.18745
2560,50,2.04633,4.18745
2560,51,2.0168,4.06747
2560,52,1.95876,3.83675
2560,53,1.8745,3.51376
2560,54,1.76801,3.12587
2560,55,1.64538,2.70729
2560,56,1.51493,2.295
2560,57,1.38694,1.92361
2560,58,1.2729,1.62027
2560,59,1.18404,1.40195
2560,60,1.12959,1.27598
2560,61,1.11472,1.2426
2560,62,1.13871,1.29666
2560,63,1.19367,1.42484
2560,64,1.26413,1.59803
2560,65,1.3279,1.76332
2560,66,1.35818,1.84464
2560,67,1.32681,1.76043
2560,68,1.20841,1.46025
2560,69,0.984691,0.969617
2560,70,0.648596,0.420677
2560,71,0.207143,0.0429081
2560,72,-0.317223,0.10063
2560,73,-0.887382,0.787448
2560,74,-1.45455,2.11571
2560,75,-1.96324,3.85433
2560,76,-2.35783,5.55935
2560,77,-2.58962,6.70615
2560,78,-2.62374,6.88404
2560,79,-2.44461,5.97612
2560,80,-2.05921,4.24033
2560,81,-1.49755,2.24266
2560,82,-0.810084,0.656237
2560,83,-0.0621401,0.00386139
2560,84,0.673708,0.453882
2560,85,1.32657,1.75978
2560,86,1.8361,3.37125
2560,87,2.16003,4.66573
2560,88,2.27933,5.19536
2560,89,2.20018,4.84078
2560,90,1.95233,3.8116
2560,91,1.58423,2.50977
2560,92,1.15543,1.33502
2560,93,0.727691,0.529534
2560,94,0.355778,0.126578
2560,95,0.079605,0.00633695
2560,96,-0.0812314,0.00659853
2560,97,-0.129553,0.0167841
2560,98,-0.0891595,0.00794941
2560,99,0,0
2570,0,0,0
2570,1,0.0794045,0.00630508
2570,2,0.113401,0.0128597
2570,3,0.0648167,0.0042012
2570,4,-0.0883479,0.00780536
2570,5,-0.348418,0.121395
2570,6,-0.696744,0.485452
2570,7,-1.09565,1.20046
2570,8,-1.49361,2.23088
2570,9,-1.83272,3.35886
2570,10,-2.05727,4.23234
2570,11,-2.12217,4.50362
2570,12,-2.00002,4.00007
2570,13,-1.68569,2.84156
2570,14,-1.19784,1.43481
2570,15,-0.576884,0.332795
2570,16,0.119791,0.0143499
2570,17,0.825024,0.680664
2570,18,1.47022,2.16156
2570,19,1.99375,3.97505
2570,20,2.34823,5.5142
2570,21,2.50564,6.27822
2570,22,2.45972,6.05023
2570,23,2.22563,4.95345
2570,24,1.8368,3.37384
2570,25,1.33972,1.79486
2570,26,0.787507,0.620168
2570,27,0.233151,0.0543595
2570,28,-0.276561,0.0764859
2570,29,-0.705861,0.49824
2570,30,-1.0328,1.06668
2570,31,-1.25008,1.5627
2570,32,-1.3639,1.86022
2570,33,-1.39122,1.93548
2570,34,-1.35603,1.83883
2570,35,-1.28529,1.65197
2570,36,-1.20498,1.45198
2570,37,-1.13701,1.29279
2570,38,-1.09716,1.20377
2570,39,-1.09418,1.19723
2570,40,-1.12993,1.27675
2570,41,-1.20055,1.44132
2570,42,-1.298,1.68479
2570,43,-1.41191,1.9935
2570,44,-1.53131,2.34491
2570,45,-1.64594,2.70912
2570,46,-1.74716,3.05257
2570,47,-1.82833,3.3428
2570,48,-1.8848,3.55247
2570,49,-1.9137,3.66223
2570,50,-1.91369,3.66223
2570,51,-1.8848,3.55247
2570,52,-1.82833,3.3428
2570,53,-1.74716,3.05257
2570,54,-1.64594,2.70912
2570,55,-1.53131,2.34491
2570,56,-1.41191,1.9935
2570,57,-1.298,1.6848
2570,58,-1.20055,1.44132
2570,59,-1.12994,1.27676
2570,60,-1.09418,1.19723
2570,61,-1.09717,1.20377
2570,62,-1.13701,1.29279
2570,63,-1.20498,1.45197
2570,64,-1.28529,1.65196
2570,65,-1.35603,1.83883
2570,66,-1.39122,1.93548
2570,67,-1.3639,1.86022
2570,68,-1.25008,1.56271
2570,69,-1.0328,1.06668
2570,70,-0.705861,0.498239
2570,71,-0.276561,0.076486
2570,72,0.233153,0.0543603
2570,73,0.787504,0.620163
2570,74,1.33973,1.79487
2570,75,1.8368,3.37385
2570,76,2.22563,4.95345
2570,77,2.45972,6.05022
2570,78,2.50563,6.27821
2570,79,2.34823,5.51419
2570,80,1.99375,3.97504
2570,81,1.47022,2.16155
2570,82,0.825024,0.680665
2570,83,0.11979,0.0143496
2570,84,-0.576885,0.332796
2570,85,-1.19783,1.43481
2570,86,-1.68569,2.84156
2570,87,-2.00002,4.00006
2570,88,-2.12217,4.50359
2570,89,-2.05726,4.23234
2570,90,-1.83272,3.35885
2570,91,-1.49361,2.23088
2570,92,-1.09565,1.20045
2570,93,-0.696743,0.485451
2570,94,-0.348419,0.121396
2570,95,-0.0883448,0.00780481
2570,96,0.0648153,0.00420103
2570,97,0.113399,0.0128594
2570,98,0.0794059,0.0063053
2570,99,0,0
2580,0,0,0
2580,1,-0.0695009,0.00483038
2580,2,-0.0970587,0.0094204
2580,3,-0.0484106,0.00234359
2580,4,0.0965936,0.00933032
2580,5,0.339795,0.115461
2580,6,0.663462,0.440182
2580,7,1.03225,1.06555
2580,8,1.39808,1.95463
2580,9,1.70707,2.91408
2580,10,1.90753,3.63868
2580,11,1.95792,3.83345
2580,12,1.83332,3.36105
2580,13,1.52967,2.33989
2580,14,1.06511,1.13446
2580,15,0.478133,0.228611
2580,16,-0.177042,0.0313439
2580,17,-0.837198,0.7009
2580,18,-1.43797,2.06776
2580,19,-1.92168,3.69285
2580,20,-2.24409,5.03593
2580,21,-2.37922,5.66067
2580,22,-2.32164,5.39003
2580,23,-2.08605,4.35159
2580,24,-1.70425,2.90447
2580,25,-1.22041,1.4894
2580,26,-0.684961,0.469171
2580,27,-0.148263,0.0219819
2580,28,0.345098,0.119093
2580,29,0.760793,0.578806
2580,30,1.07748,1.16096
2580,31,1.28763,1.658
2580,32,1.39651,1.95023
2580,33,1.41969,2.01553
2580,34,1.37971,1.9036
2580,35,1.30219,1.6957
2580,36,1.21225,1.46955
2580,37,1.13151,1.2803
2580,38,1.076,1.15778
2580,39,1.05523,1.1135
2580,40,1.07221,1.14964
2580,41,1.12437,1.2642
2580,42,1.20488,1.45173
2580,43,1.3043,1.70121
2580,44,1.41219,1.99429
2580,45,1.51839,2.30552
2580,46,1.61398,2.60493
2580,47,1.69175,2.86201
2580,48,1.74642,3.04998
2580,49,1.77458,3.14914
2580,50,1.77458,3.14914
2580,51,1.74642,3.04998
2580,52,1.69175,2.86201
2580,53,1.61398,2.60493
2580,54,1.51839,2.30552
2580,55,1.41219,1.99429
2580,56,1.30431,1.70121
2580,57,1.20488,1.45173
2580,58,1.12437,1.26421
2580,59,1.07221,1.14964
2580,60,1.05523,1.11351
2580,61,1.076,1.15777
2580,62,1.13151,1.28031
2580,63,1.21225,1.46955
2580,64,1.30219,1.6957
2580,65,1.37971,1.9036
2580,66,1.41969,2.01553
2580,67,1.39651,1.95023
2580,68,1.28763,1.658
2580,69,1.07748,1.16096
2580,70,0.760792,0.578804
2580,71,0.345097,0.119092
2580,72,-0.148262,0.0219816
2580,73,-0.684963,0.469174
2580,74,-1.22041,1.4894
2580,75,-1.70425,2.90446
2580,76,-2.08605,4.35159
2580,77,-2.32164,5.39003
2580,78,-2.37922,5.66068
2580,79,-2.24409,5.03593
2580,80,-1.92168,3.69286
2580,81,-1.43797,2.06776
2580,82,-0.837198,0.700901
2580,83,-0.177043,0.0313443
2580,84,0.478135,0.228613
2580,85,1.06511,1.13446
2580,86,1.52967,2.33989
2580,87,1.83332,3.36105
2580,88,1.95792,3.83345
2580,89,1.90753,3.63868
2580,90,1.70707,2.91407
2580,91,1.39808,1.95464
2580,92,1.03225,1.06555
2580,93,0.663459,0.440178
2580,94,0.339795,0.115461
2580,95,0.0965927,0.00933015
2580,96,-0.04841,0.00234353
2580,97,-0.0970583,0.00942032
2580,98,-0.0695015,0.00483047
2580,99,0,0
2590,0,0,0
2590,1,0.0593097,0.00351763
2590,2,0.0803098,0.00644966
2590,3,0.03176,0.00100869
2590,4,-0.104555,0.0109318
2590,5,-0.329946,0.108865
2590,6,-0.62773,0.394045
2590,7,-0.965097,0.931413
2590,8,-1.29756,1.68367
2590,9,-1.57541,2.48193
2590,10,-1.75119,3.06665
2590,11,-1.78694,3.19317
2590,12,-1.66033,2.7567
2590,13,-1.3684,1.87252
2590,14,-0.928716,0.862514
2590,15,-0.377703,0.14266
2590,16,0.233759,0.0546435
2590,17,0.846608,0.716745
2590,18,1.40091,1.96255
2590,19,1.84311,3.39704
2590,20,2.1323,4.54669
2590,21,2.2447,5.0387
2590,22,2.1757,4.73365
2590,23,1.9394,3.76126
2590,24,1.56595,2.45221
2590,25,1.09701,1.20344
2590,26,0.580141,0.336564
2590,27,0.0629135,0.00395811
2590,28,-0.412413,0.170085
2590,29,-0.81309,0.661116
2590,30,-1.11845,1.25093
2590,31,-1.32073,1.74433
2590,32,-1.42428,2.02857
2590,33,-1.44329,2.08307
2590,34,-1.39868,1.95631
2590,35,-1.31469,1.7284
2590,36,-1.21544,1.4773
2590,37,-1.12215,1.25922
2590,38,-1.05109,1.10479
2590,39,-1.01256,1.02527
2590,40,-1.01072,1.02155
2590,41,-1.04427,1.0905
2590,42,-1.10761,1.22679
2590,43,-1.19226,1.42148
2590,44,-1.28833,1.65978
2590,45,-1.38575,1.9203
2590,46,-1.47534,2.17663
2590,47,-1.54939,2.40062
2590,48,-1.60203,2.56651
2590,49,-1.62934,2.65474
2590,50,-1.62934,2.65475
2590,51,-1.60203,2.56652
2590,52,-1.5494,2.40063
2590,53,-1.47534,2.17664
2590,54,-1.38575,1.92031
2590,55,-1.28833,1.65979
2590,56,-1.19226,1.42149
2590,57,-1.10761,1.22679
2590,58,-1.04427,1.0905
2590,59,-1.01072,1.02155
2590,60,-1.01256,1.02527
2590,61,-1.05109,1.10479
2590,62,-1.12215,1.25922
2590,63,-1.21544,1.4773
2590,64,-1.31469,1.7284
2590,65,-1.39868,1.95631
2590,66,-1.44328,2.08307
2590,67,-1.42428,2.02857
2590,68,-1.32073,1.74432
2590,69,-1.11845,1.25092
2590,70,-0.813092,0.661118
2590,71,-0.412413,0.170085
2590,72,0.0629129,0.00395803
2590,73,0.580139,0.336562
2590,74,1.09701,1.20343
2590,75,1.56595,2.45221
2590,76,1.9394,3.76126
2590,77,2.1757,4.73365
2590,78,2.24471,5.0387
2590,79,2.1323,4.54669
2590,80,1.84311,3.39704
2590,81,1.40091,1.96254
2590,82,0.846607,0.716743
2590,83,0.233757,0.0546425
2590,84,-0.377703,0.14266
2590,85,-0.928715,0.862511
2590,86,-1.3684,1.87252
2590,87,-1.66034,2.75672
2590,88,-1.78694,3.19317
2590,89,-1.75119,3.06666
2590,90,-1.57542,2.48194
2590,91,-1.29757,1.68368
2590,92,-0.965101,0.93142
2590,93,-0.62773,0.394045
2590,94,-0.329949,0.108866
2590,95,-0.104556,0.010932
2590,96,0.0317598,0.00100868
2590,97,0.0803103,0.00644975
2590,98,0.0593092,0.00351758
2590,99,0,0
2600,0,0,0
2600,1,-0.0490354,0.00240447
2600,2,-0.0634757,0.00402917
2600,3,-0.0152162,0.000231533
2600,4,0.111916,0.0125252
2600,5,0.318724,0.101585
2600,6,0.589656,0.347694
2600,7,0.894491,0.800115
2600,8,1.19247,1.42198
2600,9,1.43824,2.06852
2600,10,1.58871,2.52401
2600,11,1.60974,2.59127
2600,12,1.48157,2.19506
2600,13,1.20235,1.44565
2600,14,0.789082,0.62265
2600,15,0.275968,0.0761581
2600,16,-0.28965,0.0838974
2600,17,-0.85307,0.727728
2600,18,-1.35897,1.84679
2600,19,-1.75812,3.091
2600,20,-2.01313,4.05268
2600,21,-2.10243,4.42022
2600,22,-2.02223,4.08942
2600,23,-1.78606,3.19
2600,24,-1.42225,2.02279
2600,25,-0.969813,0.940537
2600,26,-0.473272,0.223987
2600,27,0.0227473,0.000517439
2600,28,0.478459,0.228923
2600,29,0.862768,0.744368
2600,30,1.15575,1.33575
2600,31,1.34945,1.82101
2600,32,1.44724,2.0945
2600,33,1.46188,2.13708
2600,34,1.41271,1.99576
2600,35,1.32249,1.74897
2600,36,1.21424,1.47439
2600,37,1.10874,1.22931
2600,38,1.02243,1.04535
2600,39,0.966308,0.93375
2600,40,0.945674,0.894299
2600,41,0.960527,0.922612
2600,42,1.0065,1.01305
2600,43,1.0761,1.15798
2600,44,1.16,1.34561
2600,45,1.24835,1.55837
2600,46,1.3317,1.77343
2600,47,1.40186,1.96521
2600,48,1.45233,2.10927
2600,49,1.4787,2.18654
2600,50,1.4787,2.18654
2600,51,1.45234,2.10928
2600,52,1.40186,1.96521
2600,53,1.3317,1.77343
2600,54,1.24835,1.55837
2600,55,1.16001,1.34562
2600,56,1.0761,1.15798
2600,57,1.0065,1.01305
2600,58,0.960526,0.922611
2600,59,0.945676,0.894302
2600,60,0.966309,0.933753
2600,61,1.02243,1.04536
2600,62,1.10874,1.22931
2600,63,1.21425,1.47439
2600,64,1.32249,1.74897
2600,65,1.41271,1.99576
2600,66,1.46188,2.13708
2600,67,1.44724,2.09449
2600,68,1.34945,1.821
2600,69,1.15575,1.33575
2600,70,0.862766,0.744366
2600,71,0.478458,0.228922
2600,72,0.0227481,0.000517478
2600,73,-0.473276,0.22399
2600,74,-0.969815,0.940541
2600,75,-1.42225,2.0228
2600,76,-1.78606,3.19
2600,77,-2.02223,4.08943
2600,78,-2.10243,4.42021
2600,79,-2.01313,4.05268
2600,80,-1.75812,3.091
2600,81,-1.35897,1.84679
2600,82,-0.853068,0.727726
2600,83,-0.28965,0.0838972
2600,84,0.275965,0.0761567
2600,85,0.789078,0.622644
2600,86,1.20235,1.44564
2600,87,1.48157,2.19505
2600,88,1.60974,2.59127
2600,89,1.58871,2.52401
2600,90,1.43824,2.06852
2600,91,1.19247,1.42198
2600,92,0.894489,0.800111
2600,93,0.589656,0.347694
2600,94,0.318726,0.101586
2600,95,0.111918,0.0125257
2600,96,-0.0152167,0.000231547
2600,97,-0.0634748,0.00402905
2600,98,-0.049035,0.00240443
2600,99,0,0
2610,0,0,0
2610,1,0.0385244,0.00148413
2610,2,0.0463142,0.002145
2610,3,-0.00148853,2.21573e-06
2610,4,-0.119002,0.0141614
2610,5,-0.306534,0.0939631
2610,6,-0.54968,0.302148
2610,7,-0.820909,0.673892
2610,8,-1.08334,1.17362
2610,9,-1.29617,1.68005
2610,10,-1.42085,2.01882
2610,11,-1.42711,2.03665
2610,12,-1.29786,1.68444
2610,13,-1.03233,1.06571
2610,14,-0.646902,0.418482
2610,15,-0.173429,0.0300778
2610,16,0.344424,0.118628
2610,17,0.856526,0.733636
2610,18,1.31237,1.72231
2610,19,1.6672,2.77954
2610,20,1.88719,3.5615
2610,21,1.95312,3.81469
2610,22,1.862,3.46703
2610,23,1.6267,2.64617
2610,24,1.27373,1.62238
2610,25,0.839299,0.704423
2610,26,0.36475,0.133043
2610,27,-0.108404,0.0117515
2610,28,-0.542957,0.294803
2610,29,-0.909596,0.827365
2610,30,-1.18919,1.41417
2610,31,-1.37363,1.88686
2610,32,-1.46533,2.1472
2610,33,-1.47556,2.17727
2610,34,-1.42196,2.02197
2610,35,-1.32576,1.75764
2610,36,-1.20891,1.46146
2610,37,-1.0916,1.19159
2610,38,-0.990373,0.980838
2610,39,-0.916912,0.840728
2610,40,-0.877596,0.770176
2610,41,-0.873719,0.763384
2610,42,-0.902163,0.813899
2610,43,-0.956449,0.914795
2610,44,-1.02791,1.05659
2610,45,-1.10686,1.22513
2610,46,-1.18368,1.40109
2610,47,-1.24969,1.56172
2610,48,-1.29785,1.68441
2610,49,-1.3232,1.75087
2610,50,-1.3232,1.75086
2610,51,-1.29785,1.68441
2610,52,-1.24969,1.56172
2610,53,-1.18367,1.40108
2610,54,-1.10686,1.22513
2610,55,-1.02791,1.0566
2610,56,-0.956449,0.914795
2610,57,-0.902165,0.813901
2610,58,-0.873718,0.763383
2610,59,-0.877596,0.770174
2610,60,-0.916911,0.840725
2610,61,-0.990372,0.980838
2610,62,-1.0916,1.19159
2610,63,-1.20891,1.46146
2610,64,-1.32576,1.75764
2610,65,-1.42196,2.02197
2610,66,-1.47556,2.17727
2610,67,-1.46533,2.1472
2610,68,-1.37363,1.88685
2610,69,-1.18919,1.41416
2610,70,-0.909594,0.827361
2610,71,-0.542955,0.2948
2610,72,-0.108402,0.0117509
2610,73,0.364751,0.133043
2610,74,0.8393,0.704425
2610,75,1.27373,1.62238
2610,76,1.6267,2.64617
2610,77,1.862,3.46703
2610,78,1.95312,3.81469
2610,79,1.88719,3.5615
2610,80,1.6672,2.77955
2610,81,1.31237,1.72232
2610,82,0.856528,0.73364
2610,83,0.344428,0.118631
2610,84,-0.173428,0.0300771
2610,85,-0.646901,0.418481
2610,86,-1.03233,1.06571
2610,87,-1.29786,1.68444
2610,88,-1.42711,2.03665
2610,89,-1.42085,2.01882
2610,90,-1.29617,1.68005
2610,91,-1.08334,1.17362
2610,92,-0.820907,0.673889
2610,93,-0.54968,0.302148
2610,94,-0.306534,0.0939629
2610,95,-0.119007,0.0141626
2610,96,-0.00148899,2.21709e-06
2610,97,0.0463141,0.00214499
2610,98,0.0385268,0.00148431
2610,99,0,0
2620,0,0,0
2620,1,-0.0278678,0.000776616
2620,2,-0.0289947,0.000840693
2620,3,0.0181747,0.00033032
2620,4,0.125684,0.0157966
2620,5,0.293315,0.0860335
2620,6,0.507874,0.257936
2620,7,0.744609,0.554442
2620,8,0.970645,0.942152
2620,9,1.14984,1.32213
2620,10,1.24832,1.55829
2620,11,1.23978,1.53705
2620,12,1.1099,1.23187
2620,13,0.858989,0.737861
2620,14,0.502688,0.252695
2620,15,0.0704383,0.00496155
2620,16,-0.397908,0.158331
2620,17,-0.85695,0.734363
2620,18,-1.26121,1.59065
2620,19,-1.57055,2.46662
2620,20,-1.75484,3.07946
2620,21,-1.79721,3.22995
2620,22,-1.69551,2.87475
2620,23,-1.46195,2.13731
2620,24,-1.12103,1.2567
2620,25,-0.706078,0.498546
2620,26,-0.255144,0.0650986
2620,27,0.193502,0.037443
2620,28,0.605392,0.366499
2620,29,0.953095,0.908389
2620,30,1.21835,1.48438
2620,31,1.39294,1.94027
2620,32,1.47828,2.18532
2620,33,1.48411,2.20258
2620,34,1.42633,2.03441
2620,35,1.32454,1.7544
2620,36,1.1995,1.4388
2620,37,1.07078,1.14658
2620,38,0.954961,0.91195
2620,39,0.864361,0.747121
2620,40,0.806477,0.650405
2620,41,0.78389,0.614484
2620,42,0.794759,0.631642
2620,43,0.833634,0.694946
2620,44,0.892488,0.796535
2620,45,0.96185,0.925156
2620,46,1.03192,1.06485
2620,47,1.09357,1.1959
2620,48,1.13923,1.29784
2620,49,1.16346,1.35364
2620,50,1.16346,1.35364
2620,51,1.13923,1.29784
2620,52,1.09357,1.1959
2620,53,1.03191,1.06485
2620,54,0.961847,0.925149
2620,55,0.892488,0.796535
2620,56,0.833634,0.694946
2620,57,0.794759,0.631642
2620,58,0.783892,0.614487
2620,59,0.806477,0.650404
2620,60,0.864363,0.747123
2620,61,0.95496,0.911948
2620,62,1.07078,1.14658
2620,63,1.1995,1.43879
2620,64,1.32454,1.7544
2620,65,1.42633,2.03441
2620,66,1.48411,2.20259
2620,67,1.47829,2.18533
2620,68,1.39294,1.94028
2620,69,1.21835,1.48438
2620,70,0.953095,0.90839
2620,71,0.605391,0.366498
2620,72,0.193502,0.0374429
2620,73,-0.255145,0.0650988
2620,74,-0.706078,0.498547
2620,75,-1.12102,1.2567
2620,76,-1.46195,2.13731
2620,77,-1.69551,2.87474
2620,78,-1.7972,3.22994
2620,79,-1.75484,3.07946
2620,80,-1.57055,2.46662
2620,81,-1.26121,1.59064
2620,82,-0.856949,0.734361
2620,83,-0.397905,0.158328
2620,84,0.070442,0.00496207
2620,85,0.502689,0.252697
2620,86,0.85899,0.737864
2620,87,1.1099,1.23187
2620,88,1.23978,1.53705
2620,89,1.24832,1.55829
2620,90,1.14984,1.32214
2620,91,0.970646,0.942154
2620,92,0.74461,0.554444
2620,93,0.507872,0.257934
2620,94,0.293314,0.0860331
2620,95,0.125682,0.015796
2620,96,0.0181741,0.000330298
2620,97,-0.0289946,0.000840684
2620,98,-0.0278696,0.000776712
2620,99,0,0
2630,0,0,0
2630,1,0.0170752,0.000291564
2630,2,0.011483,0.000131859
2630,3,-0.0349576,0.00122203
2630,4,-0.132162,0.0174668
2630,5,-0.279388,0.0780575
2630,6,-0.464656,0.215906
2630,7,-0.666097,0.443685
2630,8,-0.854971,0.730976
2630,9,-0.999926,0.999853
2630,10,-1.07184,1.14884
2630,11,-1.04851,1.09937
2630,12,-0.918393,0.843446
2630,13,-0.682904,0.466358
2630,14,-0.356903,0.127379
2630,15,0.0327028,0.00106947
2630,16,0.450034,0.20253
2630,17,0.854528,0.730218
2630,18,1.20585,1.45407
2630,19,1.46864,2.1569
2630,20,1.61658,2.61333
2630,21,1.63524,2.67402
2630,22,1.52335,2.32059
2630,23,1.29236,1.6702
2630,24,0.964685,0.930618
2630,25,0.570657,0.325649
2630,26,0.14486,0.0209845
2630,27,-0.277792,0.0771686
2630,28,-0.665662,0.443105
2630,29,-0.993299,0.986643
2630,30,-1.24336,1.54595
2630,31,-1.40751,1.98109
2630,32,-1.48622,2.20884
2630,33,-1.48764,2.21306
2630,34,-1.42588,2.03314
2630,35,-1.31887,1.73942
2630,36,-1.18606,1.40674
2630,37,-1.04635,1.09486
2630,38,-0.916332,0.839665
2630,39,-0.808935,0.654376
2630,40,-0.732706,0.536859
2630,41,-0.69151,0.478186
2630,42,-0.684765,0.468904
2630,43,-0.708046,0.50133
2630,44,-0.754002,0.568518
2630,45,-0.813442,0.661688
2630,46,-0.876443,0.768152
2630,47,-0.933488,0.8714
2630,48,-0.976464,0.953483
2630,49,-0.999494,0.998987
2630,50,-0.999492,0.998985
2630,51,-0.976463,0.953479
2630,52,-0.933487,0.871398
2630,53,-0.876443,0.768152
2630,54,-0.813438,0.661681
2630,55,-0.754001,0.568518
2630,56,-0.708045,0.501328
2630,57,-0.684767,0.468906
2630,58,-0.691509,0.478185
2630,59,-0.732707,0.53686
2630,60,-0.808934,0.654375
2630,61,-0.91633,0.839661
2630,62,-1.04635,1.09486
2630,63,-1.18606,1.40674
2630,64,-1.31887,1.73941
2630,65,-1.42588,2.03313
2630,66,-1.48763,2.21306
2630,67,-1.48622,2.20884
2630,68,-1.40751,1.98109
2630,69,-1.24336,1.54594
2630,70,-0.993298,0.98664
2630,71,-0.665663,0.443107
2630,72,-0.277788,0.0771664
2630,73,0.144859,0.0209842
2630,74,0.570658,0.32565
2630,75,0.964685,0.930617
2630,76,1.29236,1.67019
2630,77,1.52335,2.32058
2630,78,1.63524,2.67401
2630,79,1.61658,2.61332
2630,80,1.46864,2.15689
2630,81,1.20585,1.45407
2630,82,0.854529,0.73022
2630,83,0.450032,0.202529
2630,84,0.0327028,0.00106947
2630,85,-0.356903,0.12738
2630,86,-0.682905,0.466359
2630,87,-0.918392,0.843444
2630,88,-1.04851,1.09937
2630,89,-1.07184,1.14884
2630,90,-0.999929,0.999857
2630,91,-0.854973,0.730979
2630,92,-0.666096,0.443684
2630,93,-0.464655,0.215904
2630,94,-0.279387,0.0780568
2630,95,-0.132162,0.0174667
2630,96,-0.0349595,0.00122216
2630,97,0.0114841,0.000131884
2630,98,0.0170766,0.00029161
2630,99,0,0
2640,0,0,0
2640,1,-0.00621802,3.86637e-05
2640,2,0.00610131,3.7226e-05
2640,3,0.0516763,0.00267044
2640,4,0.138232,0.0191082
2640,5,0.264512,0.0699664
2640,6,0.419845,0.17627
2640,7,0.585321,0.342601
2640,8,0.736401,0.542286
2640,9,0.846621,0.716766
2640,10,0.89174,0.7952
2640,11,0.853683,0.728774
2640,12,0.723752,0.523817
2640,13,0.504463,0.254483
2640,14,0.209869,0.0440451
2640,15,-0.135756,0.0184296
2640,16,-0.500631,0.250631
2640,17,-0.849215,0.721166
2640,18,-1.14643,1.31431
2640,19,-1.3618,1.85451
2640,20,-1.47291,2.16947
2640,21,-1.4678,2.15445
2640,22,-1.34604,1.81181
2640,23,-1.11832,1.25065
2640,24,-0.804943,0.647934
2640,25,-0.433136,0.187606
2640,26,-0.0339194,0.00115052
2640,27,0.361299,0.130537
2640,28,0.72385,0.523958
2640,29,1.03034,1.0616
2640,30,1.26441,1.59873
2640,31,1.41763,2.00968
2640,32,1.48945,2.21848
2640,33,1.48646,2.20955
2640,34,1.4209,2.01897
2640,35,1.30897,1.71339
2640,36,1.16877,1.36602
2640,37,1.0185,1.03734
2640,38,0.874678,0.765061
2640,39,0.750801,0.563702
2640,40,0.656438,0.430911
2640,41,0.596711,0.356064
2640,42,0.572307,0.327536
2640,43,0.579873,0.336253
2640,44,0.612771,0.375488
2640,45,0.6621,0.438376
2640,46,0.717832,0.515283
2640,47,0.770076,0.593017
2640,48,0.810232,0.656476
2640,49,0.831975,0.692182
2640,50,0.831977,0.692185
2640,51,0.810231,0.656475
2640,52,0.770076,0.593017
2640,53,0.71783,0.51528
2640,54,0.662099,0.438375
2640,55,0.612772,0.375489
2640,56,0.579871,0.33625
2640,57,0.57231,0.327538
2640,58,0.59671,0.356063
2640,59,0.656436,0.430909
2640,60,0.750803,0.563705
2640,61,0.874678,0.765061
2640,62,1.0185,1.03734
2640,63,1.16877,1.36602
2640,64,1.30896,1.71338
2640,65,1.4209,2.01896
2640,66,1.48645,2.20955
2640,67,1.48945,2.21848
2640,68,1.41763,2.00968
2640,69,1.26441,1.59874
2640,70,1.03033,1.06159
2640,71,0.72385,0.523958
2640,72,0.361298,0.130536
2640,73,-0.0339231,0.00115078
2640,74,-0.433139,0.187609
2640,75,-0.804945,0.647937
2640,76,-1.11832,1.25065
2640,77,-1.34604,1.81181
2640,78,-1.46781,2.15445
2640,79,-1.47291,2.16946
2640,80,-1.36181,1.85452
2640,81,-1.14644,1.31431
2640,82,-0.849216,0.721168
2640,83,-0.500633,0.250634
2640,84,-0.135761,0.018431
2640,85,0.209868,0.0440447
2640,86,0.504464,0.254484
2640,87,0.723751,0.523815
2640,88,0.853683,0.728775
2640,89,0.89174,0.7952
2640,90,0.84662,0.716765
2640,91,0.736401,0.542287
2640,92,0.58532,0.3426
2640,93,0.419843,0.176268
2640,94,0.264512,0.0699665
2640,95,0.138233,0.0191083
2640,96,0.0516746,0.00267026
2640,97,0.00610065,3.7218e-05
2640,98,-0.00621943,3.86813e-05
2640,99,0,0
2650,0,0,0
2650,1,-0.00465054,2.16276e-05
2650,2,-0.0236404,0.000558869
2650,3,-0.0681861,0.00464934
2650,4,-0.143812,0.0206819
2650,5,-0.248754,0.0618786
2650,6,-0.373662,0.139623
2650,7,-0.502617,0.252624
2650,8,-0.61539,0.378704
2650,9,-0.690497,0.476786
2650,10,-0.708637,0.502167
2650,11,-0.655962,0.430286
2650,12,-0.526628,0.277337
2650,13,-0.324241,0.105132
2650,14,-0.0620163,0.00384602
2650,15,0.238487,0.0568758
2650,16,0.549686,0.302155
2650,17,0.84116,0.70755
2650,18,1.08323,1.17338
2650,19,1.25041,1.56352
2650,20,1.32427,1.75368
2650,21,1.29537,1.67799
2650,22,1.16413,1.35519
2650,23,0.940432,0.884413
2650,24,0.642366,0.412634
2650,25,0.293973,0.08642
2650,26,-0.077403,0.00599122
2650,27,-0.443928,0.197072
2650,28,-0.779957,0.608333
2650,29,-1.06423,1.13258
2650,30,-1.28143,1.64206
2650,31,-1.42308,2.02515
2650,32,-1.48768,2.21318
2650,33,-1.48021,2.19102
2650,34,-1.41107,1.99112
2650,35,-1.29462,1.67604
2650,36,-1.14758,1.31693
2650,37,-0.987314,0.97479
2650,38,-0.830213,0.689254
2650,39,-0.69029,0.4765
2650,40,-0.5781,0.334199
2650,41,-0.500035,0.250035
2650,42,-0.458057,0.209816
2650,43,-0.44989,0.202401
2650,44,-0.469612,0.220535
2650,45,-0.508645,0.25872
2650,46,-0.556907,0.310146
2650,47,-0.604177,0.36503
2650,48,-0.641385,0.411374
2650,49,-0.661789,0.437964
2650,50,-0.661787,0.437962
2650,51,-0.641388,0.411378
2650,52,-0.604178,0.365031
2650,53,-0.556911,0.31015
2650,54,-0.508643,0.258718
2650,55,-0.469614,0.220538
2650,56,-0.449887,0.202399
2650,57,-0.458057,0.209817
2650,58,-0.500031,0.250031
2650,59,-0.578099,0.334199
2650,60,-0.690289,0.476499
2650,61,-0.830215,0.689256
2650,62,-0.987314,0.974788
2650,63,-1.14758,1.31693
2650,64,-1.29462,1.67603
2650,65,-1.41107,1.99112
2650,66,-1.48021,2.19102
2650,67,-1.48768,2.21318
2650,68,-1.42308,2.02515
2650,69,-1.28143,1.64207
2650,70,-1.06423,1.13258
2650,71,-0.779958,0.608335
2650,72,-0.443929,0.197073
2650,73,-0.0774016,0.00599101
2650,74,0.293973,0.0864202
2650,75,0.642367,0.412635
2650,76,0.940432,0.884412
2650,77,1.16413,1.3552
2650,78,1.29538,1.678
2650,79,1.32427,1.75369
2650,80,1.25041,1.56352
2650,81,1.08323,1.17339
2650,82,0.84116,0.707551
2650,83,0.549684,0.302152
2650,84,0.238484,0.0568746
2650,85,-0.0620176,0.00384619
2650,86,-0.324244,0.105134
2650,87,-0.526628,0.277337
2650,88,-0.655963,0.430288
2650,89,-0.708638,0.502168
2650,90,-0.690497,0.476787
2650,91,-0.615391,0.378706
2650,92,-0.502618,0.252625
2650,93,-0.373664,0.139625
2650,94,-0.248756,0.0618795
2650,95,-0.143811,0.0206817
2650,96,-0.0681891,0.00464975
2650,97,-0.0236423,0.000558957
2650,98,-0.0046491,2.16142e-05
2650,99,0,0
2660,0,0,0
2660,1,0.0155154,0.000240728
2660,2,0.0411132,0.0016903
2660,3,0.0844726,0.00713561
2660,4,0.148894,0.0221695
2660,5,0.232108,0.0538741
2660,6,0.32612,0.106354
2660,7,0.418094,0.174803
2660,8,0.492167,0.242228
2660,9,0.531908,0.282926
2660,10,0.523046,0.273577
2660,11,0.455991,0.207928
2660,12,0.32775,0.10742
2660,13,0.143002,0.0204497
2660,14,-0.0859641,0.00738983
2660,15,-0.340345,0.115835
2660,16,-0.596838,0.356216
2660,17,-0.83026,0.689332
2660,18,-1.01642,1.03311
2660,19,-1.13488,1.28796
2660,20,-1.17126,1.37184
2660,21,-1.11866,1.2514
2660,22,-0.978345,0.957158
2660,23,-0.7594,0.576688
2660,24,-0.477631,0.228132
2660,25,-0.153827,0.0236626
2660,26,0.18843,0.0355057
2660,27,0.525,0.275625
2660,28,0.833356,0.694483
2660,29,1.09442,1.19776
2660,30,1.29399,1.67441
2660,31,1.42359,2.02661
2660,32,1.48076,2.19266
2660,33,1.46884,2.1575
2660,34,1.39631,1.94969
2660,35,1.2757,1.62741
2660,36,1.12228,1.25951
2660,37,0.952542,0.907336
2660,38,0.782703,0.612625
2660,39,0.627247,0.393439
2660,40,0.497669,0.247675
2660,41,0.401579,0.161265
2660,42,0.342206,0.117105
2660,43,0.318368,0.101358
2660,44,0.324903,0.105562
2660,45,0.353557,0.125003
2660,46,0.394228,0.155416
2660,47,0.436392,0.190438
2660,48,0.470553,0.22142
2660,49,0.489553,0.239662
2660,50,0.489551,0.23966
2660,51,0.470554,0.221421
2660,52,0.436394,0.190439
2660,53,0.394231,0.155418
2660,54,0.353559,0.125004
2660,55,0.324903,0.105562
2660,56,0.318368,0.101358
2660,57,0.342206,0.117105
2660,58,0.401577,0.161264
2660,59,0.497671,0.247676
2660,60,0.627247,0.393439
2660,61,0.782703,0.612624
2660,62,0.952541,0.907334
2660,63,1.12228,1.25951
2660,64,1.2757,1.62742
2660,65,1.39631,1.94968
2660,66,1.46884,2.1575
2660,67,1.48076,2.19266
2660,68,1.42359,2.0266
2660,69,1.29399,1.67441
2660,70,1.09442,1.19776
2660,71,0.833358,0.694485
2660,72,0.524998,0.275623
2660,73,0.188429,0.0355054
2660,74,-0.153825,0.0236621
2660,75,-0.477634,0.228134
2660,76,-0.7594,0.576688
2660,77,-0.978346,0.95716
2660,78,-1.11866,1.2514
2660,79,-1.17126,1.37185
2660,80,-1.13488,1.28796
2660,81,-1.01642,1.03311
2660,82,-0.83026,0.689332
2660,83,-0.59684,0.356218
2660,84,-0.340348,0.115837
2660,85,-0.0859625,0.00738955
2660,86,0.143002,0.0204497
2660,87,0.327751,0.107421
2660,88,0.455992,0.207929
2660,89,0.523048,0.273579
2660,90,0.531907,0.282925
2660,91,0.492167,0.242229
2660,92,0.418093,0.174802
2660,93,0.326118,0.106353
2660,94,0.23211,0.0538749
2660,95,0.148896,0.0221699
2660,96,0.0844747,0.00713597
2660,97,0.0411156,0.00169049
2660,98,0.0155172,0.000240783
2660,99,0,0
2670,0,0,0
2670,1,-0.0263294,0.000693236
2670,2,-0.0584439,0.00341569
2670,3,-0.100452,0.0100905
2670,4,-0.153421,0.0235381
2670,5,-0.214609,0.0460569
2670,6,-0.277399,0.0769502
2670,7,-0.332059,0.110263
2670,8,-0.367159,0.134806
2670,9,-0.371393,0.137933
2670,10,-0.335541,0.112588
2670,11,-0.254296,0.0646666
2670,12,-0.127569,0.0162739
2670,13,0.0389131,0.00151423
2670,14,0.233814,0.0546691
2670,15,0.441166,0.194627
2670,16,0.642028,0.4122
2670,17,0.81653,0.666721
2670,18,0.946091,0.895088
2670,19,1.01543,1.03109
2670,20,1.0142,1.02859
2670,21,0.938078,0.879989
2670,22,0.789186,0.622815
2670,23,0.575748,0.331485
2670,24,0.311256,0.0968802
2670,25,0.0131459,0.000172814
2670,26,-0.298815,0.0892902
2670,27,-0.604246,0.365113
2670,28,-0.88383,0.781155
2670,29,-1.12078,1.25615
2670,30,-1.30205,1.69533
2670,31,-1.41916,2.01401
2670,32,-1.46869,2.15705
2670,33,-1.45235,2.10932
2670,34,-1.37666,1.89521
2670,35,-1.25229,1.56822
2670,36,-1.09298,1.19461
2670,37,-0.914351,0.836037
2670,38,-0.732369,0.536365
2670,39,-0.561926,0.315761
2670,40,-0.415438,0.172589
2670,41,-0.301716,0.0910324
2670,42,-0.225226,0.0507266
2670,43,-0.18586,0.0345441
2670,44,-0.179214,0.0321177
2670,45,-0.197403,0.0389678
2670,46,-0.230319,0.0530467
2670,47,-0.267178,0.0713842
2670,48,-0.298116,0.0888729
2670,49,-0.315613,0.0996118
2670,50,-0.315613,0.0996118
2670,51,-0.298117,0.0888737
2670,52,-0.267183,0.0713867
2670,53,-0.230319,0.0530467
2670,54,-0.197404,0.0389682
2670,55,-0.179216,0.0321184
2670,56,-0.185861,0.0345444
2670,57,-0.225227,0.0507272
2670,58,-0.301715,0.0910319
2670,59,-0.41544,0.17259
2670,60,-0.561926,0.31576
2670,61,-0.732368,0.536363
2670,62,-0.914353,0.836042
2670,63,-1.09298,1.19461
2670,64,-1.25229,1.56822
2670,65,-1.37667,1.89521
2670,66,-1.45235,2.10933
2670,67,-1.46869,2.15705
2670,68,-1.41916,2.01401
2670,69,-1.30205,1.69533
2670,70,-1.12078,1.25615
2670,71,-0.883829,0.781153
2670,72,-0.604245,0.365112
2670,73,-0.298814,0.0892899
2670,74,0.0131445,0.000172778
2670,75,0.311255,0.0968795
2670,76,0.575748,0.331486
2670,77,0.789186,0.622814
2670,78,0.938078,0.87999
2670,79,1.0142,1.02859
2670,80,1.01543,1.0311
2670,81,0.946095,0.895096
2670,82,0.816532,0.666725
2670,83,0.642028,0.412199
2670,84,0.441168,0.194629
2670,85,0.233813,0.0546684
2670,86,0.0389141,0.00151431
2670,87,-0.127573,0.0162749
2670,88,-0.254299,0.0646681
2670,89,-0.33554,0.112587
2670,90,-0.371393,0.137933
2670,91,-0.367159,0.134805
2670,92,-0.332057,0.110262
2670,93,-0.277397,0.0769493
2670,94,-0.214609,0.046057
2670,95,-0.153421,0.0235381
2670,96,-0.100452,0.0100905
2670,97,-0.0584442,0.00341572
2670,98,-0.0263307,0.000693305
2670,99,0,0
2680,0,0,0
2680,1,0.0370649,0.00137381
2680,2,0.0755909,0.00571398
2680,3,0.116118,0.0134835
2680,4,0.157495,0.0248048
2680,5,0.196467,0.0385993
2680,6,0.22782,0.0519019
2680,7,0.244974,0.0600125
2680,8,0.240957,0.0580604
2680,9,0.209614,0.0439378
2680,10,0.14685,0.0215649
2680,11,0.0516804,0.00267086
2680,12,-0.0730887,0.00534195
2680,13,-0.22071,0.0487127
2680,14,-0.380851,0.145048
2680,15,-0.540466,0.292104
2680,16,-0.68504,0.46928
2680,17,-0.800087,0.640139
2680,18,-0.872652,0.761522
2680,19,-0.892632,0.796792
2680,20,-0.853803,0.728979
2680,21,-0.75445,0.569194
2680,22,-0.597505,0.357013
2680,23,-0.390306,0.152339
2680,24,-0.143985,0.0207318
2680,25,0.127433,0.0162391
2680,26,0.408079,0.166529
2680,27,0.681406,0.464314
2680,28,0.931371,0.867451
2680,29,1.1435,1.3076
2680,30,1.30591,1.7054
2680,31,1.41014,1.9885
2680,32,1.45184,2.10783
2680,33,1.43109,2.048
2680,34,1.35245,1.82911
2680,35,1.22467,1.49982
2680,36,1.05999,1.12358
2680,37,0.873048,0.762213
2680,38,0.679534,0.461766
2680,39,0.494694,0.244722
2680,40,0.331806,0.110095
2680,41,0.20085,0.0403406
2680,42,0.107519,0.0115603
2680,43,0.0527592,0.00278353
2680,44,0.0329254,0.00108408
2680,45,0.0405505,0.00164434
2680,46,0.065599,0.00430323
2680,47,0.0970631,0.00942124
2680,48,0.124704,0.0155511
2680,49,0.140662,0.0197859
2680,50,0.140663,0.0197861
2680,51,0.124707,0.0155517
2680,52,0.0970641,0.00942143
2680,53,0.0656007,0.00430346
2680,54,0.0405521,0.00164447
2680,55,0.0329267,0.00108417
2680,56,0.052759,0.00278351
2680,57,0.107522,0.011561
2680,58,0.20085,0.0403408
2680,59,0.331806,0.110095
2680,60,0.494694,0.244722
2680,61,0.679536,0.461769
2680,62,0.873049,0.762215
2680,63,1.05999,1.12358
2680,64,1.22467,1.49983
2680,65,1.35245,1.82912
2680,66,1.43109,2.04801
2680,67,1.45184,2.10784
2680,68,1.41014,1.9885
2680,69,1.30591,1.7054
2680,70,1.1435,1.3076
2680,71,0.931373,0.867455
2680,72,0.681409,0.464318
2680,73,0.408079,0.166529
2680,74,0.127432,0.016239
2680,75,-0.143987,0.0207322
2680,76,-0.390307,0.15234
2680,77,-0.597505,0.357012
2680,78,-0.75445,0.569195
2680,79,-0.853803,0.728979
2680,80,-0.892632,0.796791
2680,81,-0.872653,0.761524
2680,82,-0.800083,0.640133
2680,83,-0.685039,0.469279
2680,84,-0.540465,0.292102
2680,85,-0.380852,0.145048
2680,86,-0.220709,0.0487124
2680,87,-0.0730888,0.00534198
2680,88,0.0516834,0.00267117
2680,89,0.146852,0.0215654
2680,90,0.209616,0.0439388
2680,91,0.240957,0.0580602
2680,92,0.244972,0.0600113
2680,93,0.22782,0.0519021
2680,94,0.196467,0.0385992
2680,95,0.157494,0.0248044
2680,96,0.11612,0.0134839
2680,97,0.0755897,0.00571381
2680,98,0.0370632,0.00137368
2680,99,0,0
2690,0,0,0
2690,1,-0.0477173,0.00227694
2690,2,-0.0925934,0.00857353
2690,3,-0.131556,0.017307
2690,4,-0.161194,0.0259836
2690,5,-0.177803,0.0316139
2690,6,-0.177611,0.0315457
2690,7,-0.157206,0.0247138
2690,8,-0.1141,0.0130189
2690,9,-0.0473097,0.0022382
2690,10,0.0421455,0.00177624
2690,11,0.150946,0.0227848
2690,12,0.273401,0.0747483
2690,13,0.401734,0.16139
2690,14,0.526629,0.277338
2690,15,0.63796,0.406993
2690,16,0.725716,0.526663
2690,17,0.780855,0.609735
2690,18,0.796123,0.633811
2690,19,0.766657,0.587763
2690,20,0.690376,0.476619
2690,21,0.568146,0.32279
2690,22,0.403716,0.162987
2690,23,0.203491,0.0414087
2690,24,-0.0238116,0.000566991
2690,25,-0.267616,0.0716182
2690,26,-0.516,0.266256
2690,27,-0.756315,0.572012
2690,28,-0.975809,0.952203
2690,29,-1.16238,1.35112
2690,30,-1.30536,1.70396
2690,31,-1.39638,1.94987
2690,32,-1.43013,2.04528
2690,33,-1.40508,1.97425
2690,34,-1.32382,1.75249
2690,35,-1.19314,1.42359
2690,36,-1.02367,1.04791
2690,37,-0.829053,0.687329
2690,38,-0.624636,0.39017
2690,39,-0.425987,0.181465
2690,40,-0.247206,0.0611106
2690,41,-0.0993949,0.00987935
2690,42,0.0105456,0.000111209
2690,43,0.0805748,0.00649231
2690,44,0.113542,0.0128919
2690,45,0.116499,0.0135721
2690,46,0.0994287,0.00988607
2690,47,0.0735175,0.00540482
2690,48,0.049313,0.00243177
2690,49,0.0349891,0.00122424
2690,50,0.0349906,0.00122434
2690,51,0.0493129,0.00243176
2690,52,0.0735162,0.00540463
2690,53,0.0994291,0.00988614
2690,54,0.1165,0.0135724
2690,55,0.113544,0.0128923
2690,56,0.0805755,0.00649241
2690,57,0.0105442,0.00011118
2690,58,-0.0993955,0.00987946
2690,59,-0.247204,0.06111
2690,60,-0.425989,0.181466
2690,61,-0.624637,0.390171
2690,62,-0.829053,0.687328
2690,63,-1.02367,1.04791
2690,64,-1.19314,1.42358
2690,65,-1.32382,1.75249
2690,66,-1.40508,1.97425
2690,67,-1.43013,2.04528
2690,68,-1.39638,1.94987
2690,69,-1.30536,1.70396
2690,70,-1.16238,1.35112
2690,71,-0.975807,0.9522
2690,72,-0.756315,0.572013
2690,73,-0.516001,0.266257
2690,74,-0.267615,0.0716179
2690,75,-0.0238128,0.00056705
2690,76,0.203491,0.0414086
2690,77,0.403716,0.162986
2690,78,0.568149,0.322793
2690,79,0.690378,0.476622
2690,80,0.766655,0.587759
2690,81,0.796122,0.633811
2690,82,0.780855,0.609735
2690,83,0.725712,0.526658
2690,84,0.637958,0.406991
2690,85,0.526626,0.277335
2690,86,0.401736,0.161392
2690,87,0.2734,0.0747476
2690,88,0.150944,0.0227842
2690,89,0.042149,0.00177654
2690,90,-0.0473089,0.00223814
2690,91,-0.114103,0.0130195
2690,92,-0.157206,0.0247139
2690,93,-0.177609,0.0315451
2690,94,-0.177802,0.0316134
2690,95,-0.161194,0.0259834
2690,96,-0.131559,0.0173077
2690,97,-0.0925918,0.00857323
2690,98,-0.0477161,0.00227683
2690,99,0,0
2700,0,0,0
2700,1,0.0582141,0.00338888
2700,2,0.109291,0.0119445
2700,3,0.146588,0.021488
2700,4,0.164439,0.02704
2700,5,0.158665,0.0251745
2700,6,0.12694,0.0161137
2700,7,0.0690383,0.00476629
2700,8,-0.0130302,0.000169787
2700,9,-0.115073,0.0132418
2700,10,-0.23093,0.0533287
2700,11,-0.35297,0.124588
2700,12,-0.472646,0.223394
2700,13,-0.58121,0.337805
2700,14,-0.67039,0.449423
2700,15,-0.733074,0.537398
2700,16,-0.76378,0.583361
2700,17,-0.75892,0.575959
2700,18,-0.716928,0.513985
2700,19,-0.638179,0.407272
2700,20,-0.524739,0.275351
2700,21,-0.380051,0.144439
2700,22,-0.208673,0.0435445
2700,23,-0.0160734,0.000258354
2700,24,0.191455,0.036655
2700,25,0.406821,0.165503
2700,26,0.622119,0.387032
2700,27,0.828623,0.686616
2700,28,1.01693,1.03415
2700,29,1.17734,1.38613
2700,30,1.30044,1.69116
2700,31,1.37797,1.8988
2700,32,1.4037,1.97039
2700,33,1.37445,1.88911
2700,34,1.29082,1.66622
2700,35,1.15765,1.34015
2700,36,0.983946,0.968149
2700,37,0.782284,0.611968
2700,38,0.567652,0.322229
2700,39,0.355877,0.126649
2700,40,0.161815,0.0261841
2700,41,-0.00235177,5.53083e-06
2700,42,-0.128521,0.0165177
2700,43,-0.213591,0.0456212
2700,44,-0.259611,0.067398
2700,45,-0.273163,0.0746181
2700,46,-0.264117,0.0697576
2700,47,-0.243809,0.059443
2700,48,-0.223086,0.0497676
2700,49,-0.210409,0.044272
2700,50,-0.210415,0.0442745
2700,51,-0.223085,0.049767
2700,52,-0.243811,0.0594437
2700,53,-0.264116,0.0697575
2700,54,-0.273166,0.0746197
2700,55,-0.259611,0.0673976
2700,56,-0.213593,0.0456218
2700,57,-0.12852,0.0165175
2700,58,-0.00235098,5.5271e-06
2700,59,0.161815,0.026184
2700,60,0.355876,0.126648
2700,61,0.567655,0.322232
2700,62,0.782284,0.611968
2700,63,0.983946,0.96815
2700,64,1.15765,1.34015
2700,65,1.29082,1.66622
2700,66,1.37445,1.88911
2700,67,1.4037,1.97038
2700,68,1.37797,1.8988
2700,69,1.30044,1.69115
2700,70,1.17734,1.38612
2700,71,1.01693,1.03414
2700,72,0.828623,0.686616
2700,73,0.622121,0.387035
2700,74,0.406822,0.165504
2700,75,0.191456,0.0366553
2700,76,-0.0160733,0.00025835
2700,77,-0.208674,0.0435448
2700,78,-0.380051,0.144439
2700,79,-0.524739,0.275351
2700,80,-0.638182,0.407276
2700,81,-0.716929,0.513987
2700,82,-0.758921,0.575961
2700,83,-0.763781,0.583361
2700,84,-0.733075,0.537399
2700,85,-0.670388,0.449419
2700,86,-0.58121,0.337805
2700,87,-0.472649,0.223397
2700,88,-0.352967,0.124585
2700,89,-0.230933,0.05333
2700,90,-0.115071,0.0132414
2700,91,-0.0130317,0.000169825
2700,92,0.0690398,0.00476649
2700,93,0.126939,0.0161134
2700,94,0.158663,0.025174
2700,95,0.164439,0.0270402
2700,96,0.146587,0.0214878
2700,97,0.109291,0.0119446
2700,98,0.0582145,0.00338893
2700,99,0,0
2710,0,0,0
2710,1,-0.0686005,0.00470603
2710,2,-0.125749,0.0158128
2710,3,-0.161241,0.0259988
2710,4,-0.167225,0.0279643
2710,5,-0.139075,0.019342
2710,6,-0.0758996,0.00576075
2710,7,0.0193367,0.00037391
2710,8,0.140115,0.0196323
2710,9,0.277056,0.0767599
2710,10,0.418926,0.175499
2710,11,0.553812,0.306708
2710,12,0.670325,0.449335
2710,13,0.758759,0.575715
2710,14,0.81195,0.659263
2710,15,0.825776,0.681906
2710,16,0.79929,0.638864
2710,17,0.734397,0.539339
2710,18,0.635264,0.403561
2710,19,0.507501,0.257557
2710,20,0.357294,0.127659
2710,21,0.190664,0.0363527
2710,22,0.0129564,0.000167869
2710,23,-0.171322,0.0293512
2710,24,-0.358338,0.128406
2710,25,-0.544526,0.296508
2710,26,-0.725984,0.527053
2710,27,-0.89795,0.806314
2710,28,-1.05442,1.1118
2710,29,-1.18813,1.41166
2710,30,-1.29097,1.6666
2710,31,-1.35476,1.83539
2710,32,-1.37241,1.88352
2710,33,-1.33909,1.79317
2710,34,-1.25342,1.57106
2710,35,-1.11825,1.25048
2710,36,-0.940936,0.88536
2710,37,-0.73296,0.53723
2710,38,-0.508855,0.258934
2710,39,-0.284646,0.0810235
2710,40,-0.0759352,0.00576616
2710,41,0.104032,0.0108226
2710,42,0.246001,0.0605163
2710,43,0.345815,0.119588
2710,44,0.404713,0.163792
2710,45,0.42882,0.183887
2710,46,0.427848,0.183054
2710,47,0.413235,0.170763
2710,48,0.396079,0.156879
2710,49,0.385103,0.148304
2710,50,0.385105,0.148306
2710,51,0.39608,0.156879
2710,52,0.413239,0.170766
2710,53,0.42785,0.183056
2710,54,0.428822,0.183888
2710,55,0.404713,0.163793
2710,56,0.345812,0.119586
2710,57,0.245999,0.0605157
2710,58,0.10403,0.0108223
2710,59,-0.0759362,0.0057663
2710,60,-0.284648,0.0810243
2710,61,-0.508855,0.258934
2710,62,-0.73296,0.53723
2710,63,-0.940938,0.885364
2710,64,-1.11824,1.25047
2710,65,-1.25342,1.57105
2710,66,-1.33909,1.79316
2710,67,-1.37242,1.88353
2710,68,-1.35477,1.83539
2710,69,-1.29097,1.66661
2710,70,-1.18813,1.41166
2710,71,-1.05442,1.11181
2710,72,-0.897952,0.806318
2710,73,-0.725984,0.527052
2710,74,-0.544526,0.296509
2710,75,-0.35834,0.128407
2710,76,-0.171322,0.0293513
2710,77,0.0129566,0.000167874
2710,78,0.190665,0.0363532
2710,79,0.357293,0.127658
2710,80,0.507499,0.257555
2710,81,0.635266,0.403563
2710,82,0.734397,0.539339
2710,83,0.799286,0.638858
2710,84,0.825774,0.681903
2710,85,0.811947,0.659258
2710,86,0.758759,0.575715
2710,87,0.670328,0.449339
2710,88,0.553811,0.306706
2710,89,0.418926,0.175499
2710,90,0.277055,0.0767596
2710,91,0.140115,0.0196321
2710,92,0.0193365,0.000373899
2710,93,-0.0758983,0.00576055
2710,94,-0.139074,0.0193415
2710,95,-0.167227,0.0279647
2710,96,-0.161241,0.0259987
2710,97,-0.125749,0.0158128
2710,98,-0.0686,0.00470597
2710,99,0,0
2720,0,0,0
2720,1,0.0786802,0.00619057
2720,2,0.141647,0.0200638
2720,3,0.175177,0.0306872
2720,4,0.169248,0.028645
2720,5,0.118804,0.0141143
2720,6,0.0244014,0.000595427
2720,7,-0.10781,0.0116229
2720,8,-0.266835,0.0712011
2720,9,-0.438175,0.191998
2720,10,-0.605549,0.36669
2720,11,-0.752787,0.566688
2720,12,-0.865723,0.749476
2720,13,-0.933735,0.871862
2720,14,-0.95077,0.903963
2720,15,-0.915717,0.838537
2720,16,-0.832153,0.692478
2720,17,-0.707459,0.500498
2720,18,-0.551523,0.304178
2720,19,-0.375175,0.140756
2720,20,-0.188692,0.0356049
2720,21,-0.000657764,4.32654e-07
2720,22,0.182798,0.0334153
2720,23,0.358143,0.128266
2720,24,0.524024,0.274601
2720,25,0.680402,0.462947
2720,26,0.82742,0.684624
2720,27,0.96428,0.929836
2720,28,1.08839,1.18458
2720,29,1.19494,1.42788
2720,30,1.27715,1.63111
2720,31,1.327,1.76092
2720,32,1.3365,1.78622
2720,33,1.29922,1.68796
2720,34,1.21179,1.46844
2720,35,1.07507,1.15578
2720,36,0.894733,0.800548
2720,37,0.681114,0.463917
2720,38,0.448263,0.20094
2720,39,0.212344,0.04509
2720,40,-0.0103467,0.000107054
2720,41,-0.205528,0.0422418
2720,42,-0.36282,0.131638
2720,43,-0.47702,0.227548
2720,44,-0.548562,0.300921
2720,45,-0.58309,0.339994
2720,46,-0.590147,0.348273
2720,47,-0.581255,0.337858
2720,48,-0.567725,0.322312
2720,49,-0.558495,0.311916
2720,50,-0.558495,0.311917
2720,51,-0.567725,0.322312
2720,52,-0.581259,0.337862
2720,53,-0.590149,0.348276
2720,54,-0.583095,0.34
2720,55,-0.548568,0.300927
2720,56,-0.477022,0.22755
2720,57,-0.362824,0.131641
2720,58,-0.205531,0.0422428
2720,59,-0.0103474,0.000107068
2720,60,0.212343,0.0450894
2720,61,0.448261,0.200938
2720,62,0.681114,0.463916
2720,63,0.894729,0.800541
2720,64,1.07507,1.15578
2720,65,1.21179,1.46844
2720,66,1.29922,1.68796
2720,67,1.3365,1.78622
2720,68,1.327,1.76092
2720,69,1.27715,1.63111
2720,70,1.19494,1.42788
2720,71,1.08839,1.18459
2720,72,0.964282,0.92984
2720,73,0.82742,0.684624
2720,74,0.680403,0.462948
2720,75,0.524023,0.2746
2720,76,0.358143,0.128266
2720,77,0.1828,0.0334158
2720,78,-0.000657121,4.31808e-07
2720,79,-0.188693,0.0356051
2720,80,-0.375174,0.140756
2720,81,-0.551521,0.304175
2720,82,-0.707458,0.500497
2720,83,-0.832152,0.692477
2720,84,-0.915719,0.838542
2720,85,-0.950771,0.903966
2720,86,-0.933737,0.871865
2720,87,-0.865722,0.749474
2720,88,-0.752785,0.566685
2720,89,-0.605548,0.366688
2720,90,-0.438177,0.191999
2720,91,-0.266836,0.0712017
2720,92,-0.107811,0.0116232
2720,93,0.0244,0.000595358
2720,94,0.118805,0.0141145
2720,95,0.169248,0.0286447
2720,96,0.175177,0.030687
2720,97,0.141646,0.0200636
2720,98,0.0786779,0.00619021
2720,99,0,0
2730,0,0,0
2730,1,-0.0884219,0.00781843
2730,2,-0.156951,0.0246338
2730,3,-0.188389,0.0354905
2730,4,-0.170567,0.0290932
2730,5,-0.0980019,0.00960437
2730,6,0.0273044,0.000745528
2730,7,0.196057,0.0384385
2730,8,0.392832,0.154317
2730,9,0.598031,0.357641
2730,10,0.790352,0.624656
2730,11,0.949452,0.901458
2730,12,1.05842,1.12026
2730,13,1.10576,1.2227
2730,14,1.08654,1.18056
2730,15,1.00269,1.00538
2730,16,0.862315,0.743587
2730,17,0.678246,0.460017
2730,18,0.466014,0.217169
2730,19,0.241622,0.0583814
2730,20,0.0194615,0.00037875
2730,21,-0.18937,0.035861
2730,22,-0.377996,0.142881
2730,23,-0.543862,0.295785
2730,24,-0.688096,0.473476
2730,25,-0.814178,0.662886
2730,26,-0.92627,0.857976
2730,27,-1.02755,1.05586
2730,28,-1.11885,1.25182
2730,29,-1.19787,1.43488
2730,30,-1.25915,1.58546
2730,31,-1.29485,1.67663
2730,32,-1.29612,1.67993
2730,33,-1.25497,1.57494
2730,34,-1.16605,1.35967
2730,35,-1.02822,1.05724
2730,36,-0.845456,0.714796
2730,37,-0.626899,0.393003
2730,38,-0.386081,0.149059
2730,39,-0.139286,0.0194007
2730,40,0.0965845,0.00932857
2730,41,0.306304,0.0938224
2730,42,0.4784,0.228866
2730,43,0.606633,0.368004
2730,44,0.690621,0.476958
2730,45,0.73547,0.540916
2730,46,0.750512,0.563269
2730,47,0.747323,0.558492
2730,48,0.737399,0.543758
2730,49,0.729912,0.532771
2730,50,0.729911,0.532769
2730,51,0.737399,0.543757
2730,52,0.747322,0.558491
2730,53,0.750512,0.563269
2730,54,0.735472,0.540919
2730,55,0.690621,0.476957
2730,56,0.606634,0.368005
2730,57,0.478404,0.22887
2730,58,0.306307,0.0938238
2730,59,0.0965855,0.00932877
2730,60,-0.139286,0.0194007
2730,61,-0.386082,0.149059
2730,62,-0.6269,0.393004
2730,63,-0.845453,0.714791
2730,64,-1.02822,1.05724
2730,65,-1.16605,1.35967
2730,66,-1.25497,1.57495
2730,67,-1.29612,1.67992
2730,68,-1.29484,1.67662
2730,69,-1.25915,1.58546
2730,70,-1.19787,1.43489
2730,71,-1.11885,1.25182
2730,72,-1.02755,1.05586
2730,73,-0.926268,0.857973
2730,74,-0.814176,0.662883
2730,75,-0.688096,0.473476
2730,76,-0.543864,0.295788
2730,77,-0.377995,0.14288
2730,78,-0.189372,0.0358617
2730,79,0.019461,0.000378731
2730,80,0.241624,0.058382
2730,81,0.466014,0.217169
2730,82,0.678249,0.460022
2730,83,0.862315,0.743588
2730,84,1.00269,1.00539
2730,85,1.08654,1.18057
2730,86,1.10576,1.22271
2730,87,1.05843,1.12027
2730,88,0.949452,0.901459
2730,89,0.790351,0.624655
2730,90,0.598031,0.35764
2730,91,0.392833,0.154318
2730,92,0.196057,0.0384383
2730,93,0.0273034,0.000745477
2730,94,-0.0980031,0.0096046
2730,95,-0.170567,0.0290932
2730,96,-0.188389,0.0354904
2730,97,-0.156949,0.0246331
2730,98,-0.0884218,0.00781841
2730,99,0,0
2740,0,0,0
2740,1,0.0978524,0.00957509
2740,2,0.171695,0.0294792
2740,3,0.200909,0.0403643
2740,4,0.171212,0.0293134
2740,5,0.0767424,0.00588939
2740,6,-0.0790444,0.00624802
2740,7,-0.283742,0.0805097
2740,8,-0.517565,0.267874
2740,9,-0.755887,0.571365
2740,10,-0.972488,0.945733
2740,11,-1.14291,1.30625
2740,12,-1.24757,1.55643
2740,13,-1.2741,1.62334
2740,14,-1.21872,1.48528
2740,15,-1.08638,1.18022
2740,16,-0.889684,0.791537
2740,17,-0.646862,0.418431
2740,18,-0.379056,0.143683
2740,19,-0.107402,0.0115353
2740,20,0.149683,0.022405
2740,21,0.378615,0.143349
2740,22,0.571781,0.326933
2740,23,0.727626,0.52944
2740,24,0.849741,0.722059
2740,25,0.945102,0.893219
2740,26,1.0219,1.04429
2740,27,1.0873,1.18222
2740,28,1.14552,1.31222
2740,29,1.19677,1.43225
2740,30,1.23693,1.53
2740,31,1.25838,1.58352
2740,32,1.25145,1.56612
2740,33,1.20657,1.4558
2740,34,1.11646,1.24648
2740,35,0.977995,0.956475
2740,36,0.793413,0.629504
2740,37,0.570664,0.325658
2740,38,0.32269,0.104129
2740,39,0.0658175,0.00433194
2740,40,-0.18247,0.0332954
2740,41,-0.406031,0.164861
2740,42,-0.592334,0.35086
2740,43,-0.734143,0.538966
2740,44,-0.830262,0.689335
2740,45,-0.885263,0.78369
2740,46,-0.908234,0.824889
2740,47,-0.910765,0.829493
2740,48,-0.904499,0.818119
2740,49,-0.898775,0.807796
2740,50,-0.898774,0.807794
2740,51,-0.904499,0.818119
2740,52,-0.910763,0.829489
2740,53,-0.908231,0.824884
2740,54,-0.88526,0.783685
2740,55,-0.830259,0.68933
2740,56,-0.734143,0.538966
2740,57,-0.592334,0.35086
2740,58,-0.406029,0.16486
2740,59,-0.182472,0.0332959
2740,60,0.0658228,0.00433264
2740,61,0.322691,0.10413
2740,62,0.570668,0.325661
2740,63,0.793416,0.629509
2740,64,0.977994,0.956473
2740,65,1.11646,1.24648
2740,66,1.20657,1.4558
2740,67,1.25145,1.56612
2740,68,1.25838,1.58352
2740,69,1.23694,1.53001
2740,70,1.19677,1.43225
2740,71,1.14552,1.31222
2740,72,1.0873,1.18221
2740,73,1.0219,1.04429
2740,74,0.945102,0.893219
2740,75,0.849743,0.722064
2740,76,0.727628,0.529442
2740,77,0.571779,0.326931
2740,78,0.378615,0.143349
2740,79,0.149682,0.0224046
2740,80,-0.107403,0.0115355
2740,81,-0.379056,0.143683
2740,82,-0.646865,0.418434
2740,83,-0.889681,0.791532
2740,84,-1.08638,1.18021
2740,85,-1.21872,1.48528
2740,86,-1.2741,1.62333
2740,87,-1.24757,1.55643
2740,88,-1.14291,1.30625
2740,89,-0.972487,0.94573
2740,90,-0.755884,0.57136
2740,91,-0.517562,0.267871
2740,92,-0.283744,0.0805107
2740,93,-0.0790458,0.00624823
2740,94,0.076742,0.00588934
2740,95,0.171211,0.0293132
2740,96,0.200907,0.0403637
2740,97,0.171695,0.029479
2740,98,0.0978528,0.00957516
2740,99,0,0
2750,0,0,0
2750,1,-0.106983,0.0114453
2750,2,-0.185911,0.0345627
2750,3,-0.212824,0.0452942
2750,4,-0.171395,0.0293763
2750,5,-0.0553697,0.00306581
2750,6,0.130369,0.0169962
2750,7,0.370327,0.137142
2750,8,0.640402,0.410115
2750,9,0.911049,0.83001
2750,10,1.1512,1.32527
2750,11,1.3324,1.77528
2750,12,1.43241,2.0518
2750,13,1.43807,2.06806
2750,14,1.34676,1.81375
2750,15,1.16639,1.36046
2750,16,0.914031,0.835452
2750,17,0.613263,0.376091
2750,18,0.290778,0.0845521
2750,19,-0.027226,0.000741255
2750,20,-0.318362,0.101354
2750,21,-0.566592,0.321027
2750,22,-0.763597,0.583081
2750,23,-0.908847,0.826003
2750,24,-1.00837,1.01682
2750,25,-1.07266,1.1506
2750,26,-1.11389,1.24076
2750,27,-1.14316,1.30682
2750,28,-1.16811,1.36448
2750,29,-1.19141,1.41946
2750,30,-1.21035,1.46494
2750,31,-1.21749,1.48227
2750,32,-1.20241,1.44579
2750,33,-1.15402,1.33176
2750,34,-1.06308,1.13013
2750,35,-0.924455,0.854617
2750,36,-0.73869,0.545663
2750,37,-0.512493,0.262649
2750,38,-0.258173,0.0666535
2750,39,0.00793293,6.29313e-05
2750,40,0.267827,0.0717311
2750,41,0.504497,0.254517
2750,42,0.704392,0.496167
2750,43,0.859277,0.738357
2750,44,0.967157,0.935393
2750,45,1.03209,1.06521
2750,46,1.06292,1.1298
2750,47,1.07118,1.14743
2750,48,1.06861,1.14193
2750,49,1.06469,1.13357
2750,50,1.06469,1.13357
2750,51,1.06861,1.14193
2750,52,1.07118,1.14743
2750,53,1.06292,1.1298
2750,54,1.03209,1.06521
2750,55,0.967157,0.935393
2750,56,0.859276,0.738356
2750,57,0.704391,0.496167
2750,58,0.504496,0.254516
2750,59,0.267827,0.0717313
2750,60,0.00793308,6.29338e-05
2750,61,-0.258172,0.0666529
2750,62,-0.512494,0.26265
2750,63,-0.738693,0.545668
2750,64,-0.924453,0.854613
2750,65,-1.06308,1.13013
2750,66,-1.15402,1.33176
2750,67,-1.20241,1.44579
2750,68,-1.21748,1.48227
2750,69,-1.21034,1.46493
2750,70,-1.19141,1.41946
2750,71,-1.16811,1.36448
2750,72,-1.14316,1.30682
2750,73,-1.11389,1.24076
2750,74,-1.07266,1.15061
2750,75,-1.00838,1.01682
2750,76,-0.908844,0.825998
2750,77,-0.763597,0.58308
2750,78,-0.566592,0.321026
2750,79,-0.318363,0.101355
2750,80,-0.0272257,0.000741238
2750,81,0.290779,0.0845525
2750,82,0.613263,0.376091
2750,83,0.91403,0.835451
2750,84,1.16639,1.36046
2750,85,1.34675,1.81374
2750,86,1.43807,2.06805
2750,87,1.43241,2.0518
2750,88,1.3324,1.77528
2750,89,1.15121,1.32527
2750,90,0.911047,0.830006
2750,91,0.640402,0.410115
2750,92,0.370325,0.137141
2750,93,0.130369,0.0169962
2750,94,-0.0553677,0.00306558
2750,95,-0.171394,0.0293759
2750,96,-0.212824,0.0452942
2750,97,-0.18591,0.0345624
2750,98,-0.106985,0.0114458
2750,99,0,0
2760,0,0,0
2760,1,0.115773,0.0134033
2760,2,0.199541,0.0398167
2760,3,0.224092,0.0502171
2760,4,0.171091,0.0292722
2760,5,0.0339358,0.00115164
2760,6,-0.181098,0.0327963
2760,7,-0.455498,0.207479
2760,8,-0.760924,0.579005
2760,9,-1.063,1.12997
2760,10,-1.32593,1.75808
2760,11,-1.51727,2.3021
2760,12,-1.61226,2.59938
2760,13,-1.59699,2.55038
2760,14,-1.47002,2.16096
2760,15,-1.24224,1.54316
2760,16,-0.935119,0.874448
2760,17,-0.577483,0.333486
2760,18,-0.201482,0.040595
2760,19,0.161723,0.0261543
2760,20,0.48588,0.236079
2760,21,0.75257,0.566362
2760,22,0.952769,0.907768
2760,23,1.08694,1.18143
2760,24,1.16355,1.35385
2760,25,1.19655,1.43174
2760,26,1.20208,1.44501
2760,27,1.19514,1.42837
2760,28,1.18677,1.40842
2760,29,1.18211,1.39737
2760,30,1.1798,1.39192
2760,31,1.17266,1.37513
2760,32,1.14951,1.32136
2760,33,1.09774,1.20503
2760,34,1.00621,1.01246
2760,35,0.867846,0.753156
2760,36,0.681454,0.464379
2760,37,0.452532,0.204785
2760,38,0.192741,0.0371491
2760,39,-0.081669,0.00666982
2760,40,-0.35226,0.124087
2760,41,-0.601222,0.361467
2760,42,-0.814028,0.662641
2760,43,-0.981504,0.963351
2760,44,-1.10085,1.21186
2760,45,-1.17555,1.38193
2760,46,-1.21415,1.47417
2760,47,-1.2281,1.50824
2760,48,-1.22921,1.51096
2760,49,-1.22709,1.50574
2760,50,-1.22708,1.50573
2760,51,-1.22921,1.51097
2760,52,-1.2281,1.50824
2760,53,-1.21415,1.47417
2760,54,-1.17555,1.38193
2760,55,-1.10085,1.21187
2760,56,-0.981503,0.963349
2760,57,-0.814031,0.662646
2760,58,-0.60122,0.361465
2760,59,-0.352264,0.12409
2760,60,-0.0816713,0.0066702
2760,61,0.192739,0.0371484
2760,62,0.452531,0.204785
2760,63,0.681453,0.464378
2760,64,0.867844,0.753153
2760,65,1.00621,1.01246
2760,66,1.09774,1.20503
2760,67,1.14951,1.32136
2760,68,1.17266,1.37513
2760,69,1.1798,1.39192
2760,70,1.1821,1.39737
2760,71,1.18677,1.40842
2760,72,1.19514,1.42837
2760,73,1.20208,1.445
2760,74,1.19655,1.43174
2760,75,1.16355,1.35385
2760,76,1.08693,1.18142
2760,77,0.952772,0.907775
2760,78,0.752568,0.566359
2760,79,0.485881,0.236081
2760,80,0.161722,0.0261541
2760,81,-0.201484,0.0405957
2760,82,-0.577482,0.333486
2760,83,-0.93512,0.874449
2760,84,-1.24224,1.54316
2760,85,-1.47002,2.16096
2760,86,-1.59699,2.55039
2760,87,-1.61226,2.59937
2760,88,-1.51727,2.3021
2760,89,-1.32592,1.75808
2760,90,-1.063,1.12997
2760,91,-0.760924,0.579006
2760,92,-0.455498,0.207478
2760,93,-0.181099,0.0327967
2760,94,0.0339329,0.00115144
2760,95,0.171087,0.0292709
2760,96,0.224088,0.0502154
2760,97,0.199543,0.0398175
2760,98,0.115774,0.0134036
2760,99,0,0
2770,0,0,0
2770,1,-0.124165,0.0154171
2770,2,-0.212477,0.0451466
2770,3,-0.234563,0.0550196
2770,4,-0.170157,0.0289534
2770,5,-0.0123207,0.000151799
2770,6,0.231277,0.0534889
2770,7,0.539165,0.290699
2770,8,0.878888,0.772444
2770,9,1.21133,1.46732
2770,10,1.49609,2.23829
2770,11,1.69693,2.87957
2770,12,1.78662,3.192
2770,13,1.75051,3.06429
2770,14,1.58832,2.52276
2770,15,1.31389,1.72632
2770,16,0.953008,0.908224
2770,17,0.539661,0.291234
2770,18,0.111364,0.012402
2770,19,-0.295862,0.0875342
2770,20,-0.651949,0.425037
2770,21,-0.936147,0.876372
2770,22,-1.13882,1.2969
2770,23,-1.26142,1.59117
2770,24,-1.31486,1.72885
2770,25,-1.31648,1.73311
2770,26,-1.28631,1.65459
2770,27,-1.2432,1.54556
2770,28,-1.20152,1.44366
2770,29,-1.16888,1.36628
2770,30,-1.14529,1.31168
2770,31,-1.12384,1.26303
2770,32,-1.09265,1.19389
2770,33,-1.03767,1.07676
2770,34,-0.945884,0.894697
2770,35,-0.808274,0.653307
2770,36,-0.621948,0.38682
2770,37,-0.391106,0.152964
2770,38,-0.126718,0.0160574
2770,39,0.155078,0.024049
2770,40,0.435457,0.189623
2770,41,0.695878,0.484246
2770,42,0.92089,0.848038
2770,43,1.10039,1.21086
2770,44,1.23079,1.51485
2770,45,1.31503,1.72931
2770,46,1.3613,1.85314
2770,47,1.38095,1.90701
2770,48,1.38579,1.92041
2770,49,1.3855,1.91961
2770,50,1.3855,1.9196
2770,51,1.38579,1.9204
2770,52,1.38094,1.90701
2770,53,1.3613,1.85314
2770,54,1.31503,1.7293
2770,55,1.23079,1.51485
2770,56,1.10039,1.21085
2770,57,0.920893,0.848044
2770,58,0.695876,0.484243
2770,59,0.435457,0.189623
2770,60,0.155075,0.0240483
2770,61,-0.126718,0.0160574
2770,62,-0.391108,0.152966
2770,63,-0.621948,0.38682
2770,64,-0.808277,0.653312
2770,65,-0.945886,0.8947
2770,66,-1.03767,1.07676
2770,67,-1.09266,1.1939
2770,68,-1.12385,1.26303
2770,69,-1.14529,1.31169
2770,70,-1.16888,1.36628
2770,71,-1.20153,1.44367
2770,72,-1.24321,1.54556
2770,73,-1.28631,1.65459
2770,74,-1.31648,1.73311
2770,75,-1.31486,1.72885
2770,76,-1.26142,1.59117
2770,77,-1.13881,1.2969
2770,78,-0.936146,0.87637
2770,79,-0.651947,0.425035
2770,80,-0.29586,0.0875334
2770,81,0.111364,0.012402
2770,82,0.53966,0.291233
2770,83,0.953009,0.908227
2770,84,1.31389,1.72632
2770,85,1.58832,2.52277
2770,86,1.75051,3.06427
2770,87,1.78662,3.19199
2770,88,1.69693,2.87957
2770,89,1.49609,2.23829
2770,90,1.21133,1.46733
2770,91,0.878888,0.772443
2770,92,0.539168,0.290702
2770,93,0.231276,0.0534886
2770,94,-0.0123206,0.000151796
2770,95,-0.170157,0.0289533
2770,96,-0.234563,0.0550196
2770,97,-0.21248,0.0451478
2770,98,-0.124164,0.0154167
2770,99,0,0
2780,0,0,0
2780,1,0.132126,0.0174572
2780,2,0.224692,0.0504863
2780,3,0.244236,0.0596511
2780,4,0.168624,0.028434
2780,5,-0.00938516,8.80812e-05
2780,6,-0.280751,0.0788213
2780,7,-0.621117,0.385787
2780,8,-0.993983,0.988003
2780,9,-1.35567,1.83784
2780,10,-1.6613,2.75991
2780,11,-1.87092,3.50035
2780,12,-1.95495,3.82185
2780,13,-1.8981,3.60277
2780,14,-1.70122,2.89416
2780,15,-1.38106,1.90733
2780,16,-0.967638,0.936323
2780,17,-0.500003,0.250003
2780,18,-0.0208686,0.0004355
2780,19,0.428997,0.184039
2780,20,0.815815,0.665554
2780,21,1.11659,1.24676
2780,22,1.32105,1.74518
2780,23,1.43169,2.04975
2780,24,1.46178,2.1368
2780,25,1.43199,2.0506
2780,26,1.3662,1.86649
2780,27,1.28703,1.65646
2780,28,1.21215,1.46932
2780,29,1.15161,1.3262
2780,30,1.1068,1.22502
2780,31,1.07113,1.14732
2780,32,1.03201,1.06504
2780,33,0.974005,0.948685
2780,34,0.882301,0.778456
2780,35,0.745948,0.556438
2780,36,0.560331,0.31397
2780,37,0.328352,0.107815
2780,38,0.0602402,0.00362888
2780,39,-0.228021,0.0519936
2780,40,-0.517279,0.267577
2780,41,-0.788284,0.621392
2780,42,-1.02473,1.05008
2780,43,-1.21563,1.47777
2780,44,-1.35663,1.84044
2780,45,-1.45006,2.10267
2780,46,-1.50379,2.2614
2780,47,-1.52902,2.3379
2780,48,-1.53754,2.36402
2780,49,-1.53907,2.36873
2780,50,-1.53907,2.36873
2780,51,-1.53754,2.36402
2780,52,-1.52902,2.3379
2780,53,-1.5038,2.2614
2780,54,-1.45006,2.10267
2780,55,-1.35663,1.84043
2780,56,-1.21563,1.47776
2780,57,-1.02473,1.05008
2780,58,-0.788285,0.621393
2780,59,-0.517278,0.267577
2780,60,-0.228024,0.0519949
2780,61,0.0602383,0.00362865
2780,62,0.328348,0.107812
2780,63,0.560328,0.313968
2780,64,0.745947,0.556436
2780,65,0.882299,0.778451
2780,66,0.974004,0.948684
2780,67,1.03201,1.06504
2780,68,1.07113,1.14731
2780,69,1.1068,1.22501
2780,70,1.15161,1.3262
2780,71,1.21216,1.46932
2780,72,1.28703,1.65645
2780,73,1.3662,1.86649
2780,74,1.43199,2.0506
2780,75,1.46178,2.1368
2780,76,1.43169,2.04975
2780,77,1.32105,1.74518
2780,78,1.11658,1.24676
2780,79,0.815814,0.665552
2780,80,0.428997,0.184038
2780,81,-0.0208677,0.000435461
2780,82,-0.500003,0.250003
2780,83,-0.967636,0.93632
2780,84,-1.38106,1.90733
2780,85,-1.70122,2.89416
2780,86,-1.8981,3.60277
2780,87,-1.95496,3.82185
2780,88,-1.87092,3.50035
2780,89,-1.6613,2.75991
2780,90,-1.35567,1.83783
2780,91,-0.993984,0.988005
2780,92,-0.621116,0.385786
2780,93,-0.280753,0.0788222
2780,94,-0.00938728,8.81211e-05
2780,95,0.168623,0.0284338
2780,96,0.244236,0.059651
2780,97,0.224693,0.0504868
2780,98,0.132125,0.0174571
2780,99,0,0
2790,0,0,0
2790,1,-0.139626,0.0194954
2790,2,-0.236106,0.0557462
2790,3,-0.253029,0.0640238
2790,4,-0.166467,0.0277112
2790,5,0.0311045,0.00096749
2790,6,0.32931,0.108445
2790,7,0.700984,0.491378
2790,8,1.10573,1.22264
2790,9,1.49544,2.23635
2790,10,1.82091,3.31572
2790,11,2.03862,4.15596
2790,12,2.1167,4.48042
2790,13,2.03925,4.15854
2790,14,1.80834,3.27009
2790,15,1.44352,2.08376
2790,16,0.978973,0.958388
2790,17,0.458644,0.210354
2790,18,-0.0696807,0.00485541
2790,19,-0.560639,0.314316
2790,20,-0.976874,0.954282
2790,21,-1.29321,1.67238
2790,22,-1.49881,2.24642
2790,23,-1.59713,2.55081
2790,24,-1.60375,2.57201
2790,25,-1.54264,2.37975
2790,26,-1.44142,2.07769
2790,27,-1.32645,1.75947
2790,28,-1.21862,1.48503
2790,29,-1.13037,1.27774
2790,30,-1.06451,1.13318
2790,31,-1.01473,1.02968
2790,32,-0.967823,0.936682
2790,33,-0.906989,0.822629
2790,34,-0.815636,0.665263
2790,35,-0.680954,0.463699
2790,36,-0.496639,0.24665
2790,37,-0.264312,0.069861
2790,38,0.0065767,4.3253e-05
2790,39,0.300276,0.0901657
2790,40,0.597378,0.356861
2790,41,0.878036,0.770946
2790,42,1.12512,1.2659
2790,43,1.32678,1.76034
2790,44,1.47788,2.18413
2790,45,1.58019,2.49699
2790,46,1.64118,2.69347
2790,47,1.67186,2.79513
2790,48,1.68399,2.83582
2790,49,1.68731,2.84702
2790,50,1.68731,2.84701
2790,51,1.68399,2.83583
2790,52,1.67186,2.79512
2790,53,1.64118,2.69347
2790,54,1.58019,2.49699
2790,55,1.47788,2.18414
2790,56,1.32678,1.76034
2790,57,1.12512,1.2659
2790,58,0.878036,0.770947
2790,59,0.597379,0.356862
2790,60,0.300276,0.0901656
2790,61,0.00657585,4.32418e-05
2790,62,-0.264312,0.0698608
2790,63,-0.496636,0.246648
2790,64,-0.680952,0.463695
2790,65,-0.815635,0.66526
2790,66,-0.906989,0.822628
2790,67,-0.967822,0.93668
2790,68,-1.01473,1.02968
2790,69,-1.06451,1.13318
2790,70,-1.13037,1.27775
2790,71,-1.21862,1.48503
2790,72,-1.32645,1.75947
2790,73,-1.44142,2.0777
2790,74,-1.54264,2.37974
2790,75,-1.60375,2.572
2790,76,-1.59712,2.5508
2790,77,-1.49881,2.24642
2790,78,-1.29321,1.67239
2790,79,-0.976872,0.954279
2790,80,-0.56064,0.314317
2790,81,-0.0696834,0.00485578
2790,82,0.458644,0.210354
2790,83,0.978972,0.958386
2790,84,1.44353,2.08377
2790,85,1.80834,3.27009
2790,86,2.03925,4.15854
2790,87,2.1167,4.48041
2790,88,2.03862,4.15595
2790,89,1.82092,3.31573
2790,90,1.49544,2.23635
2790,91,1.10573,1.22264
2790,92,0.700986,0.491381
2790,93,0.329313,0.108447
2790,94,0.031103,0.000967396
2790,95,-0.166468,0.0277116
2790,96,-0.253027,0.0640225
2790,97,-0.236104,0.0557452
2790,98,-0.139624,0.019495
2790,99,0,0
2800,0,0,0
2800,1,0.146632,0.0215009
2800,2,0.246688,0.0608548
2800,3,0.260932,0.0680857
2800,4,0.163724,0.0268056
2800,5,-0.0527302,0.00278047
2800,6,-0.37675,0.141941
2800,7,-0.778444,0.605976
2800,8,-1.21367,1.47301
2800,9,-1.63007,2.65712
2800,10,-1.97426,3.89769
2800,11,-2.19931,4.83695
2800,12,-2.2712,5.15836
2800,13,-2.17347,4.72399
2800,14,-1.90936,3.64565
2800,15,-1.50117,2.25352
2800,16,-0.987087,0.97434
2800,17,-0.415834,0.172918
2800,18,0.159904,0.0255692
2800,19,0.690305,0.476521
2800,20,1.13457,1.28724
2800,21,1.46542,2.14746
2800,22,1.67147,2.79381
2800,23,1.75714,3.08753
2800,24,1.74028,3.02859
2800,25,1.64808,2.71618
2800,26,1.51179,2.28552
2800,27,1.36141,1.85345
2800,28,1.22099,1.49082
2800,29,1.10533,1.22176
2800,30,1.01861,1.03757
2800,31,0.954883,0.911801
2800,32,0.900344,0.81062
2800,33,0.836914,0.700425
2800,34,0.746268,0.556916
2800,35,0.613762,0.376704
2800,36,0.431408,0.186113
2800,37,0.199521,0.0398086
2800,38,-0.0732469,0.00536511
2800,39,-0.371419,0.137952
2800,40,-0.675391,0.456153
2800,41,-0.964759,0.930761
2800,42,-1.22163,1.49238
2800,43,-1.43334,2.05446
2800,44,-1.59402,2.5409
2800,45,-1.70485,2.9065
2800,46,-1.77289,3.14315
2800,47,-1.80894,3.27226
2800,48,-1.82465,3.32936
2800,49,-1.82977,3.34805
2800,50,-1.82977,3.34804
2800,51,-1.82466,3.32937
2800,52,-1.80894,3.27226
2800,53,-1.77289,3.14315
2800,54,-1.70485,2.9065
2800,55,-1.59402,2.5409
2800,56,-1.43334,2.05446
2800,57,-1.22163,1.49238
2800,58,-0.964758,0.930757
2800,59,-0.67539,0.456152
2800,60,-0.371419,0.137952
2800,61,-0.0732477,0.00536523
2800,62,0.19952,0.0398083
2800,63,0.431406,0.186111
2800,64,0.61376,0.376702
2800,65,0.746271,0.556921
2800,66,0.836913,0.700423
2800,67,0.900345,0.810621
2800,68,0.954881,0.911798
2800,69,1.01861,1.03757
2800,70,1.10533,1.22176
2800,71,1.22099,1.49083
2800,72,1.36142,1.85345
2800,73,1.5118,2.28553
2800,74,1.64809,2.71619
2800,75,1.74029,3.0286
2800,76,1.75714,3.08753
2800,77,1.67147,2.79381
2800,78,1.46542,2.14746
2800,79,1.13457,1.28724
2800,80,0.690304,0.476519
2800,81,0.159904,0.0255693
2800,82,-0.415832,0.172917
2800,83,-0.987085,0.974338
2800,84,-1.50117,2.25351
2800,85,-1.90936,3.64565
2800,86,-2.17347,4.72398
2800,87,-2.2712,5.15836
2800,88,-2.19931,4.83695
2800,89,-1.97426,3.89769
2800,90,-1.63007,2.65712
2800,91,-1.21368,1.47301
2800,92,-0.778442,0.605972
2800,93,-0.376751,0.141941
2800,94,-0.0527322,0.00278068
2800,95,0.163724,0.0268054
2800,96,0.260932,0.0680856
2800,97,0.246687,0.0608547
2800,98,0.14663,0.0215004
2800,99,0,0
2810,0,0,0
2810,1,-0.153151,0.0234553
2810,2,-0.25645,0.0657664
2810,3,-0.267967,0.0718062
2810,4,-0.160447,0.0257432
2810,5,0.0741415,0.00549696
2810,6,0.42286,0.17881
2810,7,0.853222,0.727989
2810,8,1.31747,1.73572
2810,9,1.75912,3.09451
2810,10,2.12088,4.49811
2810,11,2.35254,5.53445
2810,12,2.41804,5.84692
2810,13,2.3004,5.29185
2810,14,2.004,4.01603
2810,15,1.55384,2.41443
2810,16,0.991966,0.983996
2810,17,0.371697,0.138159
2810,18,-0.249525,0.0622627
2810,19,-0.817594,0.66846
2810,20,-1.28839,1.65994
2810,21,-1.63264,2.6655
2810,22,-1.83843,3.37983
2810,23,-1.91116,3.65254
2810,24,-1.8709,3.50028
2810,25,-1.74794,3.0553
2810,26,-1.57708,2.48719
2810,27,-1.39184,1.93721
2810,28,-1.21933,1.48675
2810,29,-1.07668,1.15924
2810,30,-0.969413,0.939762
2810,31,-0.89195,0.795574
2810,32,-0.829963,0.688839
2810,33,-0.764138,0.583906
2810,34,-0.674499,0.454948
2810,35,-0.544597,0.296585
2810,36,-0.364807,0.133084
2810,37,-0.134138,0.0179931
2810,38,0.139596,0.0194871
2810,39,0.441254,0.194705
2810,40,0.751088,0.564133
2810,41,1.0482,1.09873
2810,42,1.31401,1.72663
2810,43,1.53508,2.35646
2810,44,1.70481,2.90637
2810,45,1.8238,3.32623
2810,46,1.89869,3.60502
2810,47,1.94,3.76361
2810,48,1.95927,3.83874
2810,49,1.96616,3.86579
2810,50,1.96616,3.86578
2810,51,1.95927,3.83873
2810,52,1.94,3.76361
2810,53,1.89869,3.60502
2810,54,1.8238,3.32623
2810,55,1.70481,2.90637
2810,56,1.53508,2.35646
2810,57,1.31401,1.72663
2810,58,1.0482,1.09873
2810,59,0.751086,0.56413
2810,60,0.441252,0.194704
2810,61,0.139598,0.0194875
2810,62,-0.134138,0.0179929
2810,63,-0.364806,0.133083
2810,64,-0.5446,0.296589
2810,65,-0.674498,0.454947
2810,66,-0.764141,0.583911
2810,67,-0.829964,0.68884
2810,68,-0.891951,0.795576
2810,69,-0.969417,0.93977
2810,70,-1.07668,1.15924
2810,71,-1.21933,1.48676
2810,72,-1.39184,1.93722
2810,73,-1.57709,2.4872
2810,74,-1.74794,3.0553
2810,75,-1.87091,3.50029
2810,76,-1.91116,3.65253
2810,77,-1.83843,3.37983
2810,78,-1.63263,2.66549
2810,79,-1.28839,1.65995
2810,80,-0.817594,0.66846
2810,81,-0.249525,0.0622628
2810,82,0.371699,0.13816
2810,83,0.991967,0.983998
2810,84,1.55384,2.41443
2810,85,2.004,4.01603
2810,86,2.3004,5.29185
2810,87,2.41804,5.84692
2810,88,2.35254,5.53444
2810,89,2.12088,4.49812
2810,90,1.75912,3.09451
2810,91,1.31747,1.73572
2810,92,0.853223,0.727989
2810,93,0.422859,0.178809
2810,94,0.0741416,0.00549698
2810,95,-0.160445,0.0257425
2810,96,-0.267968,0.0718068
2810,97,-0.25645,0.0657665
2810,98,-0.153152,0.0234555
2810,99,0,0
2820,0,0,0
2820,1,0.159148,0.025328
2820,2,0.265347,0.0704091
2820,3,0.274115,0.0751392
2820,4,0.156666,0.0245442
2820,5,-0.0952426,0.00907115
2820,6,-0.467472,0.21853
2820,7,-0.925034,0.855688
2820,8,-1.41673,2.00713
2820,9,-1.8822,3.54268
2820,10,-2.26033,5.10909
2820,11,-2.49784,6.23919
2820,12,-2.55673,6.53688
2820,13,-2.41959,5.8544
2820,14,-2.09191,4.3761
2820,15,-1.60129,2.56413
2820,16,-0.993538,0.987117
2820,17,-0.326389,0.106529
2820,18,0.338183,0.114368
2820,19,0.941994,0.887353
2820,20,1.43774,2.0671
2820,21,1.79423,3.21928
2820,22,1.99912,3.99648
2820,23,2.0587,4.23824
2820,24,1.99519,3.9808
2820,25,1.84189,3.39255
2820,26,1.63703,2.67986
2820,27,1.41754,2.00942
2820,28,1.21354,1.47267
2820,29,1.0444,1.09078
2820,30,0.917004,0.840896
2820,31,0.826109,0.682456
2820,32,0.756911,0.572914
2820,33,0.688913,0.474601
2820,34,0.600554,0.360665
2820,35,0.473674,0.224367
2820,36,0.297032,0.088228
2820,37,0.0683554,0.00467246
2820,38,-0.205417,0.0421961
2820,39,-0.509511,0.259602
2820,40,-0.824153,0.679229
2820,41,-1.12802,1.27244
2820,42,-1.40191,1.96535
2820,43,-1.63163,2.66223
2820,44,-1.80991,3.27576
2820,45,-1.93669,3.75078
2820,46,-2.0182,4.07311
2820,47,-2.06463,4.26269
2820,48,-2.08737,4.35712
2820,49,-2.09601,4.39327
2820,50,-2.09602,4.39329
2820,51,-2.08737,4.35712
2820,52,-2.06463,4.26269
2820,53,-2.01819,4.07311
2820,54,-1.93669,3.75078
2820,55,-1.80991,3.27576
2820,56,-1.63164,2.66223
2820,57,-1.40191,1.96534
2820,58,-1.12803,1.27244
2820,59,-0.824153,0.679227
2820,60,-0.509514,0.259604
2820,61,-0.205415,0.0421954
2820,62,0.0683514,0.00467191
2820,63,0.297031,0.0882273
2820,64,0.473673,0.224366
2820,65,0.600553,0.360664
2820,66,0.688913,0.474601
2820,67,0.756909,0.572912
2820,68,0.826109,0.682457
2820,69,0.917002,0.840893
2820,70,1.04441,1.09078
2820,71,1.21354,1.47268
2820,72,1.41754,2.00942
2820,73,1.63703,2.67986
2820,74,1.84189,3.39255
2820,75,1.9952,3.98081
2820,76,2.0587,4.23824
2820,77,1.99912,3.99648
2820,78,1.79424,3.21929
2820,79,1.43774,2.06709
2820,80,0.941993,0.887351
2820,81,0.338183,0.114368
2820,82,-0.32639,0.10653
2820,83,-0.993538,0.987118
2820,84,-1.60129,2.56414
2820,85,-2.09191,4.37609
2820,86,-2.41959,5.85441
2820,87,-2.55673,6.53688
2820,88,-2.49784,6.2392
2820,89,-2.26033,5.10909
2820,90,-1.8822,3.54269
2820,91,-1.41673,2.00713
2820,92,-0.925035,0.85569
2820,93,-0.467472,0.21853
2820,94,-0.0952402,0.00907069
2820,95,0.156667,0.0245445
2820,96,0.274117,0.0751404
2820,97,0.265347,0.0704091
2820,98,0.15915,0.0253287
2820,99,0,0
2830,0,0,0
2830,1,-0.164645,0.0271079
2830,2,-0.273411,0.0747538
2830,3,-0.279405,0.0780674
2830,4,-0.152403,0.0232266
2830,5,0.116007,0.0134576
2830,6,0.510508,0.260619
2830,7,0.993734,0.987508
2830,8,1.51123,2.2838
2830,9,1.99891,3.99566
2830,10,2.39212,5.72222
2830,11,2.63465,6.94136
2830,12,2.68672,7.21849
2830,13,2.53054,6.40361
2830,14,2.1727,4.72061
2830,15,1.64329,2.70041
2830,16,0.991728,0.983524
2830,17,0.279955,0.0783749
2830,18,-0.425736,0.181251
2830,19,-1.06325,1.1305
2830,20,-1.58227,2.50356
2830,21,-1.94979,3.80168
2830,22,-2.15304,4.63557
2830,23,-2.19924,4.83666
2830,24,-2.11269,4.46346
2830,25,-1.92956,3.72319
2830,26,-1.69138,2.86077
2830,27,-1.43839,2.06897
2830,28,-1.20358,1.44859
2830,29,-1.00851,1.0171
2830,30,-0.861386,0.741985
2830,31,-0.757369,0.573609
2830,32,-0.681202,0.464036
2830,33,-0.611273,0.373655
2830,34,-0.52453,0.275132
2830,35,-0.401138,0.160912
2830,36,-0.228268,0.0521065
2830,37,-0.00235183,5.53111e-06
2830,38,0.270545,0.0731948
2830,39,0.576089,0.331878
2830,40,0.894482,0.800098
2830,41,1.20408,1.44981
2830,42,1.4851,2.20551
2830,43,1.72267,2.9676
2830,44,1.90883,3.64362
2830,45,2.04296,4.17368
2830,46,2.13079,4.54028
2830,47,2.18223,4.76212
2830,48,2.20841,4.87705
2830,49,2.21879,4.92303
2830,50,2.21879,4.92303
2830,51,2.2084,4.87705
2830,52,2.18223,4.76211
2830,53,2.13079,4.54029
2830,54,2.04296,4.17367
2830,55,1.90883,3.64363
2830,56,1.72267,2.96759
2830,57,1.4851,2.20552
2830,58,1.20408,1.44982
2830,59,0.894483,0.8001
2830,60,0.576088,0.331877
2830,61,0.270547,0.0731955
2830,62,-0.00235199,5.53187e-06
2830,63,-0.22827,0.0521072
2830,64,-0.401136,0.16091
2830,65,-0.524528,0.27513
2830,66,-0.611273,0.373655
2830,67,-0.681199,0.464033
2830,68,-0.757372,0.573612
2830,69,-0.861384,0.741983
2830,70,-1.00851,1.0171
2830,71,-1.20357,1.44859
2830,72,-1.43839,2.06897
2830,73,-1.69138,2.86077
2830,74,-1.92956,3.72319
2830,75,-2.11269,4.46347
2830,76,-2.19924,4.83666
2830,77,-2.15304,4.63557
2830,78,-1.94979,3.80168
2830,79,-1.58226,2.50356
2830,80,-1.06325,1.13051
2830,81,-0.425738,0.181253
2830,82,0.279954,0.0783743
2830,83,0.991727,0.983522
2830,84,1.64329,2.70042
2830,85,2.17269,4.7206
2830,86,2.53054,6.40361
2830,87,2.68672,7.21848
2830,88,2.63464,6.94135
2830,89,2.39211,5.72221
2830,90,1.99891,3.99565
2830,91,1.51123,2.2838
2830,92,0.993736,0.987512
2830,93,0.510508,0.260618
2830,94,0.116008,0.0134579
2830,95,-0.1524,0.0232256
2830,96,-0.279403,0.0780662
2830,97,-0.273411,0.0747534
2830,98,-0.164645,0.0271081
2830,99,0,0
2840,0,0,0
2840,1,0.169585,0.0287592
2840,2,0.280545,0.0787057
2840,3,0.283753,0.0805156
2840,4,0.14765,0.0218007
2840,5,-0.136319,0.0185829
2840,6,-0.551743,0.30442
2840,7,-1.059,1.12148
2840,8,-1.60053,2.5617
2840,9,-2.1088,4.44705
2840,10,-2.51577,6.3291
2840,11,-2.76252,7.63153
2840,12,-2.80761,7.88268
2840,13,-2.63289,6.93213
2840,14,-2.24608,5.04488
2840,15,-1.67967,2.82129
2840,16,-0.986467,0.973118
2840,17,-0.232461,0.054038
2840,18,0.511958,0.262101
2840,19,1.18101,1.39478
2840,20,1.72151,2.96359
2840,21,2.09879,4.40494
2840,22,2.29969,5.28856
2840,23,2.33233,5.43977
2840,24,2.22301,4.94177
2840,25,2.01065,4.04272
2840,26,1.73996,3.02747
2840,27,1.45431,2.11502
2840,28,1.18948,1.41486
2840,29,0.969147,0.939246
2840,30,0.802778,0.644452
2840,31,0.685969,0.470553
2840,32,0.603076,0.363701
2840,33,0.531474,0.282465
2840,34,0.446644,0.199491
2840,35,0.32716,0.107034
2840,36,0.158663,0.0251741
2840,37,-0.0637081,0.00405872
2840,38,-0.334789,0.112084
2840,39,-0.640718,0.410519
2840,40,-0.961766,0.924993
2840,41,-1.27603,1.62826
2840,42,-1.56321,2.44364
2840,43,-1.80784,3.26829
2840,44,-2.00129,4.00516
2840,45,-2.14234,4.58961
2840,46,-2.23622,5.00067
2840,47,-2.29245,5.25535
2840,48,-2.32194,5.39143
2840,49,-2.33403,5.44768
2840,50,-2.33403,5.44768
2840,51,-2.32195,5.39144
2840,52,-2.29245,5.25535
2840,53,-2.23622,5.00067
2840,54,-2.14234,4.58961
2840,55,-2.00129,4.00516
2840,56,-1.80784,3.26829
2840,57,-1.56321,2.44364
2840,58,-1.27603,1.62825
2840,59,-0.961765,0.924992
2840,60,-0.640715,0.410516
2840,61,-0.334788,0.112083
2840,62,-0.0637063,0.0040585
2840,63,0.158664,0.0251743
2840,64,0.327161,0.107034
2840,65,0.446647,0.199493
2840,66,0.531472,0.282462
2840,67,0.603077,0.363702
2840,68,0.685969,0.470554
2840,69,0.802777,0.644451
2840,70,0.969146,0.939243
2840,71,1.18948,1.41485
2840,72,1.45431,2.11503
2840,73,1.73996,3.02746
2840,74,2.01065,4.04272
2840,75,2.22301,4.94177
2840,76,2.33233,5.43977
2840,77,2.29969,5.28858
2840,78,2.09879,4.40493
2840,79,1.72151,2.9636
2840,80,1.18101,1.39478
2840,81,0.511961,0.262104
2840,82,-0.23246,0.0540375
2840,83,-0.986468,0.973119
2840,84,-1.67967,2.82128
2840,85,-2.24608,5.04487
2840,86,-2.63289,6.93213
2840,87,-2.80761,7.88268
2840,88,-2.76252,7.63153
2840,89,-2.51577,6.3291
2840,90,-2.1088,4.44705
2840,91,-1.60053,2.56171
2840,92,-1.059,1.12148
2840,93,-0.551743,0.30442
2840,94,-0.13632,0.0185831
2840,95,0.14765,0.0218006
2840,96,0.283752,0.080515
2840,97,0.280547,0.0787065
2840,98,0.169588,0.02876
2840,99,0,0
2850,0,0,0
2850,1,-0.173943,0.0302562
2850,2,-0.286719,0.0822076
2850,3,-0.287115,0.0824352
2850,4,-0.142358,0.0202659
2850,5,0.156236,0.0244098
2850,6,0.591201,0.349518
2850,7,1.12079,1.25618
2850,8,1.68454,2.83769
2850,9,2.21166,4.89143
2850,10,2.63098,6.92206
2850,11,2.88108,8.30063
2850,12,2.91898,8.52045
2850,13,2.72628,7.4326
2850,14,2.31177,5.34426
2850,15,1.71023,2.92489
2850,16,0.977738,0.955971
2850,17,0.184051,0.0338749
2850,18,-0.596564,0.355888
2850,19,-1.29486,1.67665
2850,20,-1.85501,3.44106
2850,21,-2.24079,5.02114
2850,22,-2.43867,5.94713
2850,23,-2.45766,6.04008
2850,24,-2.32593,5.40996
2850,25,-2.08506,4.34746
2850,26,-1.78275,3.1782
2850,27,-1.46539,2.14736
2850,28,-1.1714,1.37218
2850,29,-0.926521,0.858441
2850,30,-0.741454,0.549754
2850,31,-0.612231,0.374826
2850,32,-0.522864,0.273387
2850,33,-0.449786,0.202308
2850,34,-0.367137,0.13479
2850,35,-0.251954,0.0634809
2850,36,-0.0883951,0.00781369
2850,37,0.129655,0.0168104
2850,38,0.397962,0.158374
2850,39,0.703206,0.494499
2850,40,1.0258,1.05226
2850,41,1.34364,1.80537
2850,42,1.63601,2.67654
2850,43,1.88686,3.56023
2850,44,2.08692,4.35524
2850,45,2.23439,4.99249
2850,46,2.33399,5.44751
2850,47,2.39484,5.73527
2850,48,2.42755,5.89302
2850,49,2.44129,5.95989
2850,50,2.44129,5.95988
2850,51,2.42756,5.89303
2850,52,2.39484,5.73526
2850,53,2.33399,5.44751
2850,54,2.23439,4.9925
2850,55,2.08692,4.35524
2850,56,1.88686,3.56025
2850,57,1.63601,2.67654
2850,58,1.34364,1.80537
2850,59,1.0258,1.05226
2850,60,0.703204,0.494496
2850,61,0.397961,0.158373
2850,62,0.129652,0.0168097
2850,63,-0.0883961,0.00781387
2850,64,-0.251954,0.0634811
2850,65,-0.367139,0.134791
2850,66,-0.449789,0.20231
2850,67,-0.522865,0.273387
2850,68,-0.612229,0.374824
2850,69,-0.741454,0.549755
2850,70,-0.92652,0.85844
2850,71,-1.1714,1.37218
2850,72,-1.46539,2.14736
2850,73,-1.78275,3.17819
2850,74,-2.08505,4.34745
2850,75,-2.32593,5.40997
2850,76,-2.45766,6.04009
2850,77,-2.43867,5.94713
2850,78,-2.24079,5.02113
2850,79,-1.85501,3.44105
2850,80,-1.29486,1.67666
2850,81,-0.596563,0.355888
2850,82,0.184049,0.0338741
2850,83,0.977734,0.955965
2850,84,1.71023,2.92489
2850,85,2.31177,5.34426
2850,86,2.72628,7.4326
2850,87,2.91898,8.52046
2850,88,2.88108,8.30063
2850,89,2.63098,6.92208
2850,90,2.21166,4.89143
2850,91,1.68454,2.83769
2850,92,1.12079,1.25618
2850,93,0.591201,0.349519
2850,94,0.156235,0.0244093
2850,95,-0.142359,0.0202661
2850,96,-0.287116,0.0824357
2850,97,-0.286719,0.0822076
2850,98,-0.173944,0.0302566
2850,99,0,0
2860,0,0,0
2860,1,0.177706,0.0315796
2860,2,0.291906,0.0852093
2860,3,0.289488,0.0838031
2860,4,0.13655,0.018646
2860,5,-0.175684,0.0308649
2860,6,-0.628736,0.395309
2860,7,-1.17887,1.38973
2860,8,-1.76294,3.10794
2860,9,-2.30712,5.32282
2860,10,-2.73739,7.49333
2860,11,-2.99001,8.94016
2860,12,-3.02061,9.1241
2860,13,-2.8106,7.89946
2860,14,-2.36978,5.61585
2860,15,-1.73514,3.0107
2860,16,-0.965789,0.932749
2860,17,-0.135069,0.0182438
2860,18,0.679145,0.461237
2860,19,1.40436,1.97223
2860,20,1.98229,3.92946
2860,21,2.37524,5.64178
2860,22,2.56943,6.60196
2860,23,2.57468,6.629
2860,24,2.42099,5.8612
2860,25,2.15241,4.63286
2860,26,1.81951,3.31062
2860,27,1.47152,2.16536
2860,28,1.14937,1.32105
2860,29,0.880748,0.775716
2860,30,0.677595,0.459135
2860,31,0.536378,0.287701
2860,32,0.440837,0.194338
2860,33,0.366533,0.134346
2860,34,0.286349,0.0819955
2860,35,0.175866,0.0309289
2860,36,0.017817,0.000317445
2860,37,-0.195171,0.0380919
2860,38,-0.459799,0.211415
2860,39,-0.763318,0.582655
2860,40,-1.08636,1.18018
2860,41,-1.40672,1.97885
2860,42,-1.70328,2.90117
2860,43,-1.95948,3.83957
2860,44,-2.16548,4.6893
2860,45,-2.31887,5.37716
2860,46,-2.42386,5.8751
2860,47,-2.48913,6.19576
2860,48,-2.52497,6.37546
2860,49,-2.54031,6.45319
2860,50,-2.54031,6.45319
2860,51,-2.52497,6.37546
2860,52,-2.48913,6.19576
2860,53,-2.42386,5.8751
2860,54,-2.31887,5.37717
2860,55,-2.16548,4.68931
2860,56,-1.95948,3.83958
2860,57,-1.70328,2.90118
2860,58,-1.40672,1.97885
2860,59,-1.08636,1.18018
2860,60,-0.763317,0.582653
2860,61,-0.4598,0.211416
2860,62,-0.195173,0.0380924
2860,63,0.0178186,0.000317503
2860,64,0.175868,0.0309297
2860,65,0.286348,0.081995
2860,66,0.366536,0.134348
2860,67,0.440836,0.194336
2860,68,0.536381,0.287704
2860,69,0.677595,0.459135
2860,70,0.880749,0.775719
2860,71,1.14937,1.32105
2860,72,1.47151,2.16535
2860,73,1.81951,3.31061
2860,74,2.15241,4.63286
2860,75,2.42099,5.8612
2860,76,2.57469,6.62901
2860,77,2.56943,6.60196
2860,78,2.37524,5.64179
2860,79,1.98229,3.92945
2860,80,1.40436,1.97223
2860,81,0.679145,0.461238
2860,82,-0.135067,0.0182431
2860,83,-0.965789,0.932748
2860,84,-1.73513,3.01069
2860,85,-2.36978,5.61584
2860,86,-2.8106,7.89945
2860,87,-3.02061,9.12411
2860,88,-2.99001,8.94015
2860,89,-2.7374,7.49334
2860,90,-2.30712,5.32282
2860,91,-1.76294,3.10794
2860,92,-1.17887,1.38974
2860,93,-0.628735,0.395307
2860,94,-0.175684,0.0308649
2860,95,0.13655,0.0186458
2860,96,0.28949,0.0838045
2860,97,0.291906,0.0852094
2860,98,0.177707,0.0315799
2860,99,0,0
2870,0,0,0
2870,1,-0.180867,0.032713
2870,2,-0.296115,0.0876838
2870,3,-0.290898,0.0846218
2870,4,-0.130304,0.0169792
2870,5,0.194499,0.0378297
2870,6,0.664097,0.441025
2870,7,1.23293,1.52012
2870,8,1.83536,3.36856
2870,9,2.39481,5.73511
2870,10,2.83459,8.03488
2870,11,3.08886,9.54105
2870,12,3.11206,9.68493
2870,13,2.88544,8.32576
2870,14,2.41982,5.85554
2870,15,1.75424,3.07734
2870,16,0.950671,0.903775
2870,17,0.0857555,0.007354
2870,18,-0.759287,0.576516
2870,19,-1.50898,2.27703
2870,20,-2.10274,4.42151
2870,21,-2.50157,6.25784
2870,22,-2.69142,7.24372
2870,23,-2.68294,7.19816
2870,24,-2.50781,6.2891
2870,25,-2.21244,4.89488
2870,26,-1.85008,3.42279
2870,27,-1.47263,2.16862
2870,28,-1.12341,1.26205
2870,29,-0.831975,0.692182
2870,30,-0.611438,0.373856
2870,31,-0.458727,0.21043
2870,32,-0.357353,0.127701
2870,33,-0.282093,0.0795762
2870,34,-0.204651,0.0418822
2870,35,-0.0992409,0.00984876
2870,36,0.0527851,0.00278626
2870,37,0.260008,0.0676044
2870,38,0.520075,0.270478
2870,39,0.820852,0.673798
2870,40,1.14325,1.30703
2870,41,1.46501,2.14626
2870,42,1.76475,3.11435
2870,43,2.02544,4.1024
2870,44,2.23667,5.00268
2870,45,2.39547,5.73828
2870,46,2.5055,6.27755
2870,47,2.57498,6.63051
2870,48,2.61383,6.8321
2870,49,2.63074,6.9208
2870,50,2.63074,6.92081
2870,51,2.61383,6.83209
2870,52,2.57498,6.63051
2870,53,2.5055,6.27753
2870,54,2.39547,5.73828
2870,55,2.23667,5.00269
2870,56,2.02544,4.10239
2870,57,1.76475,3.11434
2870,58,1.46501,2.14626
2870,59,1.14325,1.30702
2870,60,0.820852,0.673797
2870,61,0.520073,0.270475
2870,62,0.260008,0.0676041
2870,63,0.0527839,0.00278614
2870,64,-0.0992414,0.00984885
2870,65,-0.204653,0.0418829
2870,66,-0.282094,0.0795769
2870,67,-0.357353,0.127701
2870,68,-0.458727,0.21043
2870,69,-0.611439,0.373857
2870,70,-0.831976,0.692184
2870,71,-1.12341,1.26206
2870,72,-1.47263,2.16863
2870,73,-1.85008,3.42279
2870,74,-2.21244,4.89488
2870,75,-2.50781,6.28909
2870,76,-2.68294,7.19814
2870,77,-2.69142,7.24372
2870,78,-2.50156,6.25782
2870,79,-2.10274,4.42152
2870,80,-1.50898,2.27702
2870,81,-0.759287,0.576517
2870,82,0.0857551,0.00735394
2870,83,0.950671,0.903775
2870,84,1.75424,3.07735
2870,85,2.41982,5.85554
2870,86,2.88544,8.32576
2870,87,3.11206,9.68492
2870,88,3.08886,9.54105
2870,89,2.83459,8.03488
2870,90,2.39481,5.7351
2870,91,1.83536,3.36855
2870,92,1.23293,1.52011
2870,93,0.664097,0.441025
2870,94,0.1945,0.0378304
2870,95,-0.130303,0.0169789
2870,96,-0.290898,0.0846218
2870,97,-0.296115,0.0876842
2870,98,-0.180868,0.0327133
2870,99,0,0
2880,0,0,0
2880,1,0.183431,0.0336469
2880,2,0.299341,0.0896049
2880,3,0.291332,0.0848745
2880,4,0.12362,0.0152819
2880,5,-0.212663,0.0452258
2880,6,-0.697219,0.486115
2880,7,-1.28281,1.64559
2880,8,-1.90153,3.61581
2880,9,-2.47431,6.1222
2880,10,-2.92209,8.53862
2880,11,-3.17717,10.0944
2880,12,-3.19291,10.1946
2880,13,-2.95046,8.70523
2880,14,-2.46164,6.05965
2880,15,-1.76738,3.12362
2880,16,-0.932312,0.869206
2880,17,-0.0361215,0.00130476
2880,18,0.836889,0.700383
2880,19,1.60851,2.58729
2880,20,2.21608,4.91101
2880,21,2.61943,6.8614
2880,22,2.8043,7.86407
2880,23,2.7821,7.74009
2880,24,2.58613,6.68805
2880,25,2.26496,5.13003
2880,26,1.87435,3.51319
2880,27,1.46871,2.1571
2880,28,1.09361,1.19599
2880,29,0.780356,0.608955
2880,30,0.543189,0.295054
2880,31,0.379508,0.144027
2880,32,0.272651,0.0743387
2880,33,0.196699,0.0386903
2880,34,0.122266,0.0149489
2880,35,0.0222986,0.000497229
2880,36,-0.123158,0.015168
2880,37,-0.323887,0.104903
2880,38,-0.578491,0.334652
2880,39,-0.875506,0.766511
2880,40,-1.19617,1.43083
2880,41,-1.51827,2.30516
2880,42,-1.82021,3.31315
2880,43,-2.08453,4.34525
2880,44,-2.3003,5.29139
2880,45,-2.46399,6.07127
2880,46,-2.5787,6.64968
2880,47,-2.65214,7.03386
2880,48,-2.69387,7.25692
2880,49,-2.71229,7.35653
2880,50,-2.71229,7.35652
2880,51,-2.69387,7.25693
2880,52,-2.65214,7.03385
2880,53,-2.5787,6.64968
2880,54,-2.46399,6.07125
2880,55,-2.3003,5.29139
2880,56,-2.08453,4.34524
2880,57,-1.82021,3.31316
2880,58,-1.51827,2.30515
2880,59,-1.19617,1.43083
2880,60,-0.875507,0.766512
2880,61,-0.578491,0.334652
2880,62,-0.323885,0.104901
2880,63,-0.123162,0.0151689
2880,64,0.0222957,0.000497098
2880,65,0.122265,0.0149486
2880,66,0.196698,0.0386902
2880,67,0.272652,0.0743392
2880,68,0.379505,0.144024
2880,69,0.543193,0.295058
2880,70,0.780353,0.608951
2880,71,1.09361,1.19599
2880,72,1.46871,2.1571
2880,73,1.87435,3.51318
2880,74,2.26496,5.13004
2880,75,2.58612,6.68804
2880,76,2.7821,7.7401
2880,77,2.80429,7.86406
2880,78,2.61943,6.8614
2880,79,2.21608,4.91101
2880,80,1.60851,2.58729
2880,81,0.836889,0.700383
2880,82,-0.0361231,0.00130488
2880,83,-0.932314,0.86921
2880,84,-1.76738,3.12363
2880,85,-2.46164,6.05967
2880,86,-2.95046,8.70523
2880,87,-3.19291,10.1946
2880,88,-3.17717,10.0944
2880,89,-2.92209,8.53862
2880,90,-2.47431,6.12221
2880,91,-1.90153,3.61582
2880,92,-1.2828,1.64559
2880,93,-0.69722,0.486116
2880,94,-0.212663,0.0452257
2880,95,0.12362,0.015282
2880,96,0.291336,0.0848769
2880,97,0.299341,0.0896049
2880,98,0.183432,0.0336475
2880,99,0,0
2890,0,0,0
2890,1,-0.185329,0.0343468
2890,2,-0.30147,0.0908839
2890,3,-0.290689,0.0845
2890,4,-0.116448,0.0135601
2890,5,0.230141,0.0529651
2890,6,0.727982,0.529958
2890,7,1.32831,1.76442
2890,8,1.96122,3.84639
2890,9,2.54539,6.47903
2890,10,2.99967,8.998
2890,11,3.25468,10.5929
2890,12,3.26288,10.6464
2890,13,3.00542,9.03257
2890,14,2.49504,6.22522
2890,15,1.77446,3.14872
2890,16,0.91074,0.829447
2890,17,-0.0136687,0.000186834
2890,18,-0.911671,0.831144
2890,19,-1.70259,2.89882
2890,20,-2.32192,5.39132
2890,21,-2.72842,7.44428
2890,22,-2.90769,8.45467
2890,23,-2.87187,8.24765
2890,24,-2.65572,7.05283
2890,25,-2.30986,5.33545
2890,26,-1.89234,3.58095
2890,27,-1.4599,2.1313
2890,28,-1.06019,1.124
2890,29,-0.726165,0.527316
2890,30,-0.473166,0.223886
2890,31,-0.299054,0.0894332
2890,32,-0.187065,0.0349934
2890,33,-0.11067,0.0122478
2890,34,-0.0395043,0.00156059
2890,35,0.0546785,0.00298973
2890,36,0.193078,0.0372791
2890,37,0.386634,0.149486
2890,38,0.63492,0.403123
2890,39,0.927162,0.859629
2890,40,1.24501,1.55004
2890,41,1.56636,2.45347
2890,42,1.86947,3.49491
2890,43,2.13653,4.56478
2890,44,2.35614,5.55142
2890,45,2.52419,6.37152
2890,46,2.6432,6.98649
2890,47,2.72038,7.40045
2890,48,2.76484,7.64436
2890,49,2.78471,7.75463
2890,50,2.78471,7.75463
2890,51,2.76484,7.64435
2890,52,2.72038,7.40045
2890,53,2.6432,6.98648
2890,54,2.52419,6.37152
2890,55,2.35614,5.55141
2890,56,2.13653,4.56476
2890,57,1.86947,3.4949
2890,58,1.56636,2.45347
2890,59,1.24501,1.55004
2890,60,0.927162,0.85963
2890,61,0.634918,0.403121
2890,62,0.386634,0.149486
2890,63,0.193078,0.037279
2890,64,0.0546783,0.00298972
2890,65,-0.0395033,0.00156051
2890,66,-0.110669,0.0122477
2890,67,-0.187067,0.0349941
2890,68,-0.299054,0.0894335
2890,69,-0.473164,0.223884
2890,70,-0.726164,0.527314
2890,71,-1.06019,1.124
2890,72,-1.45989,2.13129
2890,73,-1.89234,3.58095
2890,74,-2.30986,5.33544
2890,75,-2.65572,7.05284
2890,76,-2.87187,8.24764
2890,77,-2.90769,8.45467
2890,78,-2.72842,7.44428
2890,79,-2.32192,5.39132
2890,80,-1.70259,2.89882
2890,81,-0.911672,0.831146
2890,82,-0.0136672,0.000186792
2890,83,0.91074,0.829447
2890,84,1.77446,3.14871
2890,85,2.49504,6.22522
2890,86,3.00542,9.03256
2890,87,3.26288,10.6464
2890,88,3.25468,10.593
2890,89,2.99966,8.99798
2890,90,2.54539,6.47902
2890,91,1.96122,3.84639
2890,92,1.32831,1.76441
2890,93,0.727982,0.529958
2890,94,0.230142,0.0529655
2890,95,-0.116444,0.0135593
2890,96,-0.290689,0.0844999
2890,97,-0.301467,0.0908822
2890,98,-0.185329,0.034347
2890,99,0,0
2900,0,0,0
2900,1,0.186622,0.0348276
2900,2,0.302614,0.0915754
2900,3,0.289089,0.0835724
2900,4,0.108873,0.0118532
2900,5,-0.246881,0.0609501
2900,6,-0.756345,0.572057
2900,7,-1.36942,1.87531
2900,8,-2.01438,4.05774
2900,9,-2.60797,6.80152
2900,10,-3.0672,9.40773
2900,11,-3.3213,11.0311
2900,12,-3.32195,11.0354
2900,13,-3.05036,9.30468
2900,14,-2.52013,6.35105
2900,15,-1.77564,3.15289
2900,16,-0.886132,0.785231
2900,17,0.0634238,0.00402258
2900,18,0.983434,0.967143
2900,19,1.79101,3.20771
2900,20,2.42001,5.85643
2900,21,2.82828,7.99916
2900,22,3.00132,9.00793
2900,23,2.95197,8.71411
2900,24,2.71634,7.37852
2900,25,2.34693,5.50808
2900,26,1.90389,3.62479
2900,27,1.44608,2.09116
2900,28,1.02311,1.04676
2900,29,0.669449,0.448162
2900,30,0.401473,0.16118
2900,31,0.217529,0.0473188
2900,32,0.10079,0.0101586
2900,33,0.0242115,0.000586197
2900,34,-0.043442,0.00188721
2900,35,-0.131516,0.0172964
2900,36,-0.262399,0.0688533
2900,37,-0.448134,0.200824
2900,38,-0.689262,0.475082
2900,39,-0.975755,0.952097
2900,40,-1.28972,1.66338
2900,41,-1.60924,2.58965
2900,42,-1.91248,3.65759
2900,43,-2.18137,4.75838
2900,44,-2.40405,5.77944
2900,45,-2.57586,6.63504
2900,46,-2.69877,7.28334
2900,47,-2.77944,7.72527
2900,48,-2.82651,7.98917
2900,49,-2.84777,8.10981
2900,50,-2.84777,8.10981
2900,51,-2.82651,7.98917
2900,52,-2.77943,7.72525
2900,53,-2.69876,7.28332
2900,54,-2.57586,6.63504
2900,55,-2.40404,5.77943
2900,56,-2.18137,4.75837
2900,57,-1.91248,3.65758
2900,58,-1.60924,2.58965
2900,59,-1.28972,1.66338
2900,60,-0.975757,0.952101
2900,61,-0.689261,0.475081
2900,62,-0.448136,0.200826
2900,63,-0.262399,0.0688533
2900,64,-0.131519,0.0172971
2900,65,-0.0434401,0.00188704
2900,66,0.0242126,0.000586249
2900,67,0.100793,0.0101593
2900,68,0.21753,0.0473191
2900,69,0.401473,0.161181
2900,70,0.669448,0.448161
2900,71,1.02311,1.04676
2900,72,1.44608,2.09116
2900,73,1.90389,3.62479
2900,74,2.34693,5.50806
2900,75,2.71634,7.37852
2900,76,2.95197,8.71411
2900,77,3.00132,9.00794
2900,78,2.82828,7.99917
2900,79,2.42001,5.85643
2900,80,1.79101,3.20771
2900,81,0.983433,0.967141
2900,82,0.0634261,0.00402287
2900,83,-0.88613,0.785227
2900,84,-1.77564,3.15289
2900,85,-2.52013,6.35105
2900,86,-3.05036,9.30467
2900,87,-3.32195,11.0354
2900,88,-3.3213,11.0311
2900,89,-3.0672,9.40773
2900,90,-2.60797,6.8015
2900,91,-2.01438,4.05774
2900,92,-1.36942,1.87531
2900,93,-0.756345,0.572058
2900,94,-0.246881,0.0609502
2900,95,0.108869,0.0118525
2900,96,0.28909,0.0835728
2900,97,0.302614,0.0915755
2900,98,0.186624,0.0348284
2900,99,0,0
2910,0,0,0
2910,1,-0.18726,0.0350662
2910,2,-0.302696,0.0916246
2910,3,-0.286473,0.0820668
2910,4,-0.100896,0.01018
2910,5,0.262832,0.0690805
2910,6,0.782225,0.611876
2910,7,1.40598,1.97678
2910,8,2.06084,4.24707
2910,9,2.66185,7.08544
2910,10,3.12446,9.76226
2910,11,3.37675,11.4024
2910,12,3.3698,11.3556
2910,13,3.08495,9.5169
2910,14,2.53663,6.43451
2910,15,1.77073,3.13548
2910,16,0.858453,0.736941
2910,17,-0.113017,0.0127729
2910,18,-1.05189,1.10647
2910,19,-1.87338,3.50956
2910,20,-2.50991,6.29967
2910,21,-2.91856,8.51801
2910,22,-3.08479,9.5159
2910,23,-3.02207,9.13288
2910,24,-2.76777,7.66054
2910,25,-2.37604,5.64559
2910,26,-1.90898,3.6442
2910,27,-1.42737,2.03737
2910,28,-0.982553,0.965411
2910,29,-0.610437,0.372634
2910,30,-0.328382,0.107835
2910,31,-0.135218,0.018284
2910,32,-0.0141214,0.000199414
2910,33,0.0623841,0.00389178
2910,34,0.126311,0.0159544
2910,35,0.207997,0.0432629
2910,36,0.330914,0.109504
2910,37,0.508194,0.258261
2910,38,0.741341,0.549587
2910,39,1.02109,1.04263
2910,40,1.33009,1.76915
2910,41,1.64668,2.71157
2910,42,1.94905,3.79878
2910,43,2.21886,4.92334
2910,44,2.44386,5.97243
2910,45,2.61885,6.85837
2910,46,2.74522,7.53623
2910,47,2.82906,8.00357
2910,48,2.87855,8.28603
2910,49,2.90111,8.41642
2910,50,2.90111,8.41642
2910,51,2.87855,8.28603
2910,52,2.82906,8.00358
2910,53,2.74522,7.53621
2910,54,2.61885,6.85837
2910,55,2.44386,5.97243
2910,56,2.21886,4.92335
2910,57,1.94905,3.79879
2910,58,1.64668,2.71157
2910,59,1.33009,1.76915
2910,60,1.0211,1.04264
2910,61,0.741341,0.549586
2910,62,0.508193,0.25826
2910,63,0.330913,0.109503
2910,64,0.207997,0.0432628
2910,65,0.12631,0.0159542
2910,66,0.0623836,0.00389171
2910,67,-0.0141227,0.00019945
2910,68,-0.135218,0.0182838
2910,69,-0.328383,0.107835
2910,70,-0.610438,0.372634
2910,71,-0.98255,0.965405
2910,72,-1.42736,2.03737
2910,73,-1.90898,3.6442
2910,74,-2.37604,5.64558
2910,75,-2.76777,7.66052
2910,76,-3.02206,9.13288
2910,77,-3.08478,9.51589
2910,78,-2.91856,8.51801
2910,79,-2.50991,6.29965
2910,80,-1.87338,3.50956
2910,81,-1.05189,1.10648
2910,82,-0.113016,0.0127727
2910,83,0.858453,0.736941
2910,84,1.77073,3.13548
2910,85,2.53663,6.43451
2910,86,3.08494,9.51687
2910,87,3.3698,11.3556
2910,88,3.37674,11.4024
2910,89,3.12446,9.76225
2910,90,2.66185,7.08544
2910,91,2.06084,4.24707
2910,92,1.40598,1.97678
2910,93,0.782223,0.611873
2910,94,0.262832,0.0690808
2910,95,-0.100896,0.0101801
2910,96,-0.286474,0.0820674
2910,97,-0.302698,0.0916259
2910,98,-0.187262,0.0350671
2910,99,0,0
2920,0,0,0
2920,1,0.187305,0.0350831
2920,2,0.301832,0.0911028
2920,3,0.282978,0.0800766
2920,4,0.0926582,0.00858554
2920,5,-0.277817,0.0771821
2920,6,-0.805387,0.648649
2920,7,-1.43773,2.06707
2920,8,-2.10028,4.41119
2920,9,-2.70669,7.32616
2920,10,-3.17114,10.0561
2920,11,-3.42076,11.7016
2920,12,-3.40623,11.6024
2920,13,-3.10908,9.66639
2920,14,-2.54454,6.47467
2920,15,-1.7598,3.09691
2920,16,-0.827839,0.685317
2920,17,0.162262,0.0263289
2920,18,1.11683,1.24731
2920,19,1.94944,3.80033
2920,20,2.59134,6.71507
2920,21,2.99899,8.99396
2920,22,3.15784,9.97193
2920,23,3.08195,9.49843
2920,24,2.80983,7.89516
2920,25,2.39713,5.74622
2920,26,1.90761,3.63899
2920,27,1.40382,1.9707
2920,28,0.938659,0.881081
2920,29,0.549342,0.301777
2920,30,0.254149,0.0645916
2920,31,0.0524145,0.00274728
2920,32,-0.0726313,0.00527531
2920,33,-0.148812,0.0221449
2920,34,-0.208794,0.0435949
2920,35,-0.28381,0.0805483
2920,36,-0.398346,0.15868
2920,37,-0.566571,0.321002
2920,38,-0.790943,0.62559
2920,39,-1.06301,1.12998
2920,40,-1.36598,1.86591
2920,41,-1.67856,2.81755
2920,42,-1.97899,3.91639
2920,43,-2.24879,5.05706
2920,44,-2.47533,6.12727
2920,45,-2.65292,7.03798
2920,46,-2.78233,7.74139
2920,47,-2.86909,8.23169
2920,48,-2.92085,8.53134
2920,49,-2.94464,8.67089
2920,50,-2.94464,8.67088
2920,51,-2.92085,8.53134
2920,52,-2.86909,8.23168
2920,53,-2.78233,7.74138
2920,54,-2.65292,7.03797
2920,55,-2.47533,6.12728
2920,56,-2.24879,5.05705
2920,57,-1.97899,3.91639
2920,58,-1.67856,2.81755
2920,59,-1.36598,1.86591
2920,60,-1.063,1.12998
2920,61,-0.790944,0.625593
2920,62,-0.566569,0.321
2920,63,-0.398346,0.158679
2920,64,-0.283812,0.0805493
2920,65,-0.208795,0.0435952
2920,66,-0.148811,0.0221448
2920,67,-0.0726302,0.00527515
2920,68,0.0524148,0.00274731
2920,69,0.254148,0.0645914
2920,70,0.549342,0.301777
2920,71,0.938661,0.881084
2920,72,1.40382,1.9707
2920,73,1.90761,3.63899
2920,74,2.39713,5.74621
2920,75,2.80983,7.89514
2920,76,3.08195,9.49842
2920,77,3.15783,9.9719
2920,78,2.99899,8.99394
2920,79,2.59134,6.71506
2920,80,1.94944,3.80033
2920,81,1.11683,1.24731
2920,82,0.162263,0.0263293
2920,83,-0.827839,0.685318
2920,84,-1.7598,3.09691
2920,85,-2.54454,6.47467
2920,86,-3.10908,9.66638
2920,87,-3.40623,11.6024
2920,88,-3.42076,11.7016
2920,89,-3.17114,10.0561
2920,90,-2.70669,7.32616
2920,91,-2.10028,4.41118
2920,92,-1.43773,2.06706
2920,93,-0.805383,0.648642
2920,94,-0.277817,0.0771824
2920,95,0.0926591,0.0085857
2920,96,0.282979,0.0800773
2920,97,0.301834,0.0911038
2920,98,0.187307,0.0350841
2920,99,0,0
2930,0,0,0
2930,1,-0.186724,0.0348658
2930,2,-0.299943,0.0899659
2930,3,-0.278522,0.0775743
2930,4,-0.0841171,0.00707569
2930,5,0.29184,0.0851707
2930,6,0.825786,0.681922
2930,7,1.46456,2.14493
2930,8,2.13254,4.54773
2930,9,2.74228,7.5201
2930,10,3.20698,10.2847
2930,11,3.4531,11.9239
2930,12,3.43107,11.7723
2930,13,3.12264,9.75087
2930,14,2.54379,6.47089
2930,15,1.74291,3.03772
2930,16,0.794407,0.631083
2930,17,-0.210977,0.0445114
2930,18,-1.178,1.38769
2930,19,-2.01892,4.07604
2930,20,-2.66401,7.09694
2930,21,-3.06926,9.42034
2930,22,-3.22017,10.3695
2930,23,-3.13138,9.80556
2930,24,-2.84237,8.07907
2930,25,-2.41009,5.80851
2930,26,-1.89979,3.6092
2930,27,-1.37551,1.89204
2930,28,-0.89159,0.794933
2930,29,-0.4864,0.236585
2930,30,-0.17908,0.0320696
2930,31,0.030545,0.000932995
2930,32,0.159126,0.025321
2930,33,0.234734,0.0551001
2930,34,0.29058,0.0844366
2930,35,0.358674,0.128647
2930,36,0.464434,0.215699
2930,37,0.623029,0.388165
2930,38,0.837874,0.702032
2930,39,1.10134,1.21295
2930,40,1.39729,1.95242
2930,41,1.70481,2.90636
2930,42,2.00229,4.00918
2930,43,2.27117,5.15821
2930,44,2.49847,6.24236
2930,45,2.67803,7.17183
2930,46,2.81004,7.89634
2930,47,2.89942,8.40661
2930,48,2.95326,8.72174
2930,49,2.97821,8.86974
2930,50,2.97821,8.86972
2930,51,2.95326,8.72173
2930,52,2.89942,8.40661
2930,53,2.81004,7.89634
2930,54,2.67803,7.17183
2930,55,2.49847,6.24235
2930,56,2.27117,5.1582
2930,57,2.00229,4.00917
2930,58,1.7048,2.90636
2930,59,1.39729,1.95242
2930,60,1.10134,1.21295
2930,61,0.837873,0.702032
2930,62,0.623028,0.388164
2930,63,0.464435,0.2157
2930,64,0.35867,0.128644
2930,65,0.290577,0.084435
2930,66,0.234735,0.0551007
2930,67,0.159127,0.0253213
2930,68,0.0305427,0.000932857
2930,69,-0.179082,0.0320703
2930,70,-0.486403,0.236588
2930,71,-0.891594,0.79494
2930,72,-1.37552,1.89205
2930,73,-1.89979,3.60921
2930,74,-2.41009,5.80851
2930,75,-2.84237,8.07907
2930,76,-3.13138,9.80556
2930,77,-3.22017,10.3695
2930,78,-3.06926,9.42034
2930,79,-2.66401,7.09694
2930,80,-2.01892,4.07603
2930,81,-1.178,1.3877
2930,82,-0.210976,0.044511
2930,83,0.794407,0.631083
2930,84,1.7429,3.03771
2930,85,2.54379,6.47089
2930,86,3.12264,9.75086
2930,87,3.43107,11.7722
2930,88,3.4531,11.9239
2930,89,3.20698,10.2847
2930,90,2.74228,7.52008
2930,91,2.13254,4.54774
2930,92,1.46456,2.14492
2930,93,0.825784,0.68192
2930,94,0.291841,0.0851709
2930,95,-0.0841187,0.00707595
2930,96,-0.278522,0.0775743
2930,97,-0.299948,0.0899686
2930,98,-0.186725,0.0348664
2930,99,0,0
2940,0,0,0
2940,1,0.185495,0.0344085
2940,2,0.29703,0.0882271
2940,3,0.273113,0.0745907
2940,4,0.0752869,0.00566812
2940,5,-0.304876,0.0929494
2940,6,-0.843382,0.711293
2940,7,-1.48642,2.20945
2940,8,-2.15759,4.65518
2940,9,-2.76861,7.66518
2940,10,-3.23201,10.4459
2940,11,-3.47382,12.0674
2940,12,-3.44436,11.8636
2940,13,-3.12569,9.76992
2940,14,-2.53448,6.4236
2940,15,-1.72014,2.95887
2940,16,-0.758317,0.575045
2940,17,0.258955,0.0670576
2940,18,1.23518,1.52566
2940,19,2.08156,4.33289
2940,20,2.72767,7.44021
2940,21,3.12918,9.79174
2940,22,3.27166,10.7038
2940,23,3.17027,10.0506
2940,24,2.86533,8.2101
2940,25,2.41493,5.83186
2940,26,1.88557,3.55537
2940,27,1.34259,1.80256
2940,28,0.841544,0.708197
2940,29,0.421849,0.177956
2940,30,0.103445,0.0107009
2940,31,-0.113362,0.0128509
2940,32,-0.245047,0.060048
2940,33,-0.319817,0.102283
2940,34,-0.37133,0.137886
2940,35,-0.432271,0.186859
2940,36,-0.528916,0.279752
2940,37,-0.677354,0.458809
2940,38,-0.881947,0.777831
2940,39,-1.13591,1.2903
2940,40,-1.42382,2.02726
2940,41,-1.72523,2.97641
2940,42,-2.01878,4.07546
2940,43,-2.28585,5.22511
2940,44,-2.5132,6.31616
2940,45,-2.69416,7.2585
2940,46,-2.82834,7.99953
2940,47,-2.92004,8.52662
2940,48,-2.97578,8.85528
2940,49,-3.00179,9.01075
2940,50,-3.00179,9.01075
2940,51,-2.97578,8.85526
2940,52,-2.92003,8.5266
2940,53,-2.82834,7.99951
2940,54,-2.69416,7.2585
2940,55,-2.5132,6.31616
2940,56,-2.28585,5.2251
2940,57,-2.01877,4.07545
2940,58,-1.72523,2.97641
2940,59,-1.42382,2.02726
2940,60,-1.13591,1.29029
2940,61,-0.881943,0.777824
2940,62,-0.677355,0.458809
2940,63,-0.528915,0.279751
2940,64,-0.432272,0.186859
2940,65,-0.37133,0.137886
2940,66,-0.319819,0.102284
2940,67,-0.245046,0.0600475
2940,68,-0.113364,0.0128513
2940,69,0.103443,0.0107005
2940,70,0.421849,0.177957
2940,71,0.841545,0.708198
2940,72,1.34259,1.80255
2940,73,1.88557,3.55537
2940,74,2.41492,5.83186
2940,75,2.86533,8.21011
2940,76,3.17026,10.0506
2940,77,3.27166,10.7038
2940,78,3.12918,9.79175
2940,79,2.72768,7.44021
2940,80,2.08156,4.33289
2940,81,1.23518,1.52566
2940,82,0.258953,0.0670567
2940,83,-0.758317,0.575045
2940,84,-1.72014,2.95887
2940,85,-2.53448,6.42361
2940,86,-3.12569,9.76991
2940,87,-3.44436,11.8636
2940,88,-3.47382,12.0674
2940,89,-3.23201,10.4459
2940,90,-2.7686,7.66516
2940,91,-2.15759,4.65518
2940,92,-1.48642,2.20945
2940,93,-0.843382,0.711293
2940,94,-0.304876,0.0929494
2940,95,0.0752851,0.00566784
2940,96,0.273111,0.0745898
2940,97,0.297031,0.0882273
2940,98,0.185495,0.0344085
2940,99,0,0
2950,0,0,0
2950,1,-0.183648,0.0337267
2950,2,-0.293123,0.0859212
2950,3,-0.266806,0.0711854
2950,4,-0.0662345,0.00438701
2950,5,0.316852,0.100395
2950,6,0.858113,0.736357
2950,7,1.50326,2.25978
2950,8,2.17535,4.73213
2950,9,2.78559,7.75951
2950,10,3.24613,10.5374
2950,11,3.48281,12.1299
2950,12,3.44602,11.875
2950,13,3.11818,9.72306
2950,14,2.51662,6.3334
2950,15,1.69158,2.86144
2950,16,0.719687,0.517949
2950,17,-0.306022,0.0936492
2950,18,-1.28813,1.65928
2950,19,-2.13711,4.56725
2950,20,-2.78206,7.73985
2950,21,-3.17844,10.1025
2950,22,-3.31202,10.9695
2950,23,-3.19838,10.2296
2950,24,-2.87858,8.28619
2950,25,-2.41159,5.81576
2950,26,-1.86498,3.47816
2950,27,-1.30516,1.70344
2950,28,-0.788699,0.622046
2950,29,-0.355943,0.126695
2950,30,-0.0275454,0.00075875
2950,31,0.195693,0.0382959
2950,32,0.330024,0.108916
2950,33,0.403714,0.162985
2950,34,0.45073,0.203157
2950,35,0.504341,0.25436
2950,36,0.591562,0.349946
2950,37,0.729365,0.531974
2950,38,0.923033,0.851989
2950,39,1.16667,1.36112
2950,40,1.44559,2.08974
2950,41,1.7399,3.02726
2950,42,2.02853,4.11495
2950,43,2.29288,5.25732
2950,44,2.51948,6.34778
2950,45,2.70121,7.29655
2950,46,2.83711,8.04917
2950,47,2.9308,8.58961
2950,48,2.98827,8.92974
2950,49,3.01526,9.0918
2950,50,3.01527,9.09183
2950,51,2.98827,8.92974
2950,52,2.9308,8.58961
2950,53,2.83711,8.04916
2950,54,2.70121,7.29656
2950,55,2.51948,6.34777
2950,56,2.29288,5.25731
2950,57,2.02853,4.11494
2950,58,1.7399,3.02726
2950,59,1.44559,2.08974
2950,60,1.16667,1.36113
2950,61,0.923033,0.85199
2950,62,0.729366,0.531975
2950,63,0.591562,0.349945
2950,64,0.504341,0.25436
2950,65,0.450732,0.203159
2950,66,0.403712,0.162983
2950,67,0.330026,0.108917
2950,68,0.195693,0.0382959
2950,69,-0.0275426,0.000758595
2950,70,-0.355941,0.126694
2950,71,-0.788698,0.622044
2950,72,-1.30515,1.70343
2950,73,-1.86498,3.47817
2950,74,-2.41159,5.81575
2950,75,-2.87857,8.28618
2950,76,-3.19838,10.2296
2950,77,-3.31202,10.9695
2950,78,-3.17844,10.1025
2950,79,-2.78206,7.73984
2950,80,-2.13711,4.56726
2950,81,-1.28813,1.65928
2950,82,-0.306021,0.0936489
2950,83,0.719686,0.517948
2950,84,1.69158,2.86143
2950,85,2.51662,6.3334
2950,86,3.11818,9.72307
2950,87,3.44602,11.875
2950,88,3.48281,12.1299
2950,89,3.24613,10.5374
2950,90,2.78559,7.75952
2950,91,2.17535,4.73213
2950,92,1.50326,2.25979
2950,93,0.858111,0.736355
2950,94,0.316852,0.100395
2950,95,-0.0662324,0.00438673
2950,96,-0.266807,0.071186
2950,97,-0.293124,0.0859216
2950,98,-0.18365,0.0337273
2950,99,0,0
2960,0,0,0
2960,1,0.181177,0.0328252
2960,2,0.288227,0.0830748
2960,3,0.259587,0.0673854
2960,4,0.0569302,0.00324105
2960,5,-0.327789,0.107446
2960,6,-0.869968,0.756845
2960,7,-1.51503,2.29531
2960,8,-2.18575,4.77748
2960,9,-2.79314,7.80162
2960,10,-3.24925,10.5576
2960,11,-3.47999,12.1103
2960,12,-3.43601,11.8061
2960,13,-3.10015,9.61092
2960,14,-2.49029,6.20153
2960,15,-1.65734,2.74678
2960,16,-0.678665,0.460587
2960,17,0.352021,0.123918
2960,18,1.33672,1.78683
2960,19,2.18546,4.77625
2960,20,2.82707,7.99234
2960,21,3.21701,10.3492
2960,22,3.34123,11.1638
2960,23,3.21572,10.3409
2960,24,2.88212,8.30661
2960,25,2.40013,5.76061
2960,26,1.83811,3.37865
2960,27,1.26333,1.59599
2960,28,0.733194,0.537574
2960,29,0.288822,0.0834183
2960,30,-0.0484729,0.00234962
2960,31,-0.277395,0.0769478
2960,32,-0.413909,0.171321
2960,33,-0.486255,0.236444
2960,34,-0.528604,0.279422
2960,35,-0.57468,0.330257
2960,36,-0.65217,0.425325
2960,37,-0.778875,0.606646
2960,38,-0.960973,0.92347
2960,39,-1.19346,1.42436
2960,40,-1.46245,2.13877
2960,41,-1.74867,3.05784
2960,42,-2.0314,4.12657
2960,43,-2.29212,5.25383
2960,44,-2.5172,6.33628
2960,45,-2.69908,7.28505
2960,46,-2.83623,8.04418
2960,47,-2.93161,8.59436
2960,48,-2.99061,8.94375
2960,49,-3.0185,9.11133
2960,50,-3.0185,9.11134
2960,51,-2.99061,8.94374
2960,52,-2.93162,8.59438
2960,53,-2.83622,8.04417
2960,54,-2.69908,7.28506
2960,55,-2.5172,6.33628
2960,56,-2.29212,5.25383
2960,57,-2.03139,4.12656
2960,58,-1.74867,3.05785
2960,59,-1.46245,2.13877
2960,60,-1.19346,1.42436
2960,61,-0.960972,0.923468
2960,62,-0.778877,0.606649
2960,63,-0.65217,0.425326
2960,64,-0.574679,0.330256
2960,65,-0.528604,0.279423
2960,66,-0.48625,0.236439
2960,67,-0.413913,0.171324
2960,68,-0.277393,0.0769467
2960,69,-0.0484743,0.00234976
2960,70,0.288824,0.0834193
2960,71,0.733194,0.537574
2960,72,1.26333,1.59599
2960,73,1.83811,3.37865
2960,74,2.40013,5.76061
2960,75,2.88212,8.30662
2960,76,3.21572,10.3408
2960,77,3.34123,11.1638
2960,78,3.21701,10.3492
2960,79,2.82707,7.99234
2960,80,2.18546,4.77624
2960,81,1.33672,1.78682
2960,82,0.352022,0.123919
2960,83,-0.678667,0.460589
2960,84,-1.65734,2.74678
2960,85,-2.49029,6.20154
2960,86,-3.10015,9.61092
2960,87,-3.43601,11.8062
2960,88,-3.47999,12.1103
2960,89,-3.24925,10.5576
2960,90,-2.79314,7.80162
2960,91,-2.18574,4.77748
2960,92,-1.51503,2.29531
2960,93,-0.869966,0.756841
2960,94,-0.32779,0.107446
2960,95,0.0569308,0.00324112
2960,96,0.259588,0.0673858
2960,97,0.288227,0.0830746
2960,98,0.181178,0.0328255
2960,99,0,0
2970,0,0,0
2970,1,-0.178092,0.0317166
2970,2,-0.28234,0.079716
2970,3,-0.251479,0.0632416
2970,4,-0.0474364,0.00225021
2970,5,0.337606,0.113978
2970,6,0.878874,0.772419
2970,7,1.52168,2.3155
2970,8,2.18877,4.79071
2970,9,2.79127,7.79117
2970,10,3.24141,10.5068
2970,11,3.46543,12.0092
2970,12,3.41439,11.6581
2970,13,3.07161,9.43477
2970,14,2.45549,6.02942
2970,15,1.61744,2.61612
2970,16,0.635289,0.403592
2970,17,-0.396891,0.157522
2970,18,-1.38084,1.90671
2970,19,-2.22644,4.95702
2970,20,-2.86254,8.19411
2970,21,-3.24472,10.5282
2970,22,-3.35916,11.284
2970,23,-3.22222,10.3827
2970,24,-2.87595,8.2711
2970,25,-2.38057,5.66712
2970,26,-1.80504,3.25815
2970,27,-1.21723,1.48164
2970,28,-0.675216,0.455917
2970,29,-0.220744,0.048728
2970,30,0.124293,0.0154488
2970,31,0.358117,0.128248
2970,32,0.496364,0.246377
2970,33,0.567128,0.321635
2970,34,0.604691,0.365651
2970,35,0.643104,0.413583
2970,36,0.710618,0.504978
2970,37,0.825794,0.681936
2970,38,0.995694,0.991406
2970,39,1.21624,1.47923
2970,40,1.47437,2.17378
2970,41,1.75151,3.06779
2970,42,2.02738,4.11026
2970,43,2.28361,5.21487
2970,44,2.5064,6.28203
2970,45,2.68782,7.22436
2970,46,2.82573,7.98476
2970,47,2.92248,8.54088
2970,48,2.98278,8.897
2970,49,3.01146,9.06888
2970,50,3.01146,9.0689
2970,51,2.98278,8.897
2970,52,2.92248,8.54088
2970,53,2.82573,7.98476
2970,54,2.68782,7.22436
2970,55,2.5064,6.28203
2970,56,2.28361,5.21487
2970,57,2.02738,4.11026
2970,58,1.75151,3.06779
2970,59,1.47437,2.17377
2970,60,1.21623,1.47922
2970,61,0.995693,0.991405
2970,62,0.825794,0.681935
2970,63,0.71062,0.50498
2970,64,0.643104,0.413583
2970,65,0.604692,0.365652
2970,66,0.567128,0.321634
2970,67,0.496365,0.246378
2970,68,0.358116,0.128247
2970,69,0.124294,0.0154491
2970,70,-0.220744,0.0487281
2970,71,-0.675216,0.455917
2970,72,-1.21723,1.48165
2970,73,-1.80504,3.25816
2970,74,-2.38057,5.66711
2970,75,-2.87595,8.2711
2970,76,-3.22222,10.3827
2970,77,-3.35916,11.284
2970,78,-3.24472,10.5282
2970,79,-2.86253,8.1941
2970,80,-2.22644,4.95701
2970,81,-1.38084,1.90671
2970,82,-0.396891,0.157523
2970,83,0.635288,0.40359
2970,84,1.61744,2.61612
2970,85,2.45549,6.02941
2970,86,3.07161,9.43478
2970,87,3.41439,11.6581
2970,88,3.46543,12.0092
2970,89,3.24142,10.5068
2970,90,2.79127,7.79116
2970,91,2.18877,4.79072
2970,92,1.52167,2.31549
2970,93,0.878872,0.772415
2970,94,0.337607,0.113979
2970,95,-0.0474374,0.00225031
2970,96,-0.251479,0.0632418
2970,97,-0.28234,0.0797157
2970,98,-0.178092,0.0317169
2970,99,0,0
2980,0,0,0
2980,1,0.174403,0.0304164
2980,2,0.2755,0.0759002
2980,3,0.24251,0.0588109
2980,4,0.0377594,0.00142577
2980,5,-0.346317,0.119936
2980,6,-0.88485,0.78296
2980,7,-1.52322,2.3202
2980,8,-2.18444,4.77177
2980,9,-2.77999,7.72835
2980,10,-3.22264,10.3854
2980,11,-3.43918,11.828
2980,12,-3.38126,11.4329
2980,13,-3.03272,9.19736
2980,14,-2.41242,5.81977
2980,15,-1.57212,2.47155
2980,16,-0.589794,0.347856
2980,17,0.440397,0.19395
2980,18,1.42027,2.01716
2980,19,2.25989,5.1071
2980,20,2.88834,8.34248
2980,21,3.26146,10.6371
2980,22,3.36575,11.3282
2980,23,3.21782,10.3544
2980,24,2.86005,8.17989
2980,25,2.35297,5.53648
2980,26,1.76588,3.11832
2980,27,1.16704,1.36199
2980,28,0.614987,0.378209
2980,29,0.151935,0.0230843
2980,30,-0.199697,0.039879
2980,31,-0.437661,0.191547
2980,32,-0.577193,0.333151
2980,33,-0.646154,0.417516
2980,34,-0.678799,0.460768
2980,35,-0.709402,0.503251
2980,36,-0.766698,0.587826
2980,37,-0.86995,0.756814
2980,38,-1.02708,1.05489
2980,39,-1.23493,1.52506
2980,40,-1.48135,2.19439
2980,41,-1.74847,3.05714
2980,42,-2.01653,4.06638
2980,43,-2.26738,5.14101
2980,44,-2.48712,6.18576
2980,45,-2.66745,7.11528
2980,46,-2.80566,7.87171
2980,47,-2.90341,8.42981
2980,48,-2.96482,8.79016
2980,49,-2.99419,8.96515
2980,50,-2.99419,8.96515
2980,51,-2.96482,8.79016
2980,52,-2.90342,8.42983
2980,53,-2.80566,7.8717
2980,54,-2.66745,7.11528
2980,55,-2.48712,6.18576
2980,56,-2.26738,5.14101
2980,57,-2.01653,4.06637
2980,58,-1.74847,3.05714
2980,59,-1.48134,2.19438
2980,60,-1.23493,1.52505
2980,61,-1.02708,1.05489
2980,62,-0.869948,0.75681
2980,63,-0.766699,0.587827
2980,64,-0.709404,0.503253
2980,65,-0.678802,0.460772
2980,66,-0.646155,0.417516
2980,67,-0.577194,0.333153
2980,68,-0.437659,0.191545
2980,69,-0.199697,0.039879
2980,70,0.151937,0.0230849
2980,71,0.614986,0.378208
2980,72,1.16704,1.36199
2980,73,1.76588,3.11833
2980,74,2.35297,5.53648
2980,75,2.86005,8.17988
2980,76,3.21782,10.3544
2980,77,3.36575,11.3282
2980,78,3.26146,10.6371
2980,79,2.88833,8.34247
2980,80,2.25989,5.1071
2980,81,1.42027,2.01716
2980,82,0.440398,0.19395
2980,83,-0.589792,0.347855
2980,84,-1.57211,2.47154
2980,85,-2.41242,5.81977
2980,86,-3.03272,9.19736
2980,87,-3.38125,11.4329
2980,88,-3.43918,11.828
2980,89,-3.22265,10.3854
2980,90,-2.77999,7.72833
2980,91,-2.18444,4.77177
2980,92,-1.52322,2.3202
2980,93,-0.884848,0.782956
2980,94,-0.346316,0.119935
2980,95,0.037756,0.00142551
2980,96,0.242507,0.0588096
2980,97,0.2755,0.0759001
2980,98,0.174404,0.0304167
2980,99,0,0
2990,0,0,0
2990,1,-0.170128,0.0289436
2990,2,-0.267737,0.071683
2990,3,-0.232737,0.0541665
2990,4,-0.0279742,0.000782554
2990,5,0.35384,0.125203
2990,6,0.887816,0.788217
2990,7,1.51961,2.3092
2990,8,2.17271,4.72067
2990,9,2.75933,7.61388
2990,10,3.19301,10.1953
2990,11,3.40136,11.5692
2990,12,3.33675,11.1339
2990,13,2.98364,8.90209
2990,14,2.36126,5.57555
2990,15,1.52152,2.31502
2990,16,0.542349,0.294143
2990,17,-0.482378,0.232689
2990,18,-1.45487,2.11666
2990,19,-2.28567,5.2243
2990,20,-2.90434,8.43517
2990,21,-3.26715,10.6742
2990,22,-3.36091,11.2957
2990,23,-3.2025,10.256
2990,24,-2.83445,8.03412
2990,25,-2.31739,5.37029
2990,26,-1.72071,2.96085
2990,27,-1.11287,1.23848
2990,28,-0.552621,0.30539
2990,29,-0.0825584,0.00681588
2990,30,0.274475,0.0753365
2990,31,0.51575,0.265998
2990,32,0.656081,0.430442
2990,33,0.722989,0.522713
2990,34,0.750591,0.563386
2990,35,0.773275,0.597954
2990,36,0.820163,0.672668
2990,37,0.911144,0.830184
2990,38,1.05498,1.11299
2990,39,1.24945,1.56113
2990,40,1.48332,2.20024
2990,41,1.73953,3.02595
2990,42,1.99888,3.99552
2990,43,2.2435,5.03329
2990,44,2.45944,6.04883
2990,45,2.63806,6.95934
2990,46,2.77608,7.70664
2990,47,2.87453,8.26295
2990,48,2.93684,8.62503
2990,49,2.96679,8.80187
2990,50,2.96679,8.80187
2990,51,2.93684,8.62502
2990,52,2.87453,8.26293
2990,53,2.77608,7.70665
2990,54,2.63805,6.95932
2990,55,2.45944,6.04883
2990,56,2.2435,5.03329
2990,57,1.99888,3.99552
2990,58,1.73953,3.02595
2990,59,1.48332,2.20024
2990,60,1.24945,1.56113
2990,61,1.05498,1.11298
2990,62,0.911145,0.830185
2990,63,0.820161,0.672664
2990,64,0.773275,0.597954
2990,65,0.750589,0.563384
2990,66,0.722989,0.522713
2990,67,0.65608,0.430441
2990,68,0.515752,0.266
2990,69,0.274474,0.075336
2990,70,-0.0825573,0.00681571
2990,71,-0.552622,0.305391
2990,72,-1.11287,1.23848
2990,73,-1.72072,2.96086
2990,74,-2.31739,5.37029
2990,75,-2.83445,8.03411
2990,76,-3.2025,10.256
2990,77,-3.36091,11.2957
2990,78,-3.26714,10.6742
2990,79,-2.90434,8.43518
2990,80,-2.28567,5.22431
2990,81,-1.45487,2.11665
2990,82,-0.482377,0.232688
2990,83,0.54235,0.294144
2990,84,1.52152,2.31502
2990,85,2.36126,5.57554
2990,86,2.98364,8.90209
2990,87,3.33675,11.1339
2990,88,3.40136,11.5692
2990,89,3.19301,10.1953
2990,90,2.75933,7.61387
2990,91,2.17271,4.72067
2990,92,1.5196,2.3092
2990,93,0.887817,0.788219
2990,94,0.353843,0.125205
2990,95,-0.0279722,0.000782443
2990,96,-0.232739,0.0541673
2990,97,-0.267735,0.0716818
2990,98,-0.170128,0.0289435
2990,99,0,0
3000,0,0,0
3000,1,0.165297,0.027323
3000,2,0.259103,0.0671343
3000,3,0.22223,0.0493862
3000,4,0.0181555,0.000329621
3000,5,-0.360097,0.12967
3000,6,-0.887709,0.788027
3000,7,-1.51078,2.28245
3000,8,-2.15359,4.63793
3000,9,-2.72929,7.44903
3000,10,-3.15254,9.93853
3000,11,-3.35199,11.2358
3000,12,-3.28092,10.7645
3000,13,-2.92443,8.55231
3000,14,-2.30209,5.29961
3000,15,-1.46577,2.1485
3000,16,-0.493086,0.243134
3000,17,0.522684,0.273199
3000,18,1.4845,2.20373
3000,19,2.30367,5.30689
3000,20,2.91047,8.47081
3000,21,3.26174,10.639
3000,22,3.34469,11.1869
3000,23,3.17635,10.0892
3000,24,2.79926,7.83586
3000,25,2.27395,5.17085
3000,26,1.66971,2.78794
3000,27,1.05492,1.11285
3000,28,0.488387,0.238522
3000,29,0.0129198,0.000166922
3000,30,-0.348287,0.121304
3000,31,-0.592052,0.350525
3000,32,-0.732696,0.536843
3000,33,-0.797325,0.635727
3000,34,-0.819807,0.672084
3000,35,-0.834511,0.696408
3000,36,-0.870834,0.758352
3000,37,-0.949246,0.901068
3000,38,-1.07929,1.16488
3000,39,-1.2597,1.58686
3000,40,-1.48022,2.19105
3000,41,-1.72464,2.9744
3000,42,-1.97442,3.89832
3000,43,-2.21199,4.8929
3000,44,-2.42341,5.87293
3000,45,-2.59973,6.75861
3000,46,-2.73712,7.49185
3000,47,-2.83593,8.04249
3000,48,-2.89892,8.40371
3000,49,-2.92936,8.58115
3000,50,-2.92936,8.58116
3000,51,-2.89892,8.40371
3000,52,-2.83593,8.04249
3000,53,-2.73713,7.49186
3000,54,-2.59974,6.75862
3000,55,-2.42341,5.87293
3000,56,-2.21199,4.89291
3000,57,-1.97441,3.89831
3000,58,-1.72465,2.9744
3000,59,-1.48022,2.19105
3000,60,-1.2597,1.58686
3000,61,-1.07929,1.16488
3000,62,-0.949245,0.901066
3000,63,-0.870831,0.758347
3000,64,-0.834509,0.696406
3000,65,-0.819807,0.672083
3000,66,-0.797325,0.635727
3000,67,-0.732696,0.536843
3000,68,-0.592051,0.350524
3000,69,-0.34829,0.121306
3000,70,0.0129209,0.00016695
3000,71,0.48839,0.238524
3000,72,1.05492,1.11285
3000,73,1.66971,2.78794
3000,74,2.27395,5.17085
3000,75,2.79926,7.83585
3000,76,3.17635,10.0892
3000,77,3.34469,11.1869
3000,78,3.26174,10.6389
3000,79,2.91047,8.47081
3000,80,2.30367,5.30689
3000,81,1.4845,2.20374
3000,82,0.522683,0.273197
3000,83,-0.493087,0.243135
3000,84,-1.46577,2.14849
3000,85,-2.30209,5.29962
3000,86,-2.92443,8.55232
3000,87,-3.28092,10.7645
3000,88,-3.35199,11.2358
3000,89,-3.15254,9.93852
3000,90,-2.72929,7.44903
3000,91,-2.15359,4.63793
3000,92,-1.51078,2.28246
3000,93,-0.887708,0.788025
3000,94,-0.360095,0.129668
3000,95,0.0181566,0.000329664
3000,96,0.222229,0.0493856
3000,97,0.259103,0.0671345
3000,98,0.165296,0.0273227
3000,99,0,0
3010,0,0,0
3010,1,-0.159914,0.0255725
3010,2,-0.249615,0.0623076
3010,3,-0.210996,0.0445192
3010,4,-0.00830644,6.8997e-05
3010,5,0.365099,0.133298
3010,6,0.884561,0.782448
3010,7,1.4968,2.24042
3010,8,2.12712,4.52463
3010,9,2.68995,7.23583
3010,10,3.10132,9.6182
3010,11,3.2912,10.832
3010,12,3.21393,10.3293
3010,13,2.8553,8.15274
3010,14,2.23512,4.99577
3010,15,1.40508,1.97424
3010,16,0.442162,0.195507
3010,17,-0.561229,0.314978
3010,18,-1.50912,2.27743
3010,19,-2.31389,5.35408
3010,20,-2.90676,8.44927
3010,21,-3.24532,10.5321
3010,22,-3.31715,11.0035
3010,23,-3.13945,9.85618
3010,24,-2.7546,7.58783
3010,25,-2.22284,4.941
3010,26,-1.61308,2.60203
3010,27,-0.993416,0.986876
3010,28,-0.422515,0.178519
3010,29,0.0567613,0.00322185
3010,30,0.420938,0.177188
3010,31,0.666375,0.444055
3010,32,0.806857,0.651017
3010,33,0.868981,0.755127
3010,34,0.886249,0.785437
3010,35,0.892904,0.797278
3010,36,0.918536,0.843708
3010,37,0.984093,0.96844
3010,38,1.09992,1.20983
3010,39,1.26568,1.60195
3010,40,1.47211,2.16712
3010,41,1.70393,2.90338
3010,42,1.94328,3.77634
3010,43,2.173,4.72195
3010,44,2.37919,5.66056
3010,45,2.55262,6.51585
3010,46,2.68892,7.23028
3010,47,2.78776,7.7716
3010,48,2.85123,8.12953
3010,49,2.88207,8.30631
3010,50,2.88207,8.30632
3010,51,2.85123,8.12954
3010,52,2.78776,7.77161
3010,53,2.68892,7.23027
3010,54,2.55262,6.51585
3010,55,2.37919,5.66056
3010,56,2.17301,4.72195
3010,57,1.94328,3.77634
3010,58,1.70393,2.90339
3010,59,1.47211,2.16712
3010,60,1.26568,1.60195
3010,61,1.09992,1.20982
3010,62,0.984098,0.968449
3010,63,0.918536,0.843709
3010,64,0.892908,0.797285
3010,65,0.886249,0.785437
3010,66,0.868985,0.755134
3010,67,0.80686,0.651024
3010,68,0.666375,0.444055
3010,69,0.420941,0.177191
3010,70,0.0567634,0.00322209
3010,71,-0.422515,0.178519
3010,72,-0.993416,0.986875
3010,73,-1.61308,2.60203
3010,74,-2.22284,4.941
3010,75,-2.7546,7.58784
3010,76,-3.13946,9.85619
3010,77,-3.31716,11.0035
3010,78,-3.24532,10.5321
3010,79,-2.90676,8.44928
3010,80,-2.31389,5.35407
3010,81,-1.50911,2.27742
3010,82,-0.561229,0.314978
3010,83,0.442162,0.195507
3010,84,1.40508,1.97424
3010,85,2.23512,4.99576
3010,86,2.8553,8.15273
3010,87,3.21393,10.3293
3010,88,3.29119,10.832
3010,89,3.10132,9.6182
3010,90,2.68995,7.23583
3010,91,2.12712,4.52463
3010,92,1.4968,2.24042
3010,93,0.884561,0.782449
3010,94,0.365101,0.133299
3010,95,-0.00830777,6.9019e-05
3010,96,-0.210997,0.0445197
3010,97,-0.249616,0.062308
3010,98,-0.159915,0.0255729
3010,99,0,0
3020,0,0,0
3020,1,0.153979,0.0237097
3020,2,0.239254,0.0572423
3020,3,0.199008,0.0396041
3020,4,-0.00160642,2.58058e-06
3020,5,-0.368896,0.136085
3020,6,-0.878444,0.771664
3020,7,-1.47778,2.18384
3020,8,-2.09347,4.38261
3020,9,-2.64153,6.97766
3020,10,-3.03964,9.23942
3020,11,-3.21931,10.3639
3020,12,-3.13608,9.83502
3020,13,-2.7765,7.70897
3020,14,-2.16057,4.66804
3020,15,-1.33958,1.79448
3020,16,-0.389694,0.151861
3020,17,0.597923,0.357512
3020,18,1.52867,2.33683
3020,19,2.31631,5.36529
3020,20,2.89326,8.37094
3020,21,3.21794,10.3551
3020,22,3.27842,10.7481
3020,23,3.09195,9.56014
3020,24,2.70063,7.29338
3020,25,2.16419,4.68373
3020,26,1.55099,2.40555
3020,27,0.928549,0.862204
3020,28,0.355211,0.126175
3020,29,-0.126255,0.0159404
3020,30,-0.492168,0.242229
3020,31,-0.738447,0.545303
3020,32,-0.878293,0.771398
3020,33,-0.9377,0.879282
3020,34,-0.949698,0.901927
3020,35,-0.948296,0.899266
3020,36,-0.963158,0.927673
3020,37,-1.01567,1.03158
3020,38,-1.11689,1.24744
3020,39,-1.26744,1.60642
3020,40,-1.4591,2.12898
3020,41,-1.67754,2.81414
3020,42,-1.90566,3.63153
3020,43,-2.12675,4.52309
3020,44,-2.32701,5.41498
3020,45,-2.49694,6.23472
3020,46,-2.63168,6.92573
3020,47,-2.7302,7.45399
3020,48,-2.79393,7.80602
3020,49,-2.82504,7.98084
3020,50,-2.82504,7.98083
3020,51,-2.79393,7.80602
3020,52,-2.7302,7.45398
3020,53,-2.63168,6.92572
3020,54,-2.49694,6.23472
3020,55,-2.32701,5.41497
3020,56,-2.12675,4.52308
3020,57,-1.90566,3.63153
3020,58,-1.67754,2.81413
3020,59,-1.4591,2.12897
3020,60,-1.26744,1.60641
3020,61,-1.11689,1.24744
3020,62,-1.01567,1.03158
3020,63,-0.963158,0.927673
3020,64,-0.948299,0.89927
3020,65,-0.949698,0.901926
3020,66,-0.937702,0.879284
3020,67,-0.87829,0.771394
3020,68,-0.738446,0.545303
3020,69,-0.492167,0.242228
3020,70,-0.126257,0.0159407
3020,71,0.355211,0.126175
3020,72,0.928549,0.862203
3020,73,1.55099,2.40556
3020,74,2.16419,4.68374
3020,75,2.70063,7.29338
3020,76,3.09195,9.56015
3020,77,3.27842,10.7481
3020,78,3.21794,10.3551
3020,79,2.89326,8.37094
3020,80,2.31631,5.3653
3020,81,1.52867,2.33682
3020,82,0.597923,0.357512
3020,83,-0.389694,0.151862
3020,84,-1.33958,1.79448
3020,85,-2.16057,4.66804
3020,86,-2.7765,7.70896
3020,87,-3.13608,9.83502
3020,88,-3.21931,10.3639
3020,89,-3.03964,9.23943
3020,90,-2.64153,6.97766
3020,91,-2.09347,4.3826
3020,92,-1.47778,2.18383
3020,93,-0.878443,0.771661
3020,94,-0.368897,0.136085
3020,95,-0.00160601,2.57925e-06
3020,96,0.199009,0.0396047
3020,97,0.239252,0.0572413
3020,98,0.15398,0.02371
3020,99,0,0
3030,0,0,0
3030,1,-0.147509,0.0217589
3030,2,-0.228053,0.0520082
3030,3,-0.186315,0.0347132
3030,4,0.0115556,0.000133533
3030,5,0.371485,0.138001
3030,6,0.869392,0.755842
3030,7,1.45379,2.11352
3030,8,2.05278,4.21389
3030,9,2.58421,6.67815
3030,10,2.96772,8.80737
3030,11,3.13657,9.83806
3030,12,3.04768,9.28834
3030,13,2.68836,7.22728
3030,14,2.07874,4.32118
3030,15,1.2696,1.61187
3030,16,0.335933,0.112851
3030,17,-0.632578,0.400156
3030,18,-1.54305,2.381
3030,19,-2.31091,5.34032
3030,20,-2.86999,8.23682
3030,21,-3.17971,10.1105
3030,22,-3.22864,10.4241
3030,23,-3.03403,9.20534
3030,24,-2.63757,6.95678
3030,25,-2.09829,4.40281
3030,26,-1.4837,2.20136
3030,27,-0.860584,0.740605
3030,28,-0.28674,0.08222
3030,29,0.195284,0.0381359
3030,30,0.561694,0.315501
3030,31,0.807991,0.652849
3030,32,0.946747,0.896331
3030,33,1.00327,1.00655
3030,34,1.00997,1.02005
3030,35,1.00053,1.00106
3030,36,1.00457,1.00916
3030,37,1.04383,1.08958
3030,38,1.13008,1.27709
3030,39,1.2649,1.59997
3030,40,1.44112,2.07683
3030,41,1.64543,2.70745
3030,42,1.86156,3.46541
3030,43,2.07329,4.29854
3030,44,2.26696,5.13912
3030,45,2.43285,5.91874
3030,46,2.56557,6.58214
3030,47,2.66344,7.09391
3030,48,2.72721,7.43767
3030,49,2.75849,7.60929
3030,50,2.7585,7.6093
3030,51,2.72721,7.43768
3030,52,2.66344,7.09394
3030,53,2.56557,6.58214
3030,54,2.43285,5.91875
3030,55,2.26696,5.1391
3030,56,2.0733,4.29855
3030,57,1.86155,3.46539
3030,58,1.64544,2.70746
3030,59,1.44112,2.07682
3030,60,1.2649,1.59997
3030,61,1.13008,1.27708
3030,62,1.04383,1.08958
3030,63,1.00457,1.00915
3030,64,1.00053,1.00106
3030,65,1.00997,1.02005
3030,66,1.00327,1.00654
3030,67,0.946747,0.89633
3030,68,0.807991,0.652849
3030,69,0.561694,0.3155
3030,70,0.195284,0.0381358
3030,71,-0.286739,0.0822194
3030,72,-0.860584,0.740605
3030,73,-1.4837,2.20136
3030,74,-2.09829,4.40281
3030,75,-2.63757,6.95677
3030,76,-3.03403,9.20534
3030,77,-3.22864,10.4241
3030,78,-3.17971,10.1105
3030,79,-2.86999,8.23682
3030,80,-2.31091,5.34032
3030,81,-1.54305,2.381
3030,82,-0.632575,0.400152
3030,83,0.335934,0.112852
3030,84,1.26959,1.61187
3030,85,2.07875,4.32118
3030,86,2.68836,7.22729
3030,87,3.04768,9.28834
3030,88,3.13657,9.83807
3030,89,2.96772,8.80738
3030,90,2.58421,6.67815
3030,91,2.05278,4.2139
3030,92,1.4538,2.11353
3030,93,0.869393,0.755844
3030,94,0.371485,0.138001
3030,95,0.0115546,0.00013351
3030,96,-0.186317,0.0347141
3030,97,-0.228055,0.0520093
3030,98,-0.147509,0.0217589
3030,99,0,0
3040,0,0,0
3040,1,0.140535,0.01975
3040,2,0.216075,0.0466883
3040,3,0.17297,0.0299185
3040,4,-0.0215068,0.000462541
3040,5,-0.372882,0.139041
3040,6,-0.857472,0.735258
3040,7,-1.42496,2.03051
3040,8,-2.0052,4.02081
3040,9,-2.51819,6.34128
3040,10,-2.88578,8.32773
3040,11,-3.04323,9.26123
3040,12,-2.94897,8.69643
3040,13,-2.59114,6.71403
3040,14,-1.98992,3.95977
3040,15,-1.19534,1.42884
3040,16,-0.281071,0.0790006
3040,17,0.66506,0.442305
3040,18,1.55218,2.40927
3040,19,2.29768,5.27935
3040,20,2.83701,8.04861
3040,21,3.13072,9.80142
3040,22,3.16795,10.0359
3040,23,2.96587,8.79641
3040,24,2.56563,6.58245
3040,25,2.02533,4.10194
3040,26,1.41143,1.99212
3040,27,0.789741,0.623691
3040,28,0.217314,0.0472254
3040,29,-0.263661,0.0695172
3040,30,-0.629349,0.39608
3040,31,-0.874836,0.765339
3040,32,-1.01202,1.02419
3040,33,-1.06544,1.13516
3040,34,-1.06681,1.13808
3040,35,-1.04932,1.10108
3040,36,-1.04251,1.08683
3040,37,-1.06841,1.14149
3040,38,-1.13942,1.29828
3040,39,-1.25808,1.58276
3040,40,-1.41828,2.01152
3040,41,-1.60778,2.58497
3040,42,-1.81117,3.28033
3040,43,-2.0128,4.05138
3040,44,-2.1992,4.83647
3040,45,-2.36046,5.57175
3040,46,-2.4907,6.20361
3040,47,-2.58761,6.69573
3040,48,-2.65121,7.02893
3040,49,-2.68258,7.19623
3040,50,-2.68258,7.19621
3040,51,-2.65121,7.02893
3040,52,-2.58761,6.69572
3040,53,-2.49071,6.20362
3040,54,-2.36046,5.57175
3040,55,-2.1992,4.83647
3040,56,-2.01281,4.05139
3040,57,-1.81117,3.28034
3040,58,-1.60778,2.58497
3040,59,-1.41828,2.01152
3040,60,-1.25807,1.58275
3040,61,-1.13942,1.29828
3040,62,-1.0684,1.14149
3040,63,-1.04251,1.08683
3040,64,-1.04932,1.10108
3040,65,-1.06681,1.13808
3040,66,-1.06544,1.13516
3040,67,-1.01202,1.02419
3040,68,-0.874838,0.765341
3040,69,-0.629351,0.396082
3040,70,-0.263661,0.0695169
3040,71,0.217315,0.0472257
3040,72,0.789739,0.623687
3040,73,1.41143,1.99212
3040,74,2.02533,4.10195
3040,75,2.56563,6.58245
3040,76,2.96587,8.79641
3040,77,3.16795,10.0359
3040,78,3.13072,9.80141
3040,79,2.837,8.04859
3040,80,2.29768,5.27933
3040,81,1.55218,2.40927
3040,82,0.665058,0.442302
3040,83,-0.281071,0.079001
3040,84,-1.19534,1.42884
3040,85,-1.98992,3.95977
3040,86,-2.59114,6.71403
3040,87,-2.94897,8.69642
3040,88,-3.04323,9.26125
3040,89,-2.88578,8.32773
3040,90,-2.51819,6.34126
3040,91,-2.0052,4.02081
3040,92,-1.42496,2.0305
3040,93,-0.857468,0.735252
3040,94,-0.372881,0.13904
3040,95,-0.0215096,0.000462663
3040,96,0.172966,0.0299173
3040,97,0.216072,0.0466871
3040,98,0.140534,0.0197498
3040,99,0,0
3050,0,0,0
3050,1,-0.133087,0.017712
3050,2,-0.203367,0.0413583
3050,3,-0.159055,0.0252986
3050,4,0.0313558,0.000983187
3050,5,0.372981,0.139115
3050,6,0.842612,0.709995
3050,7,1.39127,1.93563
3050,8,1.95081,3.80565
3050,9,2.44364,5.97136
3050,10,2.79407,7.80685
3050,11,2.93959,8.64119
3050,12,2.84028,8.06718
3050,13,2.48515,6.17595
3050,14,1.89435,3.58856
3050,15,1.11705,1.24779
3050,16,0.225269,0.0507459
3050,17,-0.695272,0.483403
3050,18,-1.55604,2.42127
3050,19,-2.27666,5.18317
3050,20,-2.79441,7.80872
3050,21,-3.07114,9.43187
3050,22,-3.09653,9.58853
3050,23,-2.88768,8.33869
3050,24,-2.48499,6.17517
3050,25,-1.94547,3.78487
3050,26,-1.33433,1.78044
3050,27,-0.716161,0.512886
3050,28,-0.147092,0.021636
3050,29,0.331204,0.109696
3050,30,0.694925,0.482921
3050,31,0.938757,0.881264
3050,32,1.0739,1.15325
3050,33,1.12402,1.26342
3050,34,1.12004,1.25449
3050,35,1.09458,1.19811
3050,36,1.07694,1.1598
3050,37,1.08936,1.18671
3050,38,1.14488,1.31075
3050,39,1.24695,1.55489
3050,40,1.39058,1.93371
3050,41,1.56462,2.44805
3050,42,1.75459,3.0786
3050,43,1.94546,3.78483
3050,44,2.12397,4.51123
3050,45,2.28006,5.19866
3050,46,2.4074,5.79559
3050,47,2.503,6.26503
3050,48,2.56621,6.58543
3050,49,2.59753,6.74716
3050,50,2.59753,6.74716
3050,51,2.56621,6.58543
3050,52,2.503,6.26503
3050,53,2.40741,5.79561
3050,54,2.28006,5.19867
3050,55,2.12397,4.51123
3050,56,1.94546,3.78482
3050,57,1.75459,3.07859
3050,58,1.56462,2.44805
3050,59,1.39058,1.93371
3050,60,1.24695,1.55489
3050,61,1.14488,1.31076
3050,62,1.08936,1.18671
3050,63,1.07694,1.1598
3050,64,1.09458,1.1981
3050,65,1.12004,1.2545
3050,66,1.12402,1.26342
3050,67,1.0739,1.15326
3050,68,0.938758,0.881267
3050,69,0.694925,0.482921
3050,70,0.331206,0.109697
3050,71,-0.147091,0.0216357
3050,72,-0.716161,0.512886
3050,73,-1.33433,1.78044
3050,74,-1.94547,3.78487
3050,75,-2.48499,6.17518
3050,76,-2.88768,8.33869
3050,77,-3.09654,9.58854
3050,78,-3.07113,9.43187
3050,79,-2.79441,7.80871
3050,80,-2.27666,5.18316
3050,81,-1.55604,2.42127
3050,82,-0.695274,0.483407
3050,83,0.225267,0.0507451
3050,84,1.11705,1.24779
3050,85,1.89435,3.58857
3050,86,2.48515,6.17596
3050,87,2.84028,8.06717
3050,88,2.93959,8.64118
3050,89,2.79407,7.80684
3050,90,2.44363,5.97135
3050,91,1.9508,3.80563
3050,92,1.39127,1.93563
3050,93,0.842614,0.709999
3050,94,0.37298,0.139114
3050,95,0.0313576,0.000983297
3050,96,-0.159052,0.0252974
3050,97,-0.203367,0.041358
3050,98,-0.133086,0.0177118
3050,99,0,0
3060,0,0,0
3060,1,0.12518,0.0156701
3060,2,0.18996,0.0360847
3060,3,0.144582,0.0209039
3060,4,-0.0411125,0.00169024
3060,5,-0.371816,0.138247
3060,6,-0.824893,0.680449
3060,7,-1.35286,1.83022
3060,8,-1.8898,3.57134
3060,9,-2.3608,5.57336
3060,10,-2.6929,7.25172
3060,11,-2.82601,7.98631
3060,12,-2.72198,7.40917
3060,13,-2.37075,5.62044
3060,14,-1.79237,3.2126
3060,15,-1.03497,1.07117
3060,16,-0.1687,0.0284596
3060,17,0.723138,0.522928
3060,18,1.55464,2.41692
3060,19,2.24792,5.05315
3060,20,2.74234,7.52042
3060,21,3.00114,9.00683
3060,22,3.01462,9.08792
3060,23,2.79968,7.83821
3060,24,2.3959,5.74034
3060,25,1.859,3.45588
3060,26,1.25268,1.5692
3060,27,0.640119,0.409753
3060,28,0.0763421,0.00582811
3060,29,-0.397644,0.158121
3060,30,-0.758158,0.574803
3060,31,-0.999509,0.999018
3060,32,-1.13214,1.28174
3060,33,-1.1788,1.38956
3060,34,-1.16949,1.3677
3060,35,-1.13614,1.29081
3060,36,-1.10773,1.22707
3060,37,-1.10665,1.22467
3060,38,-1.14649,1.31443
3060,39,-1.23163,1.5169
3060,40,-1.3582,1.84471
3060,41,-1.51621,2.29888
3060,42,-1.69211,2.86324
3060,43,-1.87156,3.50273
3060,44,-2.04157,4.16799
3060,45,-2.19196,4.8047
3060,46,-2.31597,5.36372
3060,47,-2.40994,5.8078
3060,48,-2.47254,6.11346
3060,49,-2.50372,6.26859
3060,50,-2.50372,6.2686
3060,51,-2.47254,6.11346
3060,52,-2.40994,5.80779
3060,53,-2.31597,5.36371
3060,54,-2.19196,4.80471
3060,55,-2.04157,4.16799
3060,56,-1.87156,3.50273
3060,57,-1.69211,2.86324
3060,58,-1.51621,2.29888
3060,59,-1.3582,1.84471
3060,60,-1.23163,1.5169
3060,61,-1.14648,1.31443
3060,62,-1.10665,1.22467
3060,63,-1.10773,1.22707
3060,64,-1.13614,1.29081
3060,65,-1.16949,1.3677
3060,66,-1.1788,1.38956
3060,67,-1.13214,1.28174
3060,68,-0.999507,0.999014
3060,69,-0.758158,0.574803
3060,70,-0.397646,0.158122
3060,71,0.0763416,0.00582804
3060,72,0.64012,0.409754
3060,73,1.25268,1.5692
3060,74,1.859,3.45587
3060,75,2.3959,5.74035
3060,76,2.79968,7.8382
3060,77,3.01462,9.08795
3060,78,3.00114,9.00684
3060,79,2.74234,7.52043
3060,80,2.24792,5.05315
3060,81,1.55464,2.41691
3060,82,0.72314,0.522931
3060,83,-0.168703,0.0284606
3060,84,-1.03497,1.07117
3060,85,-1.79238,3.21262
3060,86,-2.37075,5.62044
3060,87,-2.72198,7.40918
3060,88,-2.82601,7.98631
3060,89,-2.6929,7.25173
3060,90,-2.3608,5.57336
3060,91,-1.8898,3.57134
3060,92,-1.35286,1.83023
3060,93,-0.824892,0.680447
3060,94,-0.371815,0.138246
3060,95,-0.0411126,0.00169024
3060,96,0.144581,0.0209037
3060,97,0.189959,0.0360844
3060,98,0.125178,0.0156696
3060,99,0,0
3070,0,0,0
3070,1,-0.116856,0.0136554
3070,2,-0.17592,0.0309479
3070,3,-0.129632,0.0168045
3070,4,0.0507245,0.00257297
3070,5,0.369401,0.136457
3070,6,0.804399,0.647058
3070,7,1.30988,1.7158
3070,8,1.82241,3.32116
3070,9,2.26997,5.15275
3070,10,2.58261,6.66988
3070,11,2.70285,7.30542
3070,12,2.59448,6.73132
3070,13,2.24834,5.05502
3070,14,1.68435,2.83704
3070,15,0.94941,0.901379
3070,16,0.111563,0.0124462
3070,17,-0.748573,0.560362
3070,18,-1.548,2.39632
3070,19,-2.21161,4.89122
3070,20,-2.68102,7.18788
3070,21,-2.92101,8.53229
3070,22,-2.92252,8.5411
3070,23,-2.70221,7.30195
3070,24,-2.29871,5.28405
3070,25,-1.76624,3.1196
3070,26,-1.16679,1.3614
3070,27,-0.561919,0.315753
3070,28,-0.00533003,2.84093e-05
3070,29,0.46275,0.214137
3070,30,0.818842,0.670502
3070,31,1.0569,1.11704
3070,32,1.18658,1.40798
3070,33,1.22962,1.51195
3070,34,1.215,1.47621
3070,35,1.17386,1.37795
3070,36,1.13478,1.28771
3070,37,1.12017,1.25478
3070,38,1.14419,1.30917
3070,39,1.21212,1.46923
3070,40,1.32122,1.74561
3070,41,1.46265,2.13935
3070,42,1.62391,2.63708
3070,43,1.79134,3.20891
3070,44,1.95229,3.81142
3070,45,2.09649,4.39526
3070,46,2.21674,4.91394
3070,47,2.30877,5.33042
3070,48,2.37057,5.6196
3070,49,2.40151,5.76725
3070,50,2.40151,5.76724
3070,51,2.37057,5.6196
3070,52,2.30877,5.33043
3070,53,2.21674,4.91393
3070,54,2.09649,4.39525
3070,55,1.95229,3.81143
3070,56,1.79135,3.20892
3070,57,1.62391,2.63709
3070,58,1.46265,2.13935
3070,59,1.32122,1.74561
3070,60,1.21211,1.46922
3070,61,1.14419,1.30917
3070,62,1.12017,1.25478
3070,63,1.13478,1.28771
3070,64,1.17386,1.37795
3070,65,1.215,1.47623
3070,66,1.22962,1.51196
3070,67,1.18659,1.40799
3070,68,1.0569,1.11704
3070,69,0.818843,0.670503
3070,70,0.462751,0.214139
3070,71,-0.00532774,2.83849e-05
3070,72,-0.561918,0.315752
3070,73,-1.16679,1.3614
3070,74,-1.76623,3.11958
3070,75,-2.29871,5.28405
3070,76,-2.70221,7.30192
3070,77,-2.92252,8.5411
3070,78,-2.92101,8.53229
3070,79,-2.68102,7.18787
3070,80,-2.21161,4.8912
3070,81,-1.548,2.39632
3070,82,-0.748573,0.560362
3070,83,0.111562,0.0124461
3070,84,0.94941,0.901379
3070,85,1.68435,2.83705
3070,86,2.24834,5.05503
3070,87,2.59448,6.73132
3070,88,2.70285,7.30541
3070,89,2.58261,6.66989
3070,90,2.26997,5.15275
3070,91,1.82241,3.32116
3070,92,1.30989,1.7158
3070,93,0.804398,0.647056
3070,94,0.369402,0.136458
3070,95,0.0507258,0.00257311
3070,96,-0.129632,0.0168044
3070,97,-0.17592,0.030948
3070,98,-0.116855,0.013655
3070,99,0,0
3080,0,0,0
3080,1,0.108125,0.0116909
3080,2,0.16127,0.0260079
3080,3,0.114229,0.0130482
3080,4,-0.0601825,0.00362194
3080,5,-0.365746,0.13377
3080,6,-0.781187,0.610253
3080,7,-1.26249,1.59387
3080,8,-1.74886,3.05851
3080,9,-2.17147,4.7153
3080,10,-2.46359,6.06927
3080,11,-2.57055,6.60773
3080,12,-2.45817,6.04261
3080,13,-2.11828,4.48713
3080,14,-1.57059,2.46674
3080,15,-0.860584,0.740605
3080,16,-0.0540111,0.0029172
3080,17,0.771495,0.595205
3080,18,1.53614,2.35973
3080,19,2.16782,4.69944
3080,20,2.61064,6.81544
3080,21,2.831,8.01455
3080,22,2.82052,7.95536
3080,23,2.5956,6.73715
3080,24,2.19374,4.81249
3080,25,1.66751,2.78058
3080,26,1.07697,1.15987
3080,27,0.481842,0.232172
3080,28,-0.0656692,0.00431244
3080,29,-0.526258,0.276948
3080,30,-0.876727,0.768651
3080,31,-1.11069,1.23364
3080,32,-1.23699,1.53014
3080,33,-1.27627,1.62885
3080,34,-1.25639,1.57852
3080,35,-1.20761,1.45832
3080,36,-1.15798,1.34091
3080,37,-1.12991,1.27671
3080,38,-1.13803,1.29512
3080,39,-1.18851,1.41256
3080,40,-1.27976,1.63779
3080,41,-1.40414,1.97162
3080,42,-1.55021,2.40314
3080,43,-1.70506,2.90724
3080,44,-1.8564,3.44623
3080,45,-1.99393,3.97575
3080,46,-2.11003,4.45221
3080,47,-2.1998,4.83914
3080,48,-2.26058,5.11023
3080,49,-2.29116,5.24943
3080,50,-2.29117,5.24945
3080,51,-2.26058,5.11023
3080,52,-2.19981,4.83915
3080,53,-2.11003,4.45221
3080,54,-1.99393,3.97575
3080,55,-1.85641,3.44624
3080,56,-1.70506,2.90723
3080,57,-1.55021,2.40314
3080,58,-1.40414,1.97161
3080,59,-1.27977,1.6378
3080,60,-1.18851,1.41256
3080,61,-1.13804,1.29513
3080,62,-1.12992,1.27671
3080,63,-1.15798,1.34092
3080,64,-1.20761,1.45831
3080,65,-1.25639,1.57852
3080,66,-1.27626,1.62885
3080,67,-1.23699,1.53015
3080,68,-1.11069,1.23364
3080,69,-0.876731,0.768656
3080,70,-0.526262,0.276952
3080,71,-0.0656703,0.00431259
3080,72,0.481841,0.23217
3080,73,1.07698,1.15988
3080,74,1.66751,2.78059
3080,75,2.19374,4.8125
3080,76,2.5956,6.73714
3080,77,2.82052,7.95536
3080,78,2.831,8.01455
3080,79,2.61064,6.81542
3080,80,2.16782,4.69944
3080,81,1.53614,2.35973
3080,82,0.771492,0.5952
3080,83,-0.0540095,0.00291702
3080,84,-0.860583,0.740603
3080,85,-1.57058,2.46673
3080,86,-2.11828,4.48712
3080,87,-2.45817,6.04259
3080,88,-2.57055,6.6077
3080,89,-2.46359,6.06927
3080,90,-2.17147,4.71529
3080,91,-1.74886,3.05849
3080,92,-1.26248,1.59386
3080,93,-0.781188,0.610255
3080,94,-0.365746,0.13377
3080,95,-0.0601785,0.00362146
3080,96,0.11423,0.0130485
3080,97,0.161271,0.0260083
3080,98,0.108126,0.0116912
3080,99,0,0
3090,0,0,0
3090,1,-0.0990419,0.00980929
3090,2,-0.146087,0.0213415
3090,3,-0.0984524,0.00969288
3090,4,0.0694246,0.00481978
3090,5,0.360854,0.130215
3090,6,0.755338,0.570535
3090,7,1.21082,1.46609
3090,8,1.6694,2.7869
3090,9,2.06565,4.26691
3090,10,2.33625,5.45808
3090,11,2.42956,5.90278
3090,12,2.31355,5.35253
3090,13,1.98106,3.92458
3090,14,1.45148,2.10678
3090,15,0.768811,0.59107
3090,16,-0.0037707,1.42182e-05
3090,17,-0.791858,0.62704
3090,18,-1.51913,2.30775
3090,19,-2.11676,4.48065
3090,20,-2.53148,6.40841
3090,21,-2.73147,7.46092
3090,22,-2.70905,7.33897
3090,23,-2.48028,6.15177
3090,24,-2.08141,4.33228
3090,25,-1.56319,2.44355
3090,26,-0.983543,0.967356
3090,27,-0.400134,0.160107
3090,28,0.136465,0.0186226
3090,29,0.588015,0.345762
3090,30,0.931672,0.868013
3090,31,1.16075,1.34733
3090,32,1.28323,1.64669
3090,33,1.31861,1.73875
3090,34,1.29356,1.67331
3090,35,1.23731,1.53093
3090,36,1.1773,1.38604
3090,37,1.13587,1.29019
3090,38,1.12805,1.2725
3090,39,1.16091,1.3477
3090,40,1.23399,1.52272
3090,41,1.34088,1.79796
3090,42,1.47125,2.16457
3090,43,1.61299,2.60174
3090,44,1.75421,3.07725
3090,45,1.88458,3.55166
3090,46,1.99613,3.98455
3090,47,2.08336,4.3404
3090,48,2.14292,4.59212
3090,49,2.17306,4.72219
3090,50,2.17306,4.72219
3090,51,2.14293,4.59213
3090,52,2.08336,4.3404
3090,53,1.99613,3.98455
3090,54,1.88458,3.55165
3090,55,1.75421,3.07725
3090,56,1.61299,2.60174
3090,57,1.47125,2.16456
3090,58,1.34088,1.79796
3090,59,1.23399,1.52273
3090,60,1.1609,1.34769
3090,61,1.12805,1.2725
3090,62,1.13586,1.29019
3090,63,1.1773,1.38604
3090,64,1.2373,1.53092
3090,65,1.29356,1.67331
3090,66,1.31861,1.73874
3090,67,1.28323,1.64669
3090,68,1.16075,1.34733
3090,69,0.931674,0.868016
3090,70,0.588017,0.345763
3090,71,0.136466,0.018623
3090,72,-0.400137,0.16011
3090,73,-0.983544,0.967358
3090,74,-1.56319,2.44356
3090,75,-2.08142,4.33229
3090,76,-2.48028,6.15178
3090,77,-2.70906,7.33899
3090,78,-2.73147,7.46092
3090,79,-2.53148,6.40841
3090,80,-2.11675,4.48065
3090,81,-1.51913,2.30776
3090,82,-0.791858,0.62704
3090,83,-0.00377238,1.42308e-05
3090,84,0.768811,0.591071
3090,85,1.45148,2.10679
3090,86,1.98106,3.92458
3090,87,2.31355,5.35253
3090,88,2.42956,5.90278
3090,89,2.33625,5.45808
3090,90,2.06565,4.2669
3090,91,1.6694,2.7869
3090,92,1.21082,1.46609
3090,93,0.755334,0.57053
3090,94,0.36085,0.130212
3090,95,0.0694245,0.00481976
3090,96,-0.0984502,0.00969245
3090,97,-0.146089,0.021342
3090,98,-0.0990422,0.00980935
3090,99,0,0
3100,0,0,0
3100,1,0.0896157,0.00803098
3100,2,0.1304,0.0170042
3100,3,0.0823209,0.00677673
3100,4,-0.0784595,0.0061559
3100,5,-0.35477,0.125862
3100,6,-0.726963,0.528476
3100,7,-1.15509,1.33424
3100,8,-1.58432,2.51008
3100,9,-1.95284,3.81359
3100,10,-2.20101,4.84443
3100,11,-2.28034,5.19995
3100,12,-2.16109,4.6703
3100,13,-1.83711,3.37498
3100,14,-1.32746,1.76214
3100,15,-0.674434,0.454862
3100,16,0.0615457,0.00378787
3100,17,0.809558,0.655384
3100,18,1.49701,2.24103
3100,19,2.05855,4.23762
3100,20,2.44378,5.97206
3100,21,2.62272,6.87866
3100,22,2.58843,6.69998
3100,23,2.35657,5.55341
3100,24,1.96205,3.84964
3100,25,1.45358,2.1129
3100,26,0.886792,0.786401
3100,27,0.317095,0.100549
3100,28,-0.206776,0.0427562
3100,29,-0.647769,0.419605
3100,30,-0.983474,0.967221
3100,31,-1.2069,1.45661
3100,32,-1.32517,1.75607
3100,33,-1.35653,1.84019
3100,34,-1.32639,1.7593
3100,35,-1.26284,1.59476
3100,36,-1.19266,1.42243
3100,37,-1.138,1.29503
3100,38,-1.11428,1.24162
3100,39,-1.1294,1.27554
3100,40,-1.18406,1.40201
3100,41,-1.27311,1.62082
3100,42,-1.38734,1.9247
3100,43,-1.51549,2.2967
3100,44,-1.6461,2.70965
3100,45,-1.76888,3.12894
3100,46,-1.8755,3.51749
3100,47,-1.95987,3.84109
3100,48,-2.018,4.07232
3100,49,-2.04757,4.19256
3100,50,-2.04757,4.19256
3100,51,-2.018,4.07232
3100,52,-1.95987,3.84108
3100,53,-1.8755,3.51749
3100,54,-1.76888,3.12894
3100,55,-1.6461,2.70965
3100,56,-1.51549,2.2967
3100,57,-1.38734,1.92471
3100,58,-1.27311,1.62082
3100,59,-1.18406,1.402
3100,60,-1.12939,1.27553
3100,61,-1.11428,1.24161
3100,62,-1.13799,1.29503
3100,63,-1.19266,1.42243
3100,64,-1.26284,1.59476
3100,65,-1.32639,1.7593
3100,66,-1.35654,1.84019
3100,67,-1.32517,1.75607
3100,68,-1.2069,1.45661
3100,69,-0.983474,0.967222
3100,70,-0.64777,0.419606
3100,71,-0.206777,0.0427568
3100,72,0.317097,0.10055
3100,73,0.886791,0.786398
3100,74,1.45358,2.1129
3100,75,1.96205,3.84965
3100,76,2.35657,5.55341
3100,77,2.58843,6.69999
3100,78,2.62272,6.87866
3100,79,2.44378,5.97206
3100,80,2.05855,4.23763
3100,81,1.49701,2.24103
3100,82,0.809557,0.655383
3100,83,0.0615466,0.00378799
3100,84,-0.674437,0.454866
3100,85,-1.32746,1.76214
3100,86,-1.83711,3.37497
3100,87,-2.16109,4.67031
3100,88,-2.28034,5.19994
3100,89,-2.201,4.84442
3100,90,-1.95284,3.8136
3100,91,-1.58432,2.51008
3100,92,-1.15509,1.33424
3100,93,-0.726962,0.528474
3100,94,-0.35477,0.125861
3100,95,-0.0784615,0.0061562
3100,96,0.0823191,0.00677644
3100,97,0.130398,0.0170035
3100,98,0.0896127,0.00803044
3100,99,0,0
3110,0,0,0
3110,1,-0.0798759,0.00638016
3110,2,-0.114252,0.0130536
3110,3,-0.0658885,0.00434129
3110,4,0.0872468,0.007612
3110,5,0.347492,0.120751
3110,6,0.69613,0.484598
3110,7,1.09545,1.20002
3110,8,1.49388,2.23168
3110,9,1.83343,3.36148
3110,10,2.05832,4.23668
3110,11,2.12342,4.50891
3110,12,2.00134,4.00535
3110,13,1.68697,2.84587
3110,14,1.19896,1.43751
3110,15,0.577789,0.33384
3110,16,-0.119113,0.0141879
3110,17,-0.824523,0.679839
3110,18,-1.46982,2.16038
3110,19,-1.99339,3.97359
3110,20,-2.34782,5.51224
3110,21,-2.50511,6.27555
3110,22,-2.45907,6.04702
3110,23,-2.2249,4.95017
3110,24,-1.83605,3.3711
3110,25,-1.33906,1.79308
3110,26,-0.787033,0.619421
3110,27,-0.232967,0.0542735
3110,28,0.276406,0.0764004
3110,29,0.70534,0.497505
3110,30,1.03195,1.06492
3110,31,1.24897,1.55991
3110,32,1.36262,1.85672
3110,33,1.38987,1.93174
3110,34,1.35473,1.83528
3110,35,1.28411,1.64894
3110,36,1.20399,1.4496
3110,37,1.13628,1.29114
3110,38,1.09674,1.20284
3110,39,1.09407,1.197
3110,40,1.13015,1.27723
3110,41,1.20106,1.44253
3110,42,1.29875,1.68676
3110,43,1.41287,1.99621
3110,44,1.53244,2.34837
3110,45,1.6472,2.71326
3110,46,1.74852,3.0573
3110,47,1.82975,3.34797
3110,48,1.88625,3.55792
3110,49,1.91516,3.66786
3110,50,1.91516,3.66785
3110,51,1.88624,3.55791
3110,52,1.82974,3.34796
3110,53,1.74852,3.05731
3110,54,1.6472,2.71327
3110,55,1.53244,2.34836
3110,56,1.41287,1.99621
3110,57,1.29875,1.68676
3110,58,1.20106,1.44254
3110,59,1.13015,1.27724
3110,60,1.09407,1.197
3110,61,1.09674,1.20284
3110,62,1.13629,1.29114
3110,63,1.204,1.44961
3110,64,1.28411,1.64894
3110,65,1.35473,1.83529
3110,66,1.38987,1.93174
3110,67,1.36262,1.85672
3110,68,1.24897,1.55992
3110,69,1.03195,1.06492
3110,70,0.705341,0.497506
3110,71,0.276406,0.0764001
3110,72,-0.232964,0.0542724
3110,73,-0.787032,0.61942
3110,74,-1.33906,1.79308
3110,75,-1.83605,3.3711
3110,76,-2.2249,4.95018
3110,77,-2.45907,6.04704
3110,78,-2.50511,6.27557
3110,79,-2.34782,5.51225
3110,80,-1.99338,3.97358
3110,81,-1.46982,2.16038
3110,82,-0.824523,0.679838
3110,83,-0.119111,0.0141875
3110,84,0.577788,0.333839
3110,85,1.19896,1.43751
3110,86,1.68697,2.84587
3110,87,2.00134,4.00534
3110,88,2.12342,4.50891
3110,89,2.05832,4.23667
3110,90,1.83343,3.36147
3110,91,1.49388,2.23169
3110,92,1.09545,1.20002
3110,93,0.696132,0.4846
3110,94,0.347493,0.120751
3110,95,0.0872461,0.00761189
3110,96,-0.0658899,0.00434148
3110,97,-0.114252,0.0130536
3110,98,-0.0798772,0.00638037
3110,99,0,0
3120,0,0,0
3120,1,0.0698654,0.00488117
3120,2,0.0977173,0.00954867
3120,3,0.0492408,0.00242466
3120,4,-0.0957338,0.00916496
3120,5,-0.339033,0.114943
3120,6,-0.662936,0.439484
3120,7,-1.0321,1.06523
3120,8,-1.39838,1.95546
3120,9,-1.70781,2.91662
3120,10,-1.90866,3.64299
3120,11,-1.95931,3.83889
3120,12,-1.83481,3.36653
3120,13,-1.53113,2.34435
3120,14,-1.06641,1.13724
3120,15,-0.479204,0.229637
3120,16,0.176243,0.0310617
3120,17,0.836656,0.699994
3120,18,1.43762,2.06675
3120,19,1.92143,3.6919
3120,20,2.24387,5.03494
3120,21,2.37897,5.65952
3120,22,2.32135,5.38865
3120,23,2.08567,4.35003
3120,24,1.70383,2.90305
3120,25,1.22001,1.48842
3120,26,0.684629,0.468717
3120,27,0.148082,0.0219282
3120,28,-0.345058,0.119065
3120,29,-0.760487,0.578341
3120,30,-1.07689,1.1597
3120,31,-1.28677,1.65577
3120,32,-1.39541,1.94717
3120,33,-1.41846,2.01202
3120,34,-1.37844,1.9001
3120,35,-1.30099,1.69258
3120,36,-1.21121,1.46704
3120,37,-1.13069,1.27847
3120,38,-1.07546,1.15662
3120,39,-1.05502,1.11308
3120,40,-1.07238,1.15
3120,41,-1.12491,1.26541
3120,42,-1.20575,1.45383
3120,43,-1.30545,1.70421
3120,44,-1.41357,1.99817
3120,45,-1.51993,2.31018
3120,46,-1.61561,2.6102
3120,47,-1.69343,2.86769
3120,48,-1.74811,3.05588
3120,49,-1.77628,3.15516
3120,50,-1.77628,3.15515
3120,51,-1.74811,3.05589
3120,52,-1.69343,2.86769
3120,53,-1.61561,2.6102
3120,54,-1.51993,2.31019
3120,55,-1.41357,1.99817
3120,56,-1.30545,1.70421
3120,57,-1.20574,1.45382
3120,58,-1.1249,1.26541
3120,59,-1.07238,1.15
3120,60,-1.05502,1.11308
3120,61,-1.07546,1.15662
3120,62,-1.13069,1.27847
3120,63,-1.21121,1.46704
3120,64,-1.30099,1.69258
3120,65,-1.37844,1.9001
3120,66,-1.41846,2.01202
3120,67,-1.39541,1.94717
3120,68,-1.28676,1.65576
3120,69,-1.07689,1.1597
3120,70,-0.760491,0.578346
3120,71,-0.345059,0.119065
3120,72,0.148085,0.0219291
3120,73,0.684632,0.468721
3120,74,1.22001,1.48843
3120,75,1.70384,2.90306
3120,76,2.08567,4.35003
3120,77,2.32135,5.38865
3120,78,2.37898,5.65953
3120,79,2.24387,5.03495
3120,80,1.92143,3.6919
3120,81,1.43762,2.06674
3120,82,0.836654,0.699991
3120,83,0.176243,0.0310614
3120,84,-0.479204,0.229636
3120,85,-1.06642,1.13725
3120,86,-1.53113,2.34435
3120,87,-1.83481,3.36653
3120,88,-1.95931,3.83889
3120,89,-1.90866,3.64298
3120,90,-1.70781,2.91662
3120,91,-1.39838,1.95546
3120,92,-1.0321,1.06522
3120,93,-0.662934,0.439481
3120,94,-0.33903,0.114942
3120,95,-0.0957317,0.00916455
3120,96,0.0492388,0.00242446
3120,97,0.0977144,0.0095481
3120,98,0.0698652,0.00488115
3120,99,0,0
3130,0,0,0
3130,1,-0.0596252,0.00355517
3130,2,-0.080869,0.00653979
3130,3,-0.0324495,0.00105297
3130,4,0.10387,0.010789
3130,5,0.329403,0.108506
3130,6,0.627476,0.393726
3130,7,0.965227,0.931662
3130,8,1.29812,1.68511
3130,9,1.57639,2.48502
3130,10,1.75253,3.07136
3130,11,1.78855,3.19892
3130,12,1.66207,2.76247
3130,13,1.3701,1.87717
3130,14,0.930265,0.865392
3130,15,0.379001,0.143642
3130,16,-0.232772,0.054183
3130,17,-0.845949,0.715631
3130,18,-1.40054,1.96152
3130,19,-1.84297,3.39654
3130,20,-2.13232,4.5468
3130,21,-2.24479,5.03909
3130,22,-2.17576,4.73392
3130,23,-1.93938,3.76118
3130,24,-1.56583,2.45181
3130,25,-1.0968,1.20296
3130,26,-0.579875,0.336255
3130,27,-0.0626605,0.00392634
3130,28,0.412578,0.17022
3130,29,0.813082,0.661102
3130,30,1.1182,1.25036
3130,31,1.3202,1.74292
3130,32,1.42346,2.02624
3130,33,1.44221,2.07998
3130,34,1.39746,1.95289
3130,35,1.31344,1.72513
3130,36,1.21431,1.47456
3130,37,1.12126,1.25722
3130,38,1.05053,1.1036
3130,39,1.01237,1.0249
3130,40,1.01094,1.022
3130,41,1.0449,1.09182
3130,42,1.10861,1.22901
3130,43,1.19357,1.42461
3130,44,1.28988,1.66379
3130,45,1.3875,1.92515
3130,46,1.47723,2.18222
3130,47,1.55139,2.4068
3130,48,1.60408,2.57306
3130,49,1.6314,2.66145
3130,50,1.63139,2.66145
3130,51,1.60408,2.57307
3130,52,1.55139,2.4068
3130,53,1.47724,2.18223
3130,54,1.3875,1.92515
3130,55,1.28988,1.6638
3130,56,1.19357,1.42461
3130,57,1.10861,1.22902
3130,58,1.0449,1.09181
3130,59,1.01094,1.022
3130,60,1.01237,1.0249
3130,61,1.05053,1.1036
3130,62,1.12126,1.25722
3130,63,1.21431,1.47456
3130,64,1.31344,1.72513
3130,65,1.39746,1.95288
3130,66,1.44221,2.07998
3130,67,1.42346,2.02624
3130,68,1.3202,1.74292
3130,69,1.11819,1.25036
3130,70,0.813081,0.661101
3130,71,0.412578,0.170221
3130,72,-0.0626596,0.00392622
3130,73,-0.579874,0.336254
3130,74,-1.0968,1.20296
3130,75,-1.56582,2.4518
3130,76,-1.93937,3.76117
3130,77,-2.17576,4.73392
3130,78,-2.24479,5.03908
3130,79,-2.13232,4.5468
3130,80,-1.84297,3.39653
3130,81,-1.40054,1.96151
3130,82,-0.845947,0.715627
3130,83,-0.232771,0.0541825
3130,84,0.379002,0.143643
3130,85,0.930267,0.865396
3130,86,1.3701,1.87717
3130,87,1.66207,2.76247
3130,88,1.78856,3.19894
3130,89,1.75253,3.07136
3130,90,1.57639,2.48502
3130,91,1.29812,1.68511
3130,92,0.965229,0.931667
3130,93,0.627475,0.393725
3130,94,0.329403,0.108506
3130,95,0.10387,0.0107889
3130,96,-0.0324474,0.00105283
3130,97,-0.0808707,0.00654007
3130,98,-0.0596254,0.00355518
3130,99,0,0
3140,0,0,0
3140,1,0.0491998,0.00242062
3140,2,0.0637697,0.00406658
3140,3,0.0155682,0.000242369
3140,4,-0.111631,0.0124616
3140,5,-0.318642,0.101533
3140,6,-0.589879,0.347958
3140,7,-0.895085,0.801178
3140,8,-1.19346,1.42435
3140,9,-1.43963,2.07254
3140,10,-1.59046,2.52956
3140,11,-1.61174,2.5977
3140,12,-1.48369,2.20134
3140,13,-1.20442,1.45064
3140,14,-0.79095,0.625602
3140,15,-0.277502,0.0770074
3140,16,0.288532,0.0832507
3140,17,0.852396,0.726578
3140,18,1.35873,1.84616
3140,19,1.75828,3.09153
3140,20,2.01355,4.05439
3140,21,2.10299,4.42255
3140,22,2.02278,4.09164
3140,23,1.78648,3.19152
3140,24,1.42249,2.02348
3140,25,0.969855,0.94062
3140,26,0.473142,0.223864
3140,27,-0.022988,0.000528446
3140,28,-0.47871,0.229164
3140,29,-0.862931,0.744651
3140,30,-1.15573,1.33571
3140,31,-1.34919,1.8203
3140,32,-1.44672,2.093
3140,33,-1.46112,2.13487
3140,34,-1.41177,1.9931
3140,35,-1.32147,1.74627
3140,36,-1.2133,1.47211
3140,37,-1.10802,1.22771
3140,38,-1.02203,1.04454
3140,39,-0.966306,0.933747
3140,40,-0.946107,0.895118
3140,41,-0.961387,0.924265
3140,42,-1.00775,1.01555
3140,43,-1.07766,1.16136
3140,44,-1.16183,1.34984
3140,45,-1.25035,1.56338
3140,46,-1.33383,1.77909
3140,47,-1.40405,1.97136
3140,48,-1.45457,2.11578
3140,49,-1.48095,2.19322
3140,50,-1.48095,2.19323
3140,51,-1.45457,2.11577
3140,52,-1.40405,1.97136
3140,53,-1.33382,1.77909
3140,54,-1.25035,1.56337
3140,55,-1.16183,1.34984
3140,56,-1.07766,1.16136
3140,57,-1.00775,1.01556
3140,58,-0.96139,0.92427
3140,59,-0.946106,0.895116
3140,60,-0.966306,0.933747
3140,61,-1.02203,1.04454
3140,62,-1.10802,1.22771
3140,63,-1.2133,1.47211
3140,64,-1.32147,1.74627
3140,65,-1.41177,1.9931
3140,66,-1.46112,2.13487
3140,67,-1.44672,2.093
3140,68,-1.34919,1.8203
3140,69,-1.15573,1.33571
3140,70,-0.862931,0.744651
3140,71,-0.478708,0.229162
3140,72,-0.0229897,0.000528524
3140,73,0.473141,0.223862
3140,74,0.969854,0.940616
3140,75,1.42249,2.02348
3140,76,1.78648,3.19153
3140,77,2.02278,4.09165
3140,78,2.10299,4.42256
3140,79,2.01355,4.05438
3140,80,1.75827,3.09153
3140,81,1.35874,1.84617
3140,82,0.852394,0.726575
3140,83,0.288529,0.0832492
3140,84,-0.277501,0.0770069
3140,85,-0.79095,0.625602
3140,86,-1.20442,1.45063
3140,87,-1.48369,2.20133
3140,88,-1.61174,2.59771
3140,89,-1.59046,2.52955
3140,90,-1.43963,2.07253
3140,91,-1.19346,1.42435
3140,92,-0.895082,0.801172
3140,93,-0.589878,0.347956
3140,94,-0.318642,0.101532
3140,95,-0.111633,0.012462
3140,96,0.0155676,0.00024235
3140,97,0.0637702,0.00406664
3140,98,0.0492004,0.00242068
3140,99,0,0
3150,0,0,0
3150,1,-0.0386003,0.00148998
3150,2,-0.0464429,0.00215694
3150,3,0.00137126,1.88036e-06
3150,4,0.119021,0.0141659
3150,5,0.306795,0.0941234
3150,6,0.550275,0.302803
3150,7,0.821903,0.675524
3150,8,1.08477,1.17672
3150,9,1.29801,1.68482
3150,10,1.42302,2.025
3150,11,1.42949,2.04344
3150,12,1.3003,1.69078
3150,13,1.03467,1.07054
3150,14,0.648949,0.421135
3150,15,0.175043,0.03064
3150,16,-0.343338,0.117881
3150,17,-0.855987,0.732714
3150,18,-1.31236,1.72229
3150,19,-1.66765,2.78106
3150,20,-1.88798,3.56448
3150,21,-1.95409,3.81848
3150,22,-1.86298,3.4707
3150,23,-1.62757,2.64898
3150,24,-1.27436,1.62399
3150,25,-0.839642,0.704999
3150,26,-0.364817,0.133092
3150,27,0.108555,0.0117842
3150,28,0.543223,0.295091
3150,29,0.909867,0.827859
3150,30,1.18936,1.41459
3150,31,1.37363,1.88685
3150,32,1.46511,2.14655
3150,33,1.47511,2.17596
3150,34,1.42134,2.02022
3150,35,1.32506,1.7558
3150,36,1.20825,1.45986
3150,37,1.09108,1.19045
3150,38,0.990101,0.980301
3150,39,0.916977,0.840847
3150,40,0.87806,0.77099
3150,41,0.874606,0.764936
3150,42,0.903466,0.81625
3150,43,0.958118,0.917989
3150,44,1.02986,1.06062
3150,45,1.10901,1.2299
3150,46,1.18594,1.40646
3150,47,1.25201,1.56753
3150,48,1.30018,1.69046
3150,49,1.32552,1.75701
3150,50,1.32552,1.75702
3150,51,1.30018,1.69046
3150,52,1.25201,1.56752
3150,53,1.18594,1.40646
3150,54,1.10901,1.2299
3150,55,1.02986,1.06062
3150,56,0.958116,0.917986
3150,57,0.903466,0.81625
3150,58,0.874609,0.764942
3150,59,0.878063,0.770995
3150,60,0.916977,0.840847
3150,61,0.990099,0.980297
3150,62,1.09108,1.19046
3150,63,1.20824,1.45985
3150,64,1.32506,1.75579
3150,65,1.42135,2.02023
3150,66,1.47511,2.17595
3150,67,1.46511,2.14654
3150,68,1.37363,1.88686
3150,69,1.18936,1.41459
3150,70,0.909868,0.82786
3150,71,0.543222,0.29509
3150,72,0.108552,0.0117835
3150,73,-0.364817,0.133092
3150,74,-0.839643,0.705001
3150,75,-1.27436,1.624
3150,76,-1.62757,2.64899
3150,77,-1.86298,3.4707
3150,78,-1.95409,3.81848
3150,79,-1.88799,3.56449
3150,80,-1.66765,2.78106
3150,81,-1.31236,1.72229
3150,82,-0.855989,0.732717
3150,83,-0.343339,0.117882
3150,84,0.175041,0.0306395
3150,85,0.648947,0.421133
3150,86,1.03467,1.07054
3150,87,1.3003,1.69079
3150,88,1.42949,2.04345
3150,89,1.42302,2.025
3150,90,1.298,1.68482
3150,91,1.08476,1.17671
3150,92,0.8219,0.675519
3150,93,0.550275,0.302802
3150,94,0.306794,0.0941223
3150,95,0.119021,0.0141659
3150,96,0.00137172,1.88162e-06
3150,97,-0.0464453,0.00215716
3150,98,-0.0386,0.00148996
3150,99,0,0
3160,0,0,0
3160,1,0.0278748,0.000777006
3160,2,0.0289639,0.000838909
3160,3,-0.0183121,0.000335333
3160,4,-0.126016,0.01588
3160,5,-0.293935,0.0863976
3160,6,-0.508845,0.258923
3160,7,-0.745981,0.556488
3160,8,-0.972435,0.94563
3160,9,-1.15202,1.32715
3160,10,-1.2508,1.56449
3160,11,-1.24241,1.54359
3160,12,-1.11251,1.23769
3160,13,-0.861408,0.742023
3160,14,-0.504737,0.254759
3160,15,-0.0719752,0.00518042
3160,16,0.396996,0.157606
3160,17,0.856696,0.733928
3160,18,1.26156,1.59152
3160,19,1.57139,2.46928
3160,20,1.75603,3.08366
3160,21,1.79858,3.23488
3160,22,1.69688,2.87939
3160,23,1.46315,2.14081
3160,24,1.12193,1.25872
3160,25,0.706608,0.499295
3160,26,0.255287,0.0651716
3160,27,-0.193709,0.0375232
3160,28,-0.605846,0.36705
3160,29,-0.953677,0.909499
3160,30,-1.21893,1.48578
3160,31,-1.39338,1.94151
3160,32,-1.4785,2.18597
3160,33,-1.48408,2.20251
3160,34,-1.42608,2.03372
3160,35,-1.32416,1.7534
3160,36,-1.19908,1.4378
3160,37,-1.07045,1.14585
3160,38,-0.95483,0.911701
3160,39,-0.864551,0.747449
3160,40,-0.807054,0.651337
3160,41,-0.784874,0.616027
3160,42,-0.796127,0.633817
3160,43,-0.835314,0.69775
3160,44,-0.894392,0.799938
3160,45,-0.963895,0.929093
3160,46,-1.03404,1.06923
3160,47,-1.09573,1.20062
3160,48,-1.1414,1.30279
3160,49,-1.16563,1.3587
3160,50,-1.16563,1.3587
3160,51,-1.14139,1.30278
3160,52,-1.09573,1.20062
3160,53,-1.03404,1.06924
3160,54,-0.963896,0.929095
3160,55,-0.894391,0.799936
3160,56,-0.835313,0.697747
3160,57,-0.796126,0.633817
3160,58,-0.784876,0.61603
3160,59,-0.807052,0.651333
3160,60,-0.864551,0.747448
3160,61,-0.954829,0.911698
3160,62,-1.07044,1.14585
3160,63,-1.19908,1.43779
3160,64,-1.32416,1.7534
3160,65,-1.42609,2.03372
3160,66,-1.48408,2.2025
3160,67,-1.4785,2.18598
3160,68,-1.39338,1.9415
3160,69,-1.21893,1.48579
3160,70,-0.953679,0.909503
3160,71,-0.60585,0.367054
3160,72,-0.193707,0.0375224
3160,73,0.255285,0.0651703
3160,74,0.706608,0.499295
3160,75,1.12193,1.25872
3160,76,1.46315,2.1408
3160,77,1.69687,2.87938
3160,78,1.79858,3.23488
3160,79,1.75603,3.08365
3160,80,1.57139,2.46927
3160,81,1.26155,1.59152
3160,82,0.856694,0.733924
3160,83,0.396998,0.157607
3160,84,-0.0719742,0.00518028
3160,85,-0.504738,0.254761
3160,86,-0.861409,0.742026
3160,87,-1.11251,1.23769
3160,88,-1.24241,1.54359
3160,89,-1.25079,1.56449
3160,90,-1.15202,1.32716
3160,91,-0.972436,0.945631
3160,92,-0.745982,0.556489
3160,93,-0.508847,0.258925
3160,94,-0.293936,0.0863981
3160,95,-0.126016,0.0158801
3160,96,-0.0183114,0.000335306
3160,97,0.0289642,0.000838922
3160,98,0.0278735,0.000776931
3160,99,0,0
3170,0,0,0
3170,1,-0.0170611,0.00029108
3170,2,-0.0114088,0.00013016
3170,3,0.0351605,0.00123626
3170,4,0.13256,0.017572
3170,5,0.280057,0.0784316
3170,6,0.465672,0.216851
3170,7,0.667524,0.445588
3170,8,0.856814,0.734131
3170,9,1.00214,1.00429
3170,10,1.07434,1.15421
3170,11,1.05115,1.10492
3170,12,0.920991,0.848225
3170,13,0.685268,0.469592
3170,14,0.35886,0.12878
3170,15,-0.0312959,0.000979431
3170,16,-0.449276,0.201849
3170,17,-0.854473,0.730124
3170,18,-1.20646,1.45555
3170,19,-1.46981,2.16033
3170,20,-1.61814,2.61838
3170,21,-1.63699,2.67972
3170,22,-1.52504,2.32573
3170,23,-1.29379,1.67389
3170,24,-0.965702,0.932581
3170,25,-0.571188,0.326256
3170,26,-0.144893,0.020994
3170,27,0.278209,0.0774003
3170,28,0.666427,0.444125
3170,29,0.994264,0.988562
3170,30,1.24438,1.54847
3170,31,1.40843,1.98367
3170,32,1.48691,2.21091
3170,33,1.48805,2.2143
3170,34,1.42601,2.03352
3170,35,1.31878,1.73919
3170,36,1.18586,1.40627
3170,37,1.04618,1.0945
3170,38,0.916319,0.839641
3170,39,0.809194,0.654795
3170,40,0.733311,0.537745
3170,41,0.692485,0.479535
3170,42,0.686096,0.470728
3170,43,0.709691,0.503661
3170,44,0.755902,0.571388
3170,45,0.815521,0.665075
3170,46,0.878632,0.771994
3170,47,0.935736,0.875601
3170,48,0.978748,0.957948
3170,49,1.00179,1.00359
3170,50,1.0018,1.00359
3170,51,0.978748,0.957948
3170,52,0.935736,0.875602
3170,53,0.878631,0.771992
3170,54,0.81552,0.665073
3170,55,0.755903,0.571389
3170,56,0.709691,0.503661
3170,57,0.686094,0.470726
3170,58,0.692486,0.479537
3170,59,0.73331,0.537743
3170,60,0.809195,0.654797
3170,61,0.916319,0.839641
3170,62,1.04618,1.0945
3170,63,1.18587,1.40628
3170,64,1.31878,1.73919
3170,65,1.42601,2.03352
3170,66,1.48805,2.21429
3170,67,1.48691,2.21091
3170,68,1.40843,1.98367
3170,69,1.24438,1.54847
3170,70,0.994265,0.988562
3170,71,0.666428,0.444127
3170,72,0.278207,0.0773993
3170,73,-0.144896,0.0209948
3170,74,-0.57119,0.326257
3170,75,-0.965703,0.932582
3170,76,-1.29379,1.67388
3170,77,-1.52503,2.32573
3170,78,-1.63699,2.67973
3170,79,-1.61814,2.61838
3170,80,-1.46981,2.16034
3170,81,-1.20646,1.45555
3170,82,-0.854474,0.730127
3170,83,-0.449277,0.20185
3170,84,-0.0312962,0.000979451
3170,85,0.358859,0.12878
3170,86,0.685271,0.469596
3170,87,0.920992,0.848227
3170,88,1.05115,1.10492
3170,89,1.07434,1.15422
3170,90,1.00214,1.00429
3170,91,0.856816,0.734133
3170,92,0.667527,0.445592
3170,93,0.465676,0.216854
3170,94,0.280056,0.0784315
3170,95,0.132561,0.0175723
3170,96,0.0351603,0.00123625
3170,97,-0.0114064,0.000130106
3170,98,-0.0170597,0.000291033
3170,99,0,0
3180,0,0,0
3180,1,0.00619074,3.83253e-05
3180,2,-0.00618974,3.83128e-05
3180,3,-0.0518851,0.00269206
3180,4,-0.138644,0.0192222
3180,5,-0.265216,0.0703395
3180,6,-0.420917,0.177171
3180,7,-0.586801,0.344335
3180,8,-0.738289,0.54507
3180,9,-0.848877,0.720593
3180,10,-0.894265,0.79971
3180,11,-0.856337,0.733313
3180,12,-0.726355,0.527591
3180,13,-0.506808,0.256855
3180,14,-0.211764,0.044844
3180,15,0.134464,0.0180806
3180,16,0.500038,0.250038
3180,17,0.849352,0.721398
3180,18,1.14726,1.3162
3180,19,1.36321,1.85834
3180,20,1.47473,2.17482
3180,21,1.4698,2.16033
3180,22,1.34798,1.81706
3180,23,1.12,1.2544
3180,24,0.806167,0.649905
3180,25,0.433796,0.188179
3180,26,0.0339712,0.00115404
3180,27,-0.3618,0.1309
3180,28,-0.724778,0.525303
3180,29,-1.0315,1.06399
3180,30,-1.26561,1.60177
3180,31,-1.4187,2.0127
3180,32,-1.49026,2.22089
3180,33,-1.48696,2.21104
3180,34,-1.4211,2.01953
3180,35,-1.30894,1.71331
3180,36,-1.16864,1.36571
3180,37,-1.0184,1.03713
3180,38,-0.874734,0.76516
3180,39,-0.751131,0.564198
3180,40,-0.657115,0.4318
3180,41,-0.597775,0.357335
3180,42,-0.573761,0.329201
3180,43,-0.581681,0.338353
3180,44,-0.614873,0.378069
3180,45,-0.664407,0.441436
3180,46,-0.720275,0.518795
3180,47,-0.772599,0.59691
3180,48,-0.812807,0.660655
3180,49,-0.834582,0.696527
3180,50,-0.834582,0.696527
3180,51,-0.812807,0.660656
3180,52,-0.7726,0.59691
3180,53,-0.720275,0.518796
3180,54,-0.664407,0.441437
3180,55,-0.614873,0.378069
3180,56,-0.581685,0.338357
3180,57,-0.573763,0.329204
3180,58,-0.597778,0.357338
3180,59,-0.657116,0.431801
3180,60,-0.751134,0.564202
3180,61,-0.874736,0.765163
3180,62,-1.0184,1.03714
3180,63,-1.16864,1.36571
3180,64,-1.30893,1.71331
3180,65,-1.4211,2.01953
3180,66,-1.48696,2.21104
3180,67,-1.49026,2.22089
3180,68,-1.41869,2.01269
3180,69,-1.26561,1.60178
3180,70,-1.0315,1.064
3180,71,-0.724777,0.525301
3180,72,-0.361801,0.1309
3180,73,0.0339749,0.00115429
3180,74,0.433798,0.18818
3180,75,0.806168,0.649907
3180,76,1.12,1.2544
3180,77,1.34799,1.81707
3180,78,1.46981,2.16033
3180,79,1.47473,2.17482
3180,80,1.36321,1.85834
3180,81,1.14726,1.31621
3180,82,0.849351,0.721397
3180,83,0.50004,0.25004
3180,84,0.134466,0.0180811
3180,85,-0.211762,0.0448432
3180,86,-0.506807,0.256853
3180,87,-0.726352,0.527587
3180,88,-0.856337,0.733313
3180,89,-0.894261,0.799703
3180,90,-0.848876,0.720591
3180,91,-0.738289,0.545071
3180,92,-0.586797,0.344331
3180,93,-0.420917,0.177171
3180,94,-0.265217,0.0703399
3180,95,-0.138642,0.0192216
3180,96,-0.0518832,0.00269186
3180,97,-0.00618907,3.83045e-05
3180,98,0.00619183,3.83387e-05
3180,99,0,0
3190,0,0,0
3190,1,0.00469825,2.20735e-05
3190,2,0.0237626,0.000564659
3190,3,0.0684367,0.00468358
3190,4,0.144261,0.0208113
3190,5,0.249484,0.0622423
3190,6,0.374734,0.140425
3190,7,0.50408,0.254096
3190,8,0.617249,0.380996
3190,9,0.692716,0.479856
3190,10,0.711138,0.505717
3190,11,0.658614,0.433772
3190,12,0.52925,0.280106
3190,13,0.326635,0.10669
3190,14,0.0639609,0.00409099
3190,15,-0.237161,0.0562454
3190,16,-0.54909,0.3015
3190,17,-0.841343,0.707858
3190,18,-1.08417,1.17543
3190,19,-1.25201,1.56752
3190,20,-1.32633,1.75915
3190,21,-1.29766,1.68391
3190,22,-1.16638,1.36043
3190,23,-0.942416,0.888149
3190,24,-0.643895,0.414601
3190,25,-0.294926,0.0869811
3190,26,0.0770647,0.00593897
3190,27,0.444171,0.197288
3190,28,0.780671,0.609447
3190,29,1.06524,1.13474
3190,30,1.28256,1.64496
3190,31,1.42416,2.02822
3190,32,1.48857,2.21584
3190,33,1.48082,2.19284
3190,34,1.41137,1.99196
3190,35,1.29465,1.67611
3190,36,1.14743,1.3166
3190,37,0.987136,0.974438
3190,38,0.830155,0.689157
3190,39,0.690493,0.476781
3190,40,0.578663,0.334851
3190,41,0.501015,0.251016
3190,42,0.459463,0.211106
3190,43,0.451693,0.204027
3190,44,0.47176,0.222558
3190,45,0.511047,0.261169
3190,46,0.55948,0.313018
3190,47,0.606851,0.368268
3190,48,0.644116,0.414885
3190,49,0.664544,0.441619
3190,50,0.664544,0.441619
3190,51,0.644118,0.414888
3190,52,0.606849,0.368266
3190,53,0.559481,0.313019
3190,54,0.511047,0.261169
3190,55,0.471762,0.222559
3190,56,0.451696,0.20403
3190,57,0.459467,0.21111
3190,58,0.501014,0.251016
3190,59,0.578664,0.334852
3190,60,0.690492,0.476779
3190,61,0.830156,0.689159
3190,62,0.987136,0.974437
3190,63,1.14743,1.31661
3190,64,1.29465,1.67611
3190,65,1.41137,1.99196
3190,66,1.48082,2.19284
3190,67,1.48857,2.21585
3190,68,1.42416,2.02823
3190,69,1.28256,1.64496
3190,70,1.06524,1.13474
3190,71,0.780671,0.609447
3190,72,0.444171,0.197288
3190,73,0.0770651,0.00593903
3190,74,-0.294925,0.0869808
3190,75,-0.643893,0.414599
3190,76,-0.942415,0.888146
3190,77,-1.16637,1.36042
3190,78,-1.29766,1.68391
3190,79,-1.32633,1.75914
3190,80,-1.252,1.56751
3190,81,-1.08417,1.17543
3190,82,-0.841345,0.707861
3190,83,-0.549089,0.301499
3190,84,-0.237161,0.0562454
3190,85,0.0639597,0.00409084
3190,86,0.326635,0.10669
3190,87,0.52925,0.280105
3190,88,0.658613,0.433771
3190,89,0.711138,0.505717
3190,90,0.692715,0.479854
3190,91,0.617246,0.380993
3190,92,0.504076,0.254093
3190,93,0.374733,0.140425
3190,94,0.24948,0.0622405
3190,95,0.144264,0.020812
3190,96,0.0684384,0.00468381
3190,97,0.0237635,0.000564706
3190,98,0.00470109,2.21003e-05
3190,99,0,0
3200,0,0,0
3200,1,-0.0155792,0.000242712
3200,2,-0.0412715,0.00170334
3200,3,-0.084778,0.00718731
3200,4,-0.149407,0.0223224
3200,5,-0.232911,0.0542474
3200,6,-0.327277,0.10711
3200,7,-0.419644,0.176101
3200,8,-0.494108,0.244142
3200,9,-0.534194,0.285363
3200,10,-0.525586,0.276241
3200,11,-0.458644,0.210354
3200,12,-0.330344,0.109127
3200,13,-0.145346,0.0211253
3200,14,0.0840593,0.00706596
3200,15,0.339052,0.114956
3200,16,0.596276,0.355545
3200,17,0.830483,0.689701
3200,18,1.01741,1.03513
3200,19,1.13656,1.29177
3200,20,1.17344,1.37697
3200,21,1.12112,1.25691
3200,22,0.980822,0.962012
3200,23,0.761648,0.580107
3200,24,0.479447,0.22987
3200,25,0.155062,0.0240442
3200,26,-0.18784,0.0352838
3200,27,-0.525031,0.275657
3200,28,-0.833917,0.695418
3200,29,-1.09537,1.19985
3200,30,-1.29517,1.67745
3200,31,-1.4248,2.03005
3200,32,-1.48183,2.19582
3200,33,-1.46966,2.15991
3200,34,-1.39684,1.95115
3200,35,-1.27594,1.62804
3200,36,-1.12232,1.25961
3200,37,-0.952511,0.907278
3200,38,-0.782748,0.612695
3200,39,-0.627505,0.393763
3200,40,-0.498256,0.248259
3200,41,-0.402564,0.162058
3200,42,-0.343621,0.118076
3200,43,-0.320183,0.102517
3200,44,-0.327055,0.106965
3200,45,-0.355958,0.126706
3200,46,-0.396798,0.157449
3200,47,-0.439057,0.192771
3200,48,-0.473265,0.22398
3200,49,-0.492283,0.242342
3200,50,-0.492284,0.242344
3200,51,-0.473264,0.223979
3200,52,-0.43906,0.192774
3200,53,-0.396797,0.157448
3200,54,-0.355957,0.126705
3200,55,-0.327051,0.106962
3200,56,-0.320182,0.102516
3200,57,-0.343621,0.118075
3200,58,-0.402564,0.162058
3200,59,-0.498252,0.248255
3200,60,-0.627503,0.39376
3200,61,-0.782748,0.612695
3200,62,-0.952511,0.907277
3200,63,-1.12232,1.25961
3200,64,-1.27595,1.62804
3200,65,-1.39684,1.95115
3200,66,-1.46966,2.15991
3200,67,-1.48183,2.19582
3200,68,-1.4248,2.03004
3200,69,-1.29517,1.67746
3200,70,-1.09538,1.19985
3200,71,-0.833918,0.695419
3200,72,-0.525033,0.27566
3200,73,-0.187842,0.0352847
3200,74,0.155061,0.0240438
3200,75,0.479447,0.229869
3200,76,0.761646,0.580105
3200,77,0.980822,0.962011
3200,78,1.12112,1.25691
3200,79,1.17344,1.37697
3200,80,1.13656,1.29177
3200,81,1.01741,1.03513
3200,82,0.830481,0.689699
3200,83,0.596275,0.355544
3200,84,0.339051,0.114956
3200,85,0.0840593,0.00706597
3200,86,-0.145347,0.0211258
3200,87,-0.330345,0.109128
3200,88,-0.458641,0.210352
3200,89,-0.525586,0.27624
3200,90,-0.534193,0.285362
3200,91,-0.494105,0.24414
3200,92,-0.419641,0.176098
3200,93,-0.327275,0.107109
3200,94,-0.232912,0.0542478
3200,95,-0.149409,0.0223229
3200,96,-0.0847781,0.00718733
3200,97,-0.0412707,0.00170327
3200,98,-0.0155801,0.00024274
3200,99,0,0
3210,0,0,0
3210,1,0.0264094,0.000697455
3210,2,0.0586404,0.00343869
3210,3,0.100825,0.0101657
3210,4,0.154046,0.0237302
3210,5,0.215549,0.0464613
3210,6,0.278715,0.0776821
3210,7,0.333792,0.111417
3210,8,0.369301,0.136383
3210,9,0.373876,0.139783
3210,10,0.338271,0.114427
3210,11,0.257131,0.0661164
3210,12,0.130327,0.0169851
3210,13,-0.0364319,0.00132728
3210,14,-0.231808,0.053735
3210,15,-0.439819,0.193441
3210,16,-0.641469,0.411483
3210,17,-0.816832,0.667215
3210,18,-0.947221,0.897227
3210,19,-1.01727,1.03484
3210,20,-1.01658,1.03344
3210,21,-0.940787,0.88508
3210,22,-0.791948,0.627182
3210,23,-0.578304,0.334435
3210,24,-0.313381,0.0982076
3210,25,-0.0146727,0.000215288
3210,26,0.297987,0.088796
3210,27,0.604131,0.364974
3210,28,0.88436,0.782092
3210,29,1.12181,1.25847
3210,30,1.30339,1.69883
3210,31,1.42061,2.01814
3210,32,1.47007,2.1611
3210,33,1.45352,2.11273
3210,34,1.37757,1.8977
3210,35,1.25293,1.56983
3210,36,1.09341,1.19555
3210,37,0.914669,0.836619
3210,38,0.732698,0.536846
3210,39,0.562398,0.316292
3210,40,0.416153,0.173183
3210,41,0.302745,0.0916548
3210,42,0.22661,0.051352
3210,43,0.187586,0.0351887
3210,44,0.181236,0.0328463
3210,45,0.199665,0.039866
3210,46,0.232773,0.0541833
3210,47,0.269778,0.0727802
3210,48,0.300803,0.0904823
3210,49,0.318344,0.101343
3210,50,0.318342,0.101342
3210,51,0.300805,0.0904834
3210,52,0.269777,0.0727795
3210,53,0.232774,0.0541838
3210,54,0.199667,0.039867
3210,55,0.181237,0.0328469
3210,56,0.187584,0.0351879
3210,57,0.226611,0.0513525
3210,58,0.302744,0.0916537
3210,59,0.416153,0.173183
3210,60,0.562393,0.316286
3210,61,0.732699,0.536848
3210,62,0.914667,0.836616
3210,63,1.09341,1.19556
3210,64,1.25293,1.56982
3210,65,1.37757,1.8977
3210,66,1.45352,2.11273
3210,67,1.47007,2.1611
3210,68,1.42061,2.01813
3210,69,1.30339,1.69883
3210,70,1.12181,1.25847
3210,71,0.88436,0.782092
3210,72,0.604128,0.364971
3210,73,0.297983,0.0887941
3210,74,-0.014675,0.000215356
3210,75,-0.313382,0.0982084
3210,76,-0.578308,0.33444
3210,77,-0.791952,0.627188
3210,78,-0.940786,0.885078
3210,79,-1.01659,1.03345
3210,80,-1.01727,1.03485
3210,81,-0.947223,0.897232
3210,82,-0.816833,0.667216
3210,83,-0.641472,0.411486
3210,84,-0.439817,0.193439
3210,85,-0.231809,0.0537352
3210,86,-0.036432,0.00132729
3210,87,0.130328,0.0169853
3210,88,0.25713,0.0661157
3210,89,0.338271,0.114428
3210,90,0.373876,0.139783
3210,91,0.369301,0.136383
3210,92,0.333794,0.111419
3210,93,0.278715,0.0776823
3210,94,0.21555,0.0464619
3210,95,0.154044,0.0237297
3210,96,0.100827,0.010166
3210,97,0.0586406,0.00343872
3210,98,0.02641,0.000697486
3210,99,0,0
3220,0,0,0
3220,1,-0.0371458,0.00137981
3220,2,-0.075805,0.0057464
3220,3,-0.116525,0.013578
3220,4,-0.158152,0.0250121
3220,5,-0.197461,0.0389908
3220,6,-0.229218,0.052541
3220,7,-0.246822,0.0609213
3220,8,-0.243256,0.0591733
3220,9,-0.212303,0.0450726
3220,10,-0.149813,0.022444
3220,11,-0.0547491,0.00299746
3220,12,0.0701307,0.00491831
3220,13,0.218087,0.0475617
3220,14,0.378771,0.143467
3220,15,0.539093,0.290621
3220,16,0.684494,0.468532
3220,17,0.800422,0.640676
3220,18,0.873841,0.763597
3220,19,0.894569,0.800254
3220,20,0.856313,0.733271
3220,21,0.757293,0.573493
3220,22,0.600418,0.360502
3220,23,0.393015,0.154461
3220,24,0.146264,0.0213931
3220,25,-0.125765,0.0158169
3220,26,-0.407125,0.165751
3220,27,-0.681188,0.464017
3220,28,-0.931819,0.868286
3220,29,-1.14447,1.30982
3220,30,-1.30723,1.70886
3220,31,-1.41165,1.99275
3220,32,-1.45336,2.11227
3220,33,-1.4325,2.05206
3220,34,-1.35368,1.83245
3220,35,-1.22569,1.50233
3220,36,-1.06082,1.12534
3220,37,-0.873744,0.763428
3220,38,-0.680176,0.462639
3220,39,-0.495388,0.245409
3220,40,-0.332647,0.110654
3220,41,-0.201909,0.0407671
3220,42,-0.108832,0.0118445
3220,43,-0.0543551,0.00295448
3220,44,-0.0348066,0.0012115
3220,45,-0.0426928,0.00182268
3220,46,-0.0679512,0.00461737
3220,47,-0.0995659,0.00991337
3220,48,-0.127304,0.0162064
3220,49,-0.143305,0.0205362
3220,50,-0.143303,0.0205358
3220,51,-0.127305,0.0162066
3220,52,-0.0995653,0.00991325
3220,53,-0.0679507,0.00461729
3220,54,-0.042691,0.00182252
3220,55,-0.0348065,0.00121149
3220,56,-0.054353,0.00295425
3220,57,-0.108836,0.0118453
3220,58,-0.201909,0.0407671
3220,59,-0.33265,0.110656
3220,60,-0.495388,0.245409
3220,61,-0.680179,0.462643
3220,62,-0.873744,0.763429
3220,63,-1.06083,1.12535
3220,64,-1.2257,1.50233
3220,65,-1.35368,1.83245
3220,66,-1.43251,2.05207
3220,67,-1.45337,2.11228
3220,68,-1.41165,1.99275
3220,69,-1.30723,1.70886
3220,70,-1.14447,1.30982
3220,71,-0.931816,0.86828
3220,72,-0.681186,0.464015
3220,73,-0.407122,0.165749
3220,74,-0.125763,0.0158163
3220,75,0.146263,0.0213929
3220,76,0.393017,0.154462
3220,77,0.600416,0.360499
3220,78,0.757295,0.573496
3220,79,0.856316,0.733277
3220,80,0.894571,0.800258
3220,81,0.873843,0.763601
3220,82,0.800424,0.640678
3220,83,0.684495,0.468534
3220,84,0.539092,0.29062
3220,85,0.378769,0.143466
3220,86,0.21809,0.0475631
3220,87,0.070129,0.00491807
3220,88,-0.0547513,0.0029977
3220,89,-0.149816,0.0224449
3220,90,-0.212305,0.0450734
3220,91,-0.243257,0.059174
3220,92,-0.246822,0.0609213
3220,93,-0.229217,0.0525404
3220,94,-0.19746,0.0389903
3220,95,-0.158155,0.0250132
3220,96,-0.116525,0.013578
3220,97,-0.0758058,0.00574651
3220,98,-0.0371477,0.00137995
3220,99,0,0
3230,0,0,0
3230,1,0.047754,0.00228044
3230,2,0.0927017,0.00859361
3230,3,0.131822,0.017377
3230,4,0.161726,0.0261552
3230,5,0.1787,0.0319337
3230,6,0.178946,0.0320216
3230,7,0.159021,0.0252877
3230,8,0.11639,0.0135466
3230,9,0.0500121,0.00250121
3230,10,-0.0391503,0.00153275
3230,11,-0.147821,0.0218511
3230,12,-0.270358,0.0730935
3230,13,-0.399015,0.159213
3230,14,-0.524461,0.27506
3230,15,-0.636555,0.405203
3230,16,-0.725213,0.525933
3230,17,-0.781313,0.61045
3230,18,-0.79751,0.636022
3230,19,-0.76884,0.591115
3230,20,-0.693146,0.480451
3230,21,-0.571235,0.326309
3230,22,-0.406842,0.16552
3230,23,-0.206391,0.0425971
3230,24,0.0213606,0.000456275
3230,25,0.265784,0.0706414
3230,26,0.514888,0.265109
3230,27,0.755943,0.57145
3230,28,0.97612,0.952811
3230,29,1.16326,1.35317
3230,30,1.30666,1.70735
3230,31,1.39792,1.95417
3230,32,1.43175,2.04992
3230,33,1.40664,1.97863
3230,34,1.32521,1.75618
3230,35,1.19431,1.42638
3230,36,1.02464,1.04989
3230,37,0.829857,0.688663
3230,38,0.625354,0.391068
3230,39,0.426711,0.182082
3230,40,0.248024,0.0615159
3230,41,0.100393,0.0100788
3230,42,-0.00930451,8.65739e-05
3230,43,-0.0790606,0.00625057
3230,44,-0.111749,0.0124877
3230,45,-0.114435,0.0130953
3230,46,-0.0971138,0.0094311
3230,47,-0.0709908,0.0050397
3230,48,-0.0466345,0.00217478
3230,49,-0.032228,0.00103864
3230,50,-0.032228,0.00103865
3230,51,-0.0466354,0.00217486
3230,52,-0.0709916,0.00503981
3230,53,-0.0971142,0.00943116
3230,54,-0.114438,0.013096
3230,55,-0.111748,0.0124876
3230,56,-0.0790635,0.00625103
3230,57,-0.00930678,8.66161e-05
3230,58,0.100391,0.0100784
3230,59,0.248023,0.0615153
3230,60,0.426709,0.18208
3230,61,0.625355,0.391068
3230,62,0.829857,0.688663
3230,63,1.02464,1.04989
3230,64,1.19431,1.42638
3230,65,1.32521,1.75617
3230,66,1.40664,1.97863
3230,67,1.43176,2.04992
3230,68,1.39792,1.95417
3230,69,1.30666,1.70735
3230,70,1.16326,1.35317
3230,71,0.976121,0.952813
3230,72,0.755946,0.571454
3230,73,0.514889,0.26511
3230,74,0.265785,0.0706417
3230,75,0.0213633,0.000456393
3230,76,-0.206392,0.0425976
3230,77,-0.406841,0.16552
3230,78,-0.571238,0.326313
3230,79,-0.693144,0.480449
3230,80,-0.76884,0.591115
3230,81,-0.79751,0.636022
3230,82,-0.781316,0.610454
3230,83,-0.725212,0.525933
3230,84,-0.636554,0.405201
3230,85,-0.524459,0.275058
3230,86,-0.399013,0.159211
3230,87,-0.270357,0.0730928
3230,88,-0.147819,0.0218503
3230,89,-0.0391482,0.00153258
3230,90,0.0500138,0.00250138
3230,91,0.116389,0.0135465
3230,92,0.15902,0.0252875
3230,93,0.178945,0.0320215
3230,94,0.178702,0.0319344
3230,95,0.161726,0.0261553
3230,96,0.131822,0.017377
3230,97,0.0927013,0.00859354
3230,98,0.0477508,0.00228014
3230,99,0,0
3240,0,0,0
3240,1,-0.0581977,0.00338697
3240,2,-0.109291,0.0119444
3240,3,-0.146678,0.0215144
3240,4,-0.164746,0.0271411
3240,5,-0.159321,0.0253831
3240,6,-0.128053,0.0163976
3240,7,-0.0706667,0.00499378
3240,8,0.010879,0.000118353
3240,9,0.112448,0.0126445
3240,10,0.227974,0.0519723
3240,11,0.349877,0.122414
3240,12,0.469663,0.220584
3240,13,0.578587,0.334763
3240,14,0.668378,0.446729
3240,15,0.731861,0.535621
3240,16,0.76347,0.582887
3240,17,0.759552,0.576919
3240,18,0.71846,0.516184
3240,19,0.640482,0.410217
3240,20,0.527601,0.278363
3240,21,0.38322,0.146857
3240,22,0.211881,0.0448936
3240,23,0.019063,0.000363397
3240,24,-0.188909,0.0356868
3240,25,-0.404896,0.163941
3240,26,-0.620906,0.385524
3240,27,-0.828134,0.685806
3240,28,-1.01712,1.03453
3240,29,-1.1781,1.38793
3240,30,-1.30164,1.69427
3240,31,-1.37944,1.90285
3240,32,-1.40528,1.97481
3240,33,-1.376,1.89337
3240,34,-1.29224,1.66989
3240,35,-1.15889,1.34302
3240,36,-0.984992,0.970209
3240,37,-0.783161,0.613342
3240,38,-0.568406,0.323086
3240,39,-0.356572,0.127144
3240,40,-0.162547,0.0264215
3240,41,0.00147822,2.18512e-06
3240,42,0.127422,0.0162364
3240,43,0.212209,0.0450325
3240,44,0.257913,0.066519
3240,45,0.271153,0.0735239
3240,46,0.261818,0.0685485
3240,47,0.241271,0.0582119
3240,48,0.22038,0.0485674
3240,49,0.207615,0.0431039
3240,50,0.207615,0.0431039
3240,51,0.220378,0.0485664
3240,52,0.241271,0.0582116
3240,53,0.261817,0.0685481
3240,54,0.271152,0.0735236
3240,55,0.25791,0.0665175
3240,56,0.212211,0.0450334
3240,57,0.127422,0.0162364
3240,58,0.00147995,2.19026e-06
3240,59,-0.162543,0.0264203
3240,60,-0.35657,0.127142
3240,61,-0.568407,0.323086
3240,62,-0.783162,0.613343
3240,63,-0.984992,0.970209
3240,64,-1.15889,1.34302
3240,65,-1.29224,1.66988
3240,66,-1.376,1.89337
3240,67,-1.40528,1.97481
3240,68,-1.37944,1.90285
3240,69,-1.30164,1.69427
3240,70,-1.1781,1.38792
3240,71,-1.01712,1.03453
3240,72,-0.828137,0.685811
3240,73,-0.620908,0.385527
3240,74,-0.404897,0.163941
3240,75,-0.188911,0.0356873
3240,76,0.0190636,0.000363421
3240,77,0.21188,0.0448929
3240,78,0.383221,0.146858
3240,79,0.527602,0.278364
3240,80,0.640482,0.410218
3240,81,0.718461,0.516187
3240,82,0.759553,0.576921
3240,83,0.763472,0.582889
3240,84,0.73186,0.53562
3240,85,0.668377,0.446727
3240,86,0.578589,0.334765
3240,87,0.469664,0.220584
3240,88,0.34988,0.122416
3240,89,0.227973,0.0519718
3240,90,0.112447,0.0126443
3240,91,0.0108758,0.000118284
3240,92,-0.0706672,0.00499385
3240,93,-0.12805,0.0163969
3240,94,-0.159322,0.0253834
3240,95,-0.164745,0.0271409
3240,96,-0.146675,0.0215137
3240,97,-0.10929,0.0119443
3240,98,-0.0581957,0.00338674
3240,99,0,0
3250,0,0,0
3250,1,0.0684471,0.00468501
3250,2,0.125514,0.0157537
3250,3,0.161046,0.0259357
3250,4,0.167222,0.0279633
3250,5,0.139426,0.0194395
3250,6,0.0767374,0.00588863
3250,7,-0.0179212,0.000321169
3250,8,-0.138114,0.0190754
3250,9,-0.274543,0.0753737
3250,10,-0.416048,0.173096
3250,11,-0.550771,0.303349
3250,12,-0.667392,0.445412
3250,13,-0.756202,0.571842
3250,14,-0.810022,0.656136
3250,15,-0.824674,0.680087
3250,16,-0.799124,0.638598
3250,17,-0.735199,0.540518
3250,18,-0.636967,0.405726
3250,19,-0.509949,0.260048
3250,20,-0.360269,0.129794
3250,21,-0.193903,0.0375983
3250,22,-0.0161918,0.000262175
3250,23,0.168342,0.0283391
3250,24,0.355831,0.126616
3250,25,0.542642,0.29446
3250,26,0.724819,0.525362
3250,27,0.897515,0.805532
3250,28,1.05466,1.11231
3250,29,1.18894,1.41357
3250,30,1.2922,1.66979
3250,31,1.35626,1.83945
3250,32,1.37402,1.88793
3250,33,1.34067,1.7974
3250,34,1.25487,1.57469
3250,35,1.1195,1.25328
3250,36,0.941972,0.887311
3250,37,0.733789,0.538447
3250,38,0.509518,0.259608
3250,39,0.285225,0.0813531
3250,40,0.0765234,0.00585584
3250,41,-0.103329,0.0106769
3250,42,-0.245092,0.0600702
3250,43,-0.344627,0.118768
3250,44,-0.403193,0.162565
3250,45,-0.426946,0.182283
3250,46,-0.425628,0.181159
3250,47,-0.410731,0.1687
3250,48,-0.393371,0.154741
3250,49,-0.38229,0.146146
3250,50,-0.382287,0.146144
3250,51,-0.393371,0.15474
3250,52,-0.41073,0.168699
3250,53,-0.425629,0.18116
3250,54,-0.426944,0.182281
3250,55,-0.403192,0.162564
3250,56,-0.344628,0.118768
3250,57,-0.245093,0.0600705
3250,58,-0.103328,0.0106768
3250,59,0.0765239,0.0058559
3250,60,0.285222,0.0813515
3250,61,0.509519,0.259609
3250,62,0.733787,0.538444
3250,63,0.941973,0.887312
3250,64,1.1195,1.25328
3250,65,1.25487,1.57469
3250,66,1.34067,1.79739
3250,67,1.37402,1.88793
3250,68,1.35626,1.83945
3250,69,1.2922,1.66978
3250,70,1.18894,1.41357
3250,71,1.05466,1.11231
3250,72,0.897514,0.805532
3250,73,0.724818,0.525361
3250,74,0.542642,0.294461
3250,75,0.355829,0.126614
3250,76,0.16834,0.0283384
3250,77,-0.0161901,0.000262119
3250,78,-0.193904,0.0375988
3250,79,-0.360268,0.129793
3250,80,-0.509947,0.260046
3250,81,-0.636967,0.405728
3250,82,-0.735199,0.540518
3250,83,-0.799125,0.638601
3250,84,-0.824674,0.680087
3250,85,-0.81002,0.656132
3250,86,-0.756203,0.571843
3250,87,-0.66739,0.445409
3250,88,-0.550772,0.30335
3250,89,-0.416049,0.173096
3250,90,-0.274542,0.0753733
3250,91,-0.138112,0.0190749
3250,92,-0.0179195,0.00032111
3250,93,0.0767388,0.00588884
3250,94,0.139424,0.0194391
3250,95,0.167223,0.0279635
3250,96,0.161045,0.0259355
3250,97,0.125511,0.0157531
3250,98,0.0684473,0.00468503
3250,99,0,0
3260,0,0,0
3260,1,-0.0784692,0.00615741
3260,2,-0.141308,0.019968
3260,3,-0.174854,0.0305741
3260,4,-0.169115,0.0285998
3260,5,-0.119033,0.014169
3260,6,-0.0251445,0.000632246
3260,7,0.10647,0.0113359
3260,8,0.264896,0.07017
3260,9,0.435719,0.189851
3260,10,0.602717,0.363268
3260,11,0.749805,0.562207
3260,12,0.862853,0.744515
3260,13,0.931249,0.867224
3260,14,0.948911,0.900433
3260,15,0.914684,0.836647
3260,16,0.832066,0.692334
3260,17,0.70835,0.501759
3260,18,0.553316,0.306159
3260,19,0.377693,0.142652
3260,20,0.191723,0.0367578
3260,21,0.00393577,1.54903e-05
3260,22,-0.179547,0.0322371
3260,23,-0.355172,0.126147
3260,24,-0.521549,0.272014
3260,25,-0.678567,0.460453
3260,26,-0.826296,0.682765
3260,27,-0.963878,0.92906
3260,28,-1.08865,1.18516
3260,29,-1.19577,1.42986
3260,30,-1.2784,1.63431
3260,31,-1.32851,1.76494
3260,32,-1.33812,1.79055
3260,33,-1.30081,1.69209
3260,34,-1.21325,1.47196
3260,35,-1.07632,1.15847
3260,36,-0.895765,0.802395
3260,37,-0.681926,0.465023
3260,38,-0.448903,0.201514
3260,39,-0.212905,0.0453287
3260,40,0.00976307,9.53175e-05
3260,41,0.204833,0.0419566
3260,42,0.361933,0.130995
3260,43,0.475872,0.226454
3260,44,0.547103,0.299321
3260,45,0.581285,0.337893
3260,46,0.587994,0.345737
3260,47,0.578794,0.335002
3260,48,0.565022,0.31925
3260,49,0.555663,0.308761
3260,50,0.555662,0.30876
3260,51,0.565024,0.319252
3260,52,0.578794,0.335003
3260,53,0.587995,0.345738
3260,54,0.581286,0.337894
3260,55,0.547101,0.299319
3260,56,0.475873,0.226455
3260,57,0.361933,0.130996
3260,58,0.204835,0.0419573
3260,59,0.00976352,9.53263e-05
3260,60,-0.212906,0.0453288
3260,61,-0.448904,0.201515
3260,62,-0.681927,0.465024
3260,63,-0.895767,0.802398
3260,64,-1.07632,1.15847
3260,65,-1.21324,1.47196
3260,66,-1.3008,1.69209
3260,67,-1.33811,1.79055
3260,68,-1.32851,1.76494
3260,69,-1.2784,1.63431
3260,70,-1.19577,1.42986
3260,71,-1.08865,1.18516
3260,72,-0.963877,0.92906
3260,73,-0.826297,0.682767
3260,74,-0.678567,0.460454
3260,75,-0.52155,0.272014
3260,76,-0.355174,0.126148
3260,77,-0.179544,0.0322359
3260,78,0.00393675,1.5498e-05
3260,79,0.191723,0.0367575
3260,80,0.377693,0.142652
3260,81,0.553313,0.306156
3260,82,0.708351,0.501761
3260,83,0.832064,0.692331
3260,84,0.914684,0.836648
3260,85,0.948909,0.900429
3260,86,0.931249,0.867225
3260,87,0.862852,0.744514
3260,88,0.749801,0.562202
3260,89,0.602715,0.363265
3260,90,0.435718,0.18985
3260,91,0.264899,0.0701715
3260,92,0.106469,0.0113356
3260,93,-0.0251452,0.000632279
3260,94,-0.119035,0.0141693
3260,95,-0.169116,0.0286001
3260,96,-0.174855,0.0305742
3260,97,-0.141309,0.0199682
3260,98,-0.0784683,0.00615727
3260,99,0,0
3270,0,0,0
3270,1,0.0882277,0.00778412
3270,2,0.156633,0.024534
3270,3,0.188084,0.0353756
3270,4,0.170445,0.0290516
3270,5,0.098248,0.00965266
3270,6,-0.0265303,0.000703854
3270,7,-0.194657,0.0378915
3270,8,-0.390791,0.152718
3270,9,-0.59543,0.354537
3270,10,-0.78736,0.619936
3270,11,-0.946311,0.895504
3270,12,-1.05541,1.1139
3270,13,-1.10317,1.21697
3270,14,-1.08462,1.17639
3270,15,-1.00162,1.00324
3270,16,-0.86221,0.743406
3270,17,-0.679119,0.461202
3270,18,-0.467794,0.218832
3270,19,-0.244159,0.0596136
3270,20,-0.0225257,0.000507409
3270,21,0.186042,0.0346118
3270,22,0.374674,0.14038
3270,23,0.540795,0.29246
3270,24,0.685496,0.469904
3270,25,0.812186,0.659646
3270,26,0.924977,0.855582
3270,27,1.02698,1.05469
3270,28,1.11896,1.25207
3270,29,1.19856,1.43655
3270,30,1.26028,1.58832
3270,31,1.29627,1.68033
3270,32,1.29769,1.68401
3270,33,1.25655,1.57892
3270,34,1.16753,1.36312
3270,35,1.02952,1.05992
3270,36,0.846541,0.716632
3270,37,0.627777,0.394104
3270,38,0.386789,0.149606
3270,39,0.139883,0.0195673
3270,40,-0.0960067,0.00921729
3270,41,-0.305638,0.0934148
3270,42,-0.477546,0.228051
3270,43,-0.605504,0.366636
3270,44,-0.689161,0.474943
3270,45,-0.733662,0.53826
3270,46,-0.748376,0.560067
3270,47,-0.744911,0.554892
3270,48,-0.734781,0.539903
3270,49,-0.727177,0.528786
3270,50,-0.727176,0.528785
3270,51,-0.73478,0.539902
3270,52,-0.744908,0.554888
3270,53,-0.748376,0.560067
3270,54,-0.733664,0.538262
3270,55,-0.689161,0.474943
3270,56,-0.605506,0.366637
3270,57,-0.477545,0.228049
3270,58,-0.305638,0.0934146
3270,59,-0.0960033,0.00921664
3270,60,0.139885,0.0195677
3270,61,0.386791,0.149607
3270,62,0.627777,0.394104
3270,63,0.846541,0.716632
3270,64,1.02952,1.05992
3270,65,1.16753,1.36312
3270,66,1.25655,1.57892
3270,67,1.29769,1.684
3270,68,1.29627,1.68033
3270,69,1.26029,1.58832
3270,70,1.19856,1.43655
3270,71,1.11896,1.25207
3270,72,1.02698,1.05469
3270,73,0.924972,0.855574
3270,74,0.812186,0.659646
3270,75,0.685492,0.469899
3270,76,0.540795,0.292459
3270,77,0.374672,0.140379
3270,78,0.186044,0.0346122
3270,79,-0.0225243,0.000507344
3270,80,-0.244158,0.0596133
3270,81,-0.467796,0.218833
3270,82,-0.67912,0.461204
3270,83,-0.862212,0.743409
3270,84,-1.00162,1.00324
3270,85,-1.08461,1.17639
3270,86,-1.10317,1.21698
3270,87,-1.05541,1.1139
3270,88,-0.946312,0.895506
3270,89,-0.787359,0.619935
3270,90,-0.595431,0.354538
3270,91,-0.390792,0.152718
3270,92,-0.194658,0.0378918
3270,93,-0.0265306,0.000703872
3270,94,0.0982479,0.00965266
3270,95,0.170448,0.0290525
3270,96,0.188086,0.0353765
3270,97,0.156636,0.0245347
3270,98,0.0882249,0.00778362
3270,99,0,0
3280,0,0,0
3280,1,-0.0976844,0.00954224
3280,2,-0.171428,0.0293875
3280,3,-0.200684,0.0402741
3280,4,-0.171207,0.0293119
3280,5,-0.0771382,0.0059503
3280,6,0.0781107,0.00610129
3280,7,0.282181,0.0796259
3280,8,0.515363,0.265599
3280,9,0.753133,0.567209
3280,10,0.969351,0.939642
3280,11,1.13963,1.29875
3280,12,1.24441,1.54855
3280,13,1.27135,1.61633
3280,14,1.21664,1.48021
3280,15,1.08516,1.17757
3280,16,0.88943,0.791086
3280,17,0.647595,0.419379
3280,18,0.380708,0.144938
3280,19,0.109821,0.0120607
3280,20,-0.146723,0.0215277
3280,21,-0.375365,0.140899
3280,22,-0.5685,0.323192
3280,23,-0.72456,0.524987
3280,24,-0.847089,0.71756
3280,25,-0.943026,0.889297
3280,26,-1.0205,1.04141
3280,27,-1.08658,1.18066
3280,28,-1.14547,1.31209
3280,29,-1.19728,1.43349
3280,30,-1.2379,1.5324
3280,31,-1.25965,1.58671
3280,32,-1.25288,1.56971
3280,33,-1.20805,1.45938
3280,34,-1.11786,1.24961
3280,35,-0.979228,0.958887
3280,36,-0.79444,0.631135
3280,37,-0.571482,0.326592
3280,38,-0.323339,0.104548
3280,39,-0.0663661,0.00440446
3280,40,0.181935,0.0331005
3280,41,0.405417,0.164363
3280,42,0.591546,0.349926
3280,43,0.733099,0.537434
3280,44,0.828902,0.687079
3280,45,0.88358,0.780714
3280,46,0.906254,0.821297
3280,47,0.908537,0.825439
3280,48,0.902088,0.813763
3280,49,0.896266,0.803293
3280,50,0.896263,0.803287
3280,51,0.902088,0.813764
3280,52,0.908536,0.825437
3280,53,0.906256,0.821299
3280,54,0.883577,0.780708
3280,55,0.828902,0.687079
3280,56,0.733094,0.537427
3280,57,0.591544,0.349925
3280,58,0.405415,0.164362
3280,59,0.181936,0.0331007
3280,60,-0.0663679,0.0044047
3280,61,-0.323338,0.104548
3280,62,-0.571482,0.326592
3280,63,-0.79444,0.631136
3280,64,-0.979227,0.958885
3280,65,-1.11786,1.24961
3280,66,-1.20805,1.45938
3280,67,-1.25288,1.56971
3280,68,-1.25965,1.58671
3280,69,-1.2379,1.53239
3280,70,-1.19728,1.43348
3280,71,-1.14546,1.31209
3280,72,-1.08658,1.18066
3280,73,-1.0205,1.04141
3280,74,-0.943025,0.889297
3280,75,-0.847088,0.717558
3280,76,-0.724557,0.524983
3280,77,-0.5685,0.323192
3280,78,-0.375361,0.140896
3280,79,-0.14672,0.0215268
3280,80,0.109821,0.0120607
3280,81,0.380708,0.144939
3280,82,0.647596,0.419381
3280,83,0.889433,0.791092
3280,84,1.08516,1.17757
3280,85,1.21664,1.48022
3280,86,1.27135,1.61634
3280,87,1.24441,1.54855
3280,88,1.13963,1.29875
3280,89,0.969349,0.939638
3280,90,0.753132,0.567209
3280,91,0.515364,0.2656
3280,92,0.282182,0.0796264
3280,93,0.0781109,0.00610131
3280,94,-0.0771382,0.00595031
3280,95,-0.171209,0.0293126
3280,96,-0.200682,0.0402733
3280,97,-0.171429,0.0293878
3280,98,-0.0976849,0.00954234
3280,99,0,0
3290,0,0,0
3290,1,0.106816,0.0114096
3290,2,0.185651,0.0344662
3290,3,0.212608,0.0452023
3290,4,0.171393,0.0293756
3290,5,0.0557679,0.00311006
3290,6,-0.129422,0.01675
3290,7,-0.368745,0.135973
3290,8,-0.638182,0.407277
3290,9,-0.908274,0.824962
3290,10,-1.14805,1.31801
3290,11,-1.32908,1.76645
3290,12,-1.42919,2.0426
3290,13,-1.43524,2.05991
3290,14,-1.34456,1.80785
3290,15,-1.16504,1.35732
3290,16,-0.913649,0.834755
3290,17,-0.61388,0.376848
3290,18,-0.292323,0.0854527
3290,19,0.0248991,0.000619966
3290,20,0.315481,0.0995279
3290,21,0.563422,0.317445
3290,22,0.760408,0.578221
3290,23,0.905877,0.820614
3290,24,1.00583,1.01169
3290,25,1.07069,1.14638
3290,26,1.11257,1.23782
3290,27,1.14251,1.30533
3290,28,1.1681,1.36445
3290,29,1.19195,1.42074
3290,30,1.21132,1.46729
3290,31,1.21876,1.48537
3290,32,1.20383,1.4492
3290,33,1.15545,1.33506
3290,34,1.06441,1.13297
3290,35,0.925625,0.856782
3290,36,0.73966,0.547096
3290,37,0.513275,0.263452
3290,38,0.25882,0.0669878
3290,39,-0.00734945,5.40144e-05
3290,40,-0.267235,0.0714143
3290,41,-0.503816,0.253831
3290,42,-0.703547,0.494978
3290,43,-0.858213,0.736529
3290,44,-0.96584,0.932847
3290,45,-1.0305,1.06194
3290,46,-1.06107,1.12586
3290,47,-1.06909,1.14296
3290,48,-1.06634,1.13709
3290,49,-1.06233,1.12854
3290,50,-1.06233,1.12854
3290,51,-1.06634,1.13709
3290,52,-1.06909,1.14296
3290,53,-1.06107,1.12586
3290,54,-1.0305,1.06194
3290,55,-0.965839,0.932845
3290,56,-0.858211,0.736526
3290,57,-0.703546,0.494978
3290,58,-0.503815,0.25383
3290,59,-0.267236,0.0714152
3290,60,-0.00735142,5.40434e-05
3290,61,0.258819,0.0669875
3290,62,0.513274,0.26345
3290,63,0.73966,0.547097
3290,64,0.925625,0.856781
3290,65,1.06441,1.13297
3290,66,1.15545,1.33506
3290,67,1.20383,1.4492
3290,68,1.21876,1.48536
3290,69,1.21132,1.46729
3290,70,1.19195,1.42075
3290,71,1.16809,1.36444
3290,72,1.14251,1.30533
3290,73,1.11257,1.23782
3290,74,1.07069,1.14637
3290,75,1.00583,1.0117
3290,76,0.905876,0.820611
3290,77,0.760409,0.578222
3290,78,0.563421,0.317444
3290,79,0.315481,0.0995286
3290,80,0.0249008,0.000620051
3290,81,-0.292324,0.0854535
3290,82,-0.613878,0.376846
3290,83,-0.913652,0.83476
3290,84,-1.16504,1.35732
3290,85,-1.34456,1.80785
3290,86,-1.43524,2.05991
3290,87,-1.42919,2.04259
3290,88,-1.32908,1.76645
3290,89,-1.14805,1.31801
3290,90,-0.908277,0.824967
3290,91,-0.638182,0.407276
3290,92,-0.368747,0.135974
3290,93,-0.129419,0.0167493
3290,94,0.0557709,0.00311039
3290,95,0.171393,0.0293756
3290,96,0.212607,0.0452018
3290,97,0.18565,0.034466
3290,98,0.106817,0.0114098
3290,99,0,0
3300,0,0,0
3300,1,-0.115584,0.0133597
3300,2,-0.199241,0.0396969
3300,3,-0.223809,0.0500903
3300,4,-0.171,0.0292411
3300,5,-0.0342116,0.00117043
3300,6,0.180292,0.0325052
3300,7,0.45406,0.20617
3300,8,0.758839,0.575836
3300,9,1.06034,1.12433
3300,10,1.32285,1.74995
3300,11,1.51402,2.29226
3300,12,1.60913,2.5893
3300,13,1.59426,2.54165
3300,14,1.46792,2.15479
3300,15,1.24097,1.54
3300,16,0.934771,0.873797
3300,17,0.578077,0.334173
3300,18,0.202947,0.0411877
3300,19,-0.159544,0.0254544
3300,20,-0.483185,0.233468
3300,21,-0.749591,0.561887
3300,22,-0.949768,0.902059
3300,23,-1.08415,1.17537
3300,24,-1.16118,1.34833
3300,25,-1.19473,1.42738
3300,26,-1.20089,1.44213
3300,27,-1.19459,1.42704
3300,28,-1.18679,1.40847
3300,29,-1.18261,1.39857
3300,30,-1.18066,1.39397
3300,31,-1.17376,1.3777
3300,32,-1.15072,1.32415
3300,33,-1.09896,1.20771
3300,34,-1.00737,1.0148
3300,35,-0.868901,0.754989
3300,36,-0.682389,0.465655
3300,37,-0.453336,0.205514
3300,38,-0.193432,0.0374158
3300,39,0.0810385,0.00656724
3300,40,0.351623,0.123639
3300,41,0.600503,0.360604
3300,42,0.813158,0.661226
3300,43,0.980418,0.96122
3300,44,1.09951,1.20892
3300,45,1.17394,1.37814
3300,46,1.21229,1.46965
3300,47,1.22603,1.50315
3300,48,1.22699,1.50551
3300,49,1.22479,1.50011
3300,50,1.22479,1.50011
3300,51,1.22699,1.50551
3300,52,1.22603,1.50316
3300,53,1.21229,1.46965
3300,54,1.17395,1.37815
3300,55,1.09951,1.20892
3300,56,0.98042,0.961223
3300,57,0.81316,0.661229
3300,58,0.600503,0.360604
3300,59,0.351624,0.12364
3300,60,0.081039,0.00656732
3300,61,-0.193431,0.0374156
3300,62,-0.453336,0.205513
3300,63,-0.68239,0.465656
3300,64,-0.868903,0.754992
3300,65,-1.00737,1.0148
3300,66,-1.09896,1.20771
3300,67,-1.15072,1.32415
3300,68,-1.17376,1.37771
3300,69,-1.18066,1.39396
3300,70,-1.18261,1.39856
3300,71,-1.18679,1.40847
3300,72,-1.19459,1.42704
3300,73,-1.20089,1.44213
3300,74,-1.19473,1.42738
3300,75,-1.16118,1.34833
3300,76,-1.08415,1.17538
3300,77,-0.949769,0.902061
3300,78,-0.749592,0.561888
3300,79,-0.483187,0.23347
3300,80,-0.159547,0.0254553
3300,81,0.202945,0.0411867
3300,82,0.578074,0.334169
3300,83,0.934769,0.873793
3300,84,1.24096,1.53999
3300,85,1.46792,2.15478
3300,86,1.59426,2.54165
3300,87,1.60913,2.5893
3300,88,1.51402,2.29226
3300,89,1.32285,1.74994
3300,90,1.06034,1.12432
3300,91,0.75884,0.575838
3300,92,0.45406,0.206171
3300,93,0.180289,0.0325042
3300,94,-0.0342135,0.00117056
3300,95,-0.171001,0.0292413
3300,96,-0.223809,0.0500905
3300,97,-0.199239,0.0396963
3300,98,-0.115584,0.0133596
3300,99,0,0
3310,0,0,0
3310,1,0.123962,0.0153667
3310,2,0.212155,0.0450097
3310,3,0.234251,0.0548737
3310,4,0.170026,0.0289087
3310,5,0.0125393,0.000157235
3310,6,-0.230559,0.0531574
3310,7,-0.537846,0.289279
3310,8,-0.876938,0.769021
3310,9,-1.20883,1.46128
3310,10,-1.4932,2.22965
3310,11,-1.69387,2.86919
3310,12,-1.78364,3.18139
3310,13,-1.7479,3.05514
3310,14,-1.58632,2.51641
3310,15,-1.31269,1.72316
3310,16,-0.952715,0.907666
3310,17,-0.540297,0.291921
3310,18,-0.112855,0.0127362
3310,19,0.293675,0.0862452
3310,20,0.649279,0.421563
3310,21,0.933246,0.870949
3310,22,1.13593,1.29033
3310,23,1.25876,1.58449
3310,24,1.31261,1.72294
3310,25,1.31475,1.72856
3310,26,1.28515,1.65162
3310,27,1.24262,1.5441
3310,28,1.20146,1.44351
3310,29,1.16925,1.36715
3310,30,1.14599,1.3133
3310,31,1.12477,1.26512
3310,32,1.0937,1.19618
3310,33,1.03874,1.07898
3310,34,0.946915,0.896649
3310,35,0.809224,0.654843
3310,36,0.622791,0.387868
3310,37,0.391842,0.15354
3310,38,0.12737,0.0162232
3310,39,-0.154467,0.0238602
3310,40,-0.434833,0.18908
3310,41,-0.695163,0.483252
3310,42,-0.920019,0.846435
3310,43,-1.0993,1.20847
3310,44,-1.22945,1.51155
3310,45,-1.31341,1.72505
3310,46,-1.35941,1.848
3310,47,-1.37883,1.90117
3310,48,-1.3835,1.91409
3310,49,-1.38313,1.91304
3310,50,-1.38313,1.91304
3310,51,-1.38351,1.91409
3310,52,-1.37883,1.90117
3310,53,-1.35942,1.84801
3310,54,-1.31341,1.72505
3310,55,-1.22945,1.51155
3310,56,-1.0993,1.20847
3310,57,-0.920021,0.846439
3310,58,-0.695165,0.483254
3310,59,-0.434833,0.18908
3310,60,-0.154468,0.0238605
3310,61,0.127369,0.0162229
3310,62,0.391842,0.15354
3310,63,0.622792,0.387869
3310,64,0.80922,0.654838
3310,65,0.946913,0.896645
3310,66,1.03874,1.07898
3310,67,1.0937,1.19618
3310,68,1.12477,1.26512
3310,69,1.14599,1.3133
3310,70,1.16925,1.36715
3310,71,1.20146,1.44351
3310,72,1.24262,1.54411
3310,73,1.28515,1.65161
3310,74,1.31475,1.72856
3310,75,1.31261,1.72294
3310,76,1.25876,1.58449
3310,77,1.13593,1.29034
3310,78,0.933246,0.870949
3310,79,0.649282,0.421567
3310,80,0.293677,0.086246
3310,81,-0.112855,0.0127362
3310,82,-0.540298,0.291922
3310,83,-0.952712,0.90766
3310,84,-1.31269,1.72315
3310,85,-1.58631,2.5164
3310,86,-1.74789,3.05514
3310,87,-1.78364,3.18139
3310,88,-1.69387,2.86919
3310,89,-1.4932,2.22965
3310,90,-1.20883,1.46128
3310,91,-0.87694,0.769024
3310,92,-0.537846,0.289278
3310,93,-0.230559,0.0531572
3310,94,0.0125388,0.000157222
3310,95,0.170026,0.0289088
3310,96,0.234252,0.054874
3310,97,0.212153,0.0450089
3310,98,0.123961,0.0153664
3310,99,0,0
3320,0,0,0
3320,1,-0.131922,0.0174035
3320,2,-0.224359,0.0503368
3320,3,-0.24391,0.0594921
3320,4,-0.168477,0.0283843
3320,5,0.00918007,8.42737e-05
3320,6,0.280047,0.0784263
3320,7,0.619818,0.384174
3320,8,0.992077,0.984217
3320,9,1.35324,1.83126
3320,10,1.6585,2.75063
3320,11,1.86798,3.48934
3320,12,1.95211,3.81075
3320,13,1.89561,3.59335
3320,14,1.69934,2.88776
3320,15,1.37997,1.90431
3320,16,0.967436,0.935933
3320,17,0.500699,0.250699
3320,18,0.0223868,0.00050117
3320,19,-0.426808,0.182165
3320,20,-0.813178,0.661258
3320,21,-1.11375,1.24043
3320,22,-1.31825,1.73778
3320,23,-1.42913,2.0424
3320,24,-1.4596,2.13043
3320,25,-1.43031,2.04579
3320,26,-1.36506,1.86339
3320,27,-1.28644,1.65494
3320,28,-1.21206,1.46909
3320,29,-1.15193,1.32694
3320,30,-1.10744,1.22642
3320,31,-1.07197,1.14913
3320,32,-1.03296,1.06702
3320,33,-0.97499,0.950606
3320,34,-0.883242,0.780116
3320,35,-0.746799,0.557708
3320,36,-0.561081,0.314811
3320,37,-0.329019,0.108253
3320,38,-0.060868,0.00370492
3320,39,0.227388,0.0517053
3320,40,0.516587,0.266862
3320,41,0.78749,0.62014
3320,42,1.02379,1.04814
3320,43,1.21449,1.47499
3320,44,1.35526,1.83672
3320,45,1.44845,2.09802
3320,46,1.50195,2.25587
3320,47,1.52697,2.33164
3320,48,1.53534,2.35726
3320,49,1.53679,2.36171
3320,50,1.53679,2.36171
3320,51,1.53534,2.35726
3320,52,1.52697,2.33165
3320,53,1.50195,2.25587
3320,54,1.44845,2.09801
3320,55,1.35526,1.83672
3320,56,1.21449,1.47499
3320,57,1.02379,1.04814
3320,58,0.78749,0.62014
3320,59,0.516589,0.266864
3320,60,0.227386,0.0517045
3320,61,-0.0608689,0.00370503
3320,62,-0.329021,0.108255
3320,63,-0.56108,0.314811
3320,64,-0.746799,0.557709
3320,65,-0.883241,0.780115
3320,66,-0.97499,0.950606
3320,67,-1.03297,1.06702
3320,68,-1.07197,1.14913
3320,69,-1.10744,1.22642
3320,70,-1.15193,1.32694
3320,71,-1.21206,1.46909
3320,72,-1.28644,1.65493
3320,73,-1.36506,1.86339
3320,74,-1.43031,2.04579
3320,75,-1.4596,2.13043
3320,76,-1.42913,2.0424
3320,77,-1.31825,1.73778
3320,78,-1.11374,1.24043
3320,79,-0.813175,0.661253
3320,80,-0.426808,0.182165
3320,81,0.022387,0.000501179
3320,82,0.5007,0.2507
3320,83,0.967433,0.935927
3320,84,1.37997,1.90431
3320,85,1.69934,2.88776
3320,86,1.89561,3.59334
3320,87,1.95211,3.81075
3320,88,1.86798,3.48934
3320,89,1.6585,2.75063
3320,90,1.35324,1.83126
3320,91,0.992078,0.984218
3320,92,0.619817,0.384174
3320,93,0.280045,0.0784253
3320,94,0.00918044,8.42805e-05
3320,95,-0.168477,0.0283844
3320,96,-0.243908,0.0594909
3320,97,-0.224357,0.050336
3320,98,-0.131921,0.0174032
3320,99,0,0
3330,0,0,0
3330,1,0.139435,0.019442
3330,2,0.235798,0.0556005
3330,3,0.252735,0.063875
3330,4,0.166354,0.0276738
3330,5,-0.0308685,0.000952862
3330,6,-0.328585,0.107968
3330,7,-0.699686,0.489561
3330,8,-1.10386,1.2185
3330,9,-1.49306,2.22924
3330,10,-1.81818,3.30578
3330,11,-2.03576,4.14431
3330,12,-2.11397,4.46888
3330,13,-2.03691,4.14901
3330,14,-1.80662,3.26386
3330,15,-1.44258,2.08103
3330,16,-0.978878,0.958202
3330,17,-0.459402,0.21105
3330,18,0.0681577,0.00464547
3330,19,0.558499,0.311921
3330,20,0.974324,0.949308
3330,21,1.29048,1.66533
3330,22,1.49611,2.23835
3330,23,1.59466,2.54293
3330,24,1.60166,2.56532
3330,25,1.54105,2.37482
3330,26,1.44036,2.07464
3330,27,1.32592,1.75807
3330,28,1.21856,1.48489
3330,29,1.1307,1.27849
3330,30,1.06513,1.13449
3330,31,1.01553,1.0313
3330,32,0.968725,0.938429
3330,33,0.907928,0.824333
3330,34,0.816561,0.666771
3330,35,0.681838,0.464903
3330,36,0.497464,0.247471
3330,37,0.265086,0.0702705
3330,38,-0.00583333,3.40277e-05
3330,39,-0.299529,0.0897176
3330,40,-0.596584,0.355913
3330,41,-0.877143,0.769379
3330,42,-1.12408,1.26356
3330,43,-1.32556,1.75711
3330,44,-1.47647,2.17995
3330,45,-1.57858,2.49192
3330,46,-1.6394,2.68763
3330,47,-1.66993,2.78868
3330,48,-1.68196,2.829
3330,49,-1.68523,2.84
3330,50,-1.68523,2.84001
3330,51,-1.68196,2.829
3330,52,-1.66994,2.78869
3330,53,-1.6394,2.68763
3330,54,-1.57858,2.49192
3330,55,-1.47646,2.17994
3330,56,-1.32556,1.75711
3330,57,-1.12408,1.26356
3330,58,-0.877141,0.769377
3330,59,-0.596583,0.355911
3330,60,-0.299527,0.0897163
3330,61,-0.00583255,3.40186e-05
3330,62,0.265085,0.07027
3330,63,0.497463,0.247469
3330,64,0.681838,0.464902
3330,65,0.816563,0.666776
3330,66,0.907928,0.824333
3330,67,0.968726,0.938429
3330,68,1.01553,1.0313
3330,69,1.06512,1.13449
3330,70,1.1307,1.27848
3330,71,1.21856,1.48488
3330,72,1.32592,1.75806
3330,73,1.44036,2.07463
3330,74,1.54104,2.37481
3330,75,1.60166,2.56532
3330,76,1.59466,2.54293
3330,77,1.49611,2.23834
3330,78,1.29047,1.66532
3330,79,0.974321,0.949301
3330,80,0.5585,0.311922
3330,81,0.0681594,0.00464571
3330,82,-0.459401,0.211049
3330,83,-0.978877,0.958199
3330,84,-1.44258,2.08102
3330,85,-1.80661,3.26386
3330,86,-2.03691,4.149
3330,87,-2.11397,4.46888
3330,88,-2.03576,4.14432
3330,89,-1.81818,3.30578
3330,90,-1.49306,2.22924
3330,91,-1.10386,1.2185
3330,92,-0.699689,0.489564
3330,93,-0.328586,0.107969
3330,94,-0.0308658,0.000952697
3330,95,0.166358,0.0276748
3330,96,0.252737,0.0638758
3330,97,0.235797,0.0556002
3330,98,0.139437,0.0194426
3330,99,0,0
3340,0,0,0
3340,1,-0.146478,0.0214558
3340,2,-0.246442,0.0607336
3340,3,-0.26071,0.0679697
3340,4,-0.163675,0.0267895
3340,5,0.0524457,0.00275055
3340,6,0.376007,0.141381
3340,7,0.77718,0.604009
3340,8,1.21188,1.46866
3340,9,1.62782,2.6498
3340,10,1.9717,3.88762
3340,11,2.19665,4.82527
3340,12,2.26868,5.14691
3340,13,2.17132,4.71464
3340,14,1.90778,3.63961
3340,15,1.5003,2.25091
3340,16,0.987009,0.974187
3340,17,0.416545,0.17351
3340,18,-0.158475,0.0251143
3340,19,-0.688299,0.473756
3340,20,-1.13217,1.2818
3340,21,-1.46283,2.13988
3340,22,-1.66891,2.78525
3340,23,-1.75478,3.07926
3340,24,-1.7383,3.02167
3340,25,-1.64656,2.71115
3340,26,-1.51078,2.28245
3340,27,-1.3609,1.85205
3340,28,-1.22093,1.49068
3340,29,-1.10565,1.22247
3340,30,-1.01922,1.03881
3340,31,-0.955674,0.913314
3340,32,-0.901232,0.81222
3340,33,-0.837824,0.701949
3340,34,-0.747151,0.558234
3340,35,-0.614591,0.377722
3340,36,-0.432184,0.186783
3340,37,-0.200265,0.0401062
3340,38,0.0725072,0.00525729
3340,39,0.370649,0.137381
3340,40,0.674558,0.455029
3340,41,0.963831,0.92897
3340,42,1.22058,1.48981
3340,43,1.43215,2.05106
3340,44,1.59269,2.53666
3340,45,1.70338,2.9015
3340,46,1.7713,3.13752
3340,47,1.80726,3.26618
3340,48,1.82291,3.32299
3340,49,1.82798,3.34153
3340,50,1.82798,3.34152
3340,51,1.82291,3.32299
3340,52,1.80726,3.26617
3340,53,1.77131,3.13752
3340,54,1.70338,2.9015
3340,55,1.59269,2.53666
3340,56,1.43215,2.05106
3340,57,1.22058,1.48982
3340,58,0.963831,0.92897
3340,59,0.674557,0.455028
3340,60,0.370649,0.137381
3340,61,0.0725062,0.00525715
3340,62,-0.200265,0.0401062
3340,63,-0.432183,0.186782
3340,64,-0.614591,0.377722
3340,65,-0.74715,0.558233
3340,66,-0.837821,0.701943
3340,67,-0.90123,0.812215
3340,68,-0.955671,0.913307
3340,69,-1.01922,1.03881
3340,70,-1.10565,1.22247
3340,71,-1.22093,1.49067
3340,72,-1.3609,1.85205
3340,73,-1.51077,2.28244
3340,74,-1.64655,2.71114
3340,75,-1.73829,3.02167
3340,76,-1.75478,3.07927
3340,77,-1.66891,2.78524
3340,78,-1.46283,2.13987
3340,79,-1.13217,1.2818
3340,80,-0.6883,0.473757
3340,81,-0.158475,0.0251142
3340,82,0.416545,0.17351
3340,83,0.987011,0.974191
3340,84,1.5003,2.25091
3340,85,1.90778,3.63961
3340,86,2.17132,4.71465
3340,87,2.26868,5.14691
3340,88,2.19665,4.82528
3340,89,1.9717,3.88761
3340,90,1.62782,2.6498
3340,91,1.21189,1.46867
3340,92,0.777179,0.604007
3340,93,0.376007,0.141381
3340,94,0.0524463,0.00275061
3340,95,-0.163677,0.0267901
3340,96,-0.260713,0.0679715
3340,97,-0.246444,0.0607344
3340,98,-0.14648,0.0214565
3340,99,0,0
3350,0,0,0
3350,1,0.153024,0.0234164
3350,2,0.256252,0.0656649
3350,3,0.267803,0.0717184
3350,4,0.160445,0.0257427
3350,5,-0.073843,0.00545278
3350,6,-0.422155,0.178215
3350,7,-0.852048,0.725985
3350,8,-1.31583,1.7314
3350,9,-1.75709,3.08736
3350,10,-2.11857,4.48833
3350,11,-2.35012,5.52307
3350,12,-2.41572,5.83571
3350,13,-2.2984,5.28263
3350,14,-2.0025,4.00999
3350,15,-1.55297,2.41172
3350,16,-0.991817,0.983701
3350,17,-0.372295,0.138603
3350,18,0.248243,0.0616244
3350,19,0.815764,0.665471
3350,20,1.28618,1.65427
3350,21,1.63025,2.6577
3350,22,1.83606,3.3711
3350,23,1.90897,3.64417
3350,24,1.86904,3.49331
3350,25,1.74649,3.05022
3350,26,1.57608,2.48403
3350,27,1.39129,1.93568
3350,28,1.21919,1.48643
3350,29,1.07689,1.1597
3350,30,0.969893,0.940693
3350,31,0.892603,0.79674
3350,32,0.830705,0.690071
3350,33,0.764895,0.585064
3350,34,0.67522,0.455921
3350,35,0.54527,0.297319
3350,36,0.365442,0.133548
3350,37,0.134762,0.0181609
3350,38,-0.138941,0.0193045
3350,39,-0.440526,0.194063
3350,40,-0.750259,0.562888
3350,41,-1.04726,1.09675
3350,42,-1.31295,1.72384
3350,43,-1.5339,2.35285
3350,44,-1.70353,2.902
3350,45,-1.82242,3.3212
3350,46,-1.89722,3.59946
3350,47,-1.93847,3.75766
3350,48,-1.95769,3.83254
3350,49,-1.96456,3.85948
3350,50,-1.96456,3.85948
3350,51,-1.95769,3.83254
3350,52,-1.93847,3.75766
3350,53,-1.89723,3.59947
3350,54,-1.82242,3.3212
3350,55,-1.70353,2.90201
3350,56,-1.5339,2.35285
3350,57,-1.31295,1.72385
3350,58,-1.04726,1.09675
3350,59,-0.750263,0.562894
3350,60,-0.440525,0.194062
3350,61,-0.138944,0.0193054
3350,62,0.134761,0.0181606
3350,63,0.36544,0.133547
3350,64,0.54527,0.29732
3350,65,0.675218,0.45592
3350,66,0.764893,0.585062
3350,67,0.830704,0.690069
3350,68,0.892603,0.79674
3350,69,0.969892,0.94069
3350,70,1.07689,1.1597
3350,71,1.2192,1.48644
3350,72,1.39129,1.93568
3350,73,1.57608,2.48403
3350,74,1.74649,3.05023
3350,75,1.86904,3.49331
3350,76,1.90897,3.64417
3350,77,1.83605,3.3711
3350,78,1.63025,2.6577
3350,79,1.28618,1.65426
3350,80,0.815764,0.665471
3350,81,0.248243,0.0616247
3350,82,-0.372293,0.138602
3350,83,-0.991817,0.983701
3350,84,-1.55297,2.4117
3350,85,-2.00249,4.00998
3350,86,-2.2984,5.28263
3350,87,-2.41572,5.8357
3350,88,-2.35012,5.52308
3350,89,-2.11857,4.48833
3350,90,-1.75709,3.08737
3350,91,-1.31583,1.73141
3350,92,-0.852048,0.725985
3350,93,-0.422154,0.178214
3350,94,-0.0738415,0.00545256
3350,95,0.160443,0.025742
3350,96,0.267799,0.0717164
3350,97,0.256251,0.0656646
3350,98,0.153024,0.0234164
3350,99,0,0
3360,0,0,0
3360,1,-0.159051,0.0252972
3360,2,-0.265191,0.0703262
3360,3,-0.27398,0.0750652
3360,4,-0.15666,0.0245425
3360,5,0.0950056,0.00902606
3360,6,0.466894,0.21799
3360,7,0.924058,0.853884
3360,8,1.41534,2.00318
3360,9,1.88042,3.53597
3360,10,2.25826,5.09975
3360,11,2.49564,6.22823
3360,12,2.55459,6.52595
3360,13,2.41769,5.84524
3360,14,2.09043,4.36991
3360,15,1.60038,2.5612
3360,16,0.993265,0.986576
3360,17,0.326781,0.106786
3360,18,-0.337178,0.113689
3360,19,-0.94048,0.884503
3360,20,-1.43585,2.06167
3360,21,-1.79214,3.21176
3360,22,-1.99698,3.98795
3360,23,-2.05669,4.22998
3360,24,-1.99346,3.9739
3360,25,-1.84053,3.38753
3360,26,-1.63607,2.67673
3360,27,-1.41699,2.00785
3360,28,-1.21334,1.47218
3360,29,-1.04448,1.09094
3360,30,-0.917273,0.84139
3360,31,-0.826495,0.683094
3360,32,-0.757345,0.573571
3360,33,-0.689352,0.475206
3360,34,-0.600986,0.361184
3360,35,-0.474092,0.224763
3360,36,-0.297457,0.0884804
3360,37,-0.0688069,0.00473438
3360,38,0.204899,0.0419837
3360,39,0.508902,0.258982
3360,40,0.823411,0.678005
3360,41,1.12714,1.27044
3360,42,1.40086,1.96241
3360,43,1.63044,2.65833
3360,44,1.80858,3.27095
3360,45,1.93526,3.74524
3360,46,2.0167,4.06707
3360,47,2.0631,4.25637
3360,48,2.08582,4.35065
3360,49,2.09446,4.38675
3360,50,2.09446,4.38676
3360,51,2.08582,4.35065
3360,52,2.0631,4.25637
3360,53,2.0167,4.06707
3360,54,1.93526,3.74524
3360,55,1.80858,3.27096
3360,56,1.63044,2.65832
3360,57,1.40086,1.96242
3360,58,1.12713,1.27043
3360,59,0.823413,0.678008
3360,60,0.508901,0.25898
3360,61,0.204902,0.0419849
3360,62,-0.0688067,0.00473436
3360,63,-0.297456,0.0884798
3360,64,-0.474093,0.224764
3360,65,-0.600985,0.361183
3360,66,-0.689355,0.47521
3360,67,-0.757346,0.573573
3360,68,-0.826497,0.683097
3360,69,-0.917274,0.841392
3360,70,-1.04448,1.09095
3360,71,-1.21334,1.47219
3360,72,-1.41698,2.00784
3360,73,-1.63607,2.67673
3360,74,-1.84053,3.38754
3360,75,-1.99346,3.9739
3360,76,-2.05669,4.22999
3360,77,-1.99698,3.98794
3360,78,-1.79214,3.21177
3360,79,-1.43585,2.06167
3360,80,-0.94048,0.884502
3360,81,-0.33718,0.11369
3360,82,0.326782,0.106787
3360,83,0.993266,0.986577
3360,84,1.60038,2.5612
3360,85,2.09044,4.36992
3360,86,2.41769,5.84524
3360,87,2.55459,6.52595
3360,88,2.49564,6.22823
3360,89,2.25826,5.09975
3360,90,1.88042,3.53598
3360,91,1.41534,2.00318
3360,92,0.924056,0.853879
3360,93,0.466896,0.217992
3360,94,0.0950065,0.00902623
3360,95,-0.156657,0.0245415
3360,96,-0.273979,0.0750644
3360,97,-0.265191,0.0703261
3360,98,-0.15905,0.025297
3360,99,0,0
3370,0,0,0
3370,1,0.164528,0.0270695
3370,2,0.273226,0.0746526
3370,3,0.279238,0.0779738
3370,4,0.152347,0.0232095
3370,5,-0.115858,0.0134231
3370,6,-0.510061,0.260162
3370,7,-0.992923,0.985895
3370,8,-1.51003,2.28018
3370,9,-1.99737,3.98949
3370,10,-2.39033,5.71365
3370,11,-2.63273,6.93124
3370,12,-2.68481,7.20822
3370,13,-2.5288,6.39483
3370,14,-2.17129,4.71452
3370,15,-1.64236,2.69735
3370,16,-0.99134,0.982756
3370,17,-0.280149,0.0784834
3370,18,0.424979,0.180607
3370,19,1.062,1.12785
3370,20,1.58065,2.49846
3370,21,1.94797,3.7946
3370,22,2.15118,4.62757
3370,23,2.19749,4.82897
3370,24,2.11117,4.45705
3370,25,1.92835,3.71852
3370,26,1.69051,2.85783
3370,27,1.43785,2.06742
3370,28,1.20333,1.44801
3370,29,1.0085,1.01708
3370,30,0.861522,0.742221
3370,31,0.757583,0.573931
3370,32,0.681438,0.464358
3370,33,0.611508,0.373942
3370,34,0.524748,0.27536
3370,35,0.401344,0.161077
3370,36,0.228496,0.0522106
3370,37,0.00264223,6.98136e-06
3370,38,-0.270151,0.0729818
3370,39,-0.575548,0.331256
3370,40,-0.893779,0.798841
3370,41,-1.2032,1.4477
3370,42,-1.48405,2.20241
3370,43,-1.72149,2.96352
3370,44,-1.90754,3.63871
3370,45,-2.0416,4.16812
3370,46,-2.12938,4.53426
3370,47,-2.18078,4.75579
3370,48,-2.20693,4.87055
3370,49,-2.21731,4.91646
3370,50,-2.21731,4.91645
3370,51,-2.20693,4.87054
3370,52,-2.18078,4.75579
3370,53,-2.12938,4.53427
3370,54,-2.0416,4.16812
3370,55,-1.90754,3.6387
3370,56,-1.72149,2.96352
3370,57,-1.48405,2.20241
3370,58,-1.20321,1.4477
3370,59,-0.893778,0.798838
3370,60,-0.57555,0.331257
3370,61,-0.27015,0.0729811
3370,62,0.00264067,6.97313e-06
3370,63,0.228497,0.0522108
3370,64,0.401342,0.161076
3370,65,0.524746,0.275358
3370,66,0.611506,0.373939
3370,67,0.681437,0.464356
3370,68,0.757581,0.573929
3370,69,0.861523,0.742222
3370,70,1.0085,1.01708
3370,71,1.20333,1.44801
3370,72,1.43785,2.06742
3370,73,1.69051,2.85783
3370,74,1.92834,3.71851
3370,75,2.11117,4.45705
3370,76,2.19749,4.82897
3370,77,2.15118,4.62756
3370,78,1.94797,3.79459
3370,79,1.58065,2.49845
3370,80,1.062,1.12785
3370,81,0.424977,0.180605
3370,82,-0.280151,0.0784845
3370,83,-0.991341,0.982757
3370,84,-1.64236,2.69736
3370,85,-2.1713,4.71453
3370,86,-2.5288,6.39482
3370,87,-2.68481,7.20822
3370,88,-2.63273,6.93125
3370,89,-2.39033,5.71366
3370,90,-1.99737,3.9895
3370,91,-1.51003,2.28018
3370,92,-0.992923,0.985895
3370,93,-0.510059,0.260161
3370,94,-0.115856,0.0134227
3370,95,0.152344,0.0232088
3370,96,0.279238,0.0779739
3370,97,0.273225,0.0746522
3370,98,0.164528,0.0270695
3370,99,0,0
3380,0,0,0
3380,1,-0.169462,0.0287173
3380,2,-0.280336,0.0785885
3380,3,-0.283529,0.0803888
3380,4,-0.147496,0.0217551
3380,5,0.136304,0.0185788
3380,6,0.551473,0.304122
3380,7,1.05843,1.12027
3380,8,1.59963,2.55882
3380,9,2.10758,4.44189
3380,10,2.51427,6.32156
3380,11,2.76087,7.62238
3380,12,2.80594,7.8733
3380,13,2.63135,6.924
3380,14,2.2448,5.03913
3380,15,1.67878,2.81829
3380,16,0.986062,0.972318
3380,17,0.232579,0.0540931
3380,18,-0.511342,0.26147
3380,19,-1.17996,1.39231
3380,20,-1.72014,2.95888
3380,21,-2.09724,4.3984
3380,22,-2.29808,5.28119
3380,23,-2.33082,5.4327
3380,24,-2.22169,4.93591
3380,25,-2.0096,4.03851
3380,26,-1.73923,3.02494
3380,27,-1.45389,2.11379
3380,28,-1.18931,1.41447
3380,29,-0.969172,0.939294
3380,30,-0.802913,0.644669
3380,31,-0.686144,0.470793
3380,32,-0.603227,0.363883
3380,33,-0.531573,0.28257
3380,34,-0.446692,0.199534
3380,35,-0.327181,0.107048
3380,36,-0.158698,0.025185
3380,37,0.0635987,0.0040448
3380,38,0.334547,0.111922
3380,39,0.640302,0.409986
3380,40,0.961164,0.923836
3380,41,1.27523,1.62622
3380,42,1.56224,2.4406
3380,43,1.80671,3.26422
3380,44,2.00004,4.00018
3380,45,2.14101,4.58392
3380,46,2.23484,4.99452
3380,47,2.29105,5.24892
3380,48,2.32054,5.3849
3380,49,2.33262,5.4411
3380,50,2.33261,5.44109
3380,51,2.32054,5.38489
3380,52,2.29105,5.24892
3380,53,2.23484,4.99452
3380,54,2.14101,4.58391
3380,55,2.00004,4.00018
3380,56,1.80672,3.26423
3380,57,1.56224,2.4406
3380,58,1.27523,1.62622
3380,59,0.961163,0.923835
3380,60,0.640301,0.409986
3380,61,0.334547,0.111922
3380,62,0.0635988,0.0040448
3380,63,-0.158698,0.0251849
3380,64,-0.327179,0.107046
3380,65,-0.446693,0.199534
3380,66,-0.531571,0.282568
3380,67,-0.603226,0.363882
3380,68,-0.686143,0.470792
3380,69,-0.802915,0.644673
3380,70,-0.969172,0.939294
3380,71,-1.18931,1.41447
3380,72,-1.45389,2.11379
3380,73,-1.73923,3.02493
3380,74,-2.00961,4.03852
3380,75,-2.22169,4.93592
3380,76,-2.33082,5.4327
3380,77,-2.29809,5.2812
3380,78,-2.09724,4.3984
3380,79,-1.72014,2.95888
3380,80,-1.17996,1.3923
3380,81,-0.511342,0.26147
3380,82,0.23258,0.0540936
3380,83,0.986063,0.97232
3380,84,1.67877,2.81828
3380,85,2.2448,5.03913
3380,86,2.63135,6.924
3380,87,2.80594,7.87329
3380,88,2.76086,7.62237
3380,89,2.51427,6.32155
3380,90,2.10758,4.44188
3380,91,1.59963,2.55882
3380,92,1.05843,1.12026
3380,93,0.551471,0.30412
3380,94,0.136304,0.0185789
3380,95,-0.147498,0.0217557
3380,96,-0.283532,0.0803904
3380,97,-0.28034,0.0785907
3380,98,-0.169465,0.0287183
3380,99,0,0
3390,0,0,0
3390,1,0.173822,0.0302141
3390,2,0.286498,0.0820814
3390,3,0.286867,0.0822928
3390,4,0.142171,0.0202126
3390,5,-0.156291,0.0244269
3390,6,-0.591056,0.349347
3390,7,-1.12037,1.25523
3390,8,-1.6838,2.83518
3390,9,-2.21063,4.88687
3390,10,-2.62973,6.91549
3390,11,-2.8797,8.29268
3390,12,-2.91758,8.51225
3390,13,-2.72498,7.42553
3390,14,-2.31071,5.3394
3390,15,-1.70953,2.92249
3390,16,-0.977447,0.955403
3390,17,-0.184204,0.0339312
3390,18,0.595974,0.355185
3390,19,1.29389,1.67414
3390,20,1.85375,3.43639
3390,21,2.23937,5.01476
3390,22,2.43722,5.94005
3390,23,2.4563,6.0334
3390,24,2.32476,5.40451
3390,25,2.08413,4.34358
3390,26,1.78208,3.17583
3390,27,1.46497,2.14615
3390,28,1.1712,1.37171
3390,29,0.926468,0.858343
3390,30,0.741491,0.549809
3390,31,0.612303,0.374914
3390,32,0.522928,0.273454
3390,33,0.449829,0.202346
3390,34,0.367153,0.134801
3390,35,0.251965,0.0634866
3390,36,0.0884371,0.00782112
3390,37,-0.129535,0.0167793
3390,38,-0.397722,0.158183
3390,39,-0.702806,0.493936
3390,40,-1.02523,1.05109
3390,41,-1.3429,1.80337
3390,42,-1.6351,2.67356
3390,43,-1.8858,3.55626
3390,44,-2.08576,4.3504
3390,45,-2.23316,4.98701
3390,46,-2.33273,5.44163
3390,47,-2.39357,5.72917
3390,48,-2.42629,5.88689
3390,49,-2.44003,5.95375
3390,50,-2.44003,5.95375
3390,51,-2.42629,5.88689
3390,52,-2.39357,5.72918
3390,53,-2.33273,5.44163
3390,54,-2.23316,4.98702
3390,55,-2.08576,4.3504
3390,56,-1.88581,3.55627
3390,57,-1.6351,2.67356
3390,58,-1.3429,1.80337
3390,59,-1.02522,1.05108
3390,60,-0.702808,0.493939
3390,61,-0.397721,0.158182
3390,62,-0.129536,0.0167796
3390,63,0.0884385,0.00782137
3390,64,0.251964,0.063486
3390,65,0.367153,0.134801
3390,66,0.449827,0.202344
3390,67,0.522929,0.273455
3390,68,0.612301,0.374913
3390,69,0.74149,0.549807
3390,70,0.926467,0.858341
3390,71,1.1712,1.37171
3390,72,1.46497,2.14614
3390,73,1.78208,3.17582
3390,74,2.08413,4.34358
3390,75,2.32476,5.4045
3390,76,2.4563,6.03342
3390,77,2.43722,5.94004
3390,78,2.23937,5.01476
3390,79,1.85375,3.43639
3390,80,1.29389,1.67414
3390,81,0.595978,0.35519
3390,82,-0.184202,0.0339304
3390,83,-0.977447,0.955403
3390,84,-1.70953,2.92248
3390,85,-2.31071,5.3394
3390,86,-2.72498,7.42553
3390,87,-2.91758,8.51226
3390,88,-2.8797,8.29268
3390,89,-2.62973,6.91549
3390,90,-2.21063,4.88687
3390,91,-1.6838,2.83518
3390,92,-1.12037,1.25523
3390,93,-0.591053,0.349344
3390,94,-0.156289,0.0244262
3390,95,0.142172,0.020213
3390,96,0.286869,0.0822939
3390,97,0.2865,0.0820821
3390,98,0.173823,0.0302145
3390,99,0,0
3400,0,0,0
3400,1,-0.177573,0.0315321
3400,2,-0.291694,0.0850854
3400,3,-0.289245,0.0836629
3400,4,-0.136332,0.0185864
3400,5,0.175773,0.0308961
3400,6,0.6286,0.395138
3400,7,1.17849,1.38883
3400,8,1.7623,3.1057
3400,9,2.30623,5.3187
3400,10,2.73627,7.48716
3400,11,2.98875,8.93261
3400,12,3.01934,9.11644
3400,13,2.80943,7.89289
3400,14,2.36882,5.61131
3400,15,1.7345,3.00848
3400,16,0.965554,0.932295
3400,17,0.135255,0.0182938
3400,18,-0.678568,0.460455
3400,19,-1.40346,1.9697
3400,20,-1.98114,3.92492
3400,21,-2.37395,5.63565
3400,22,-2.56809,6.59509
3400,23,-2.5734,6.6224
3400,24,-2.41986,5.85571
3400,25,-2.1515,4.62893
3400,26,-1.81885,3.30822
3400,27,-1.47111,2.16415
3400,28,-1.14918,1.32062
3400,29,-0.880721,0.77567
3400,30,-0.677667,0.459232
3400,31,-0.536485,0.287816
3400,32,-0.440933,0.194422
3400,33,-0.366596,0.134392
3400,34,-0.286368,0.0820065
3400,35,-0.17586,0.0309269
3400,36,-0.0178111,0.000317236
3400,37,0.195126,0.0380743
3400,38,0.459657,0.211284
3400,39,0.763044,0.582236
3400,40,1.08593,1.17924
3400,41,1.40611,1.97716
3400,42,1.70252,2.89858
3400,43,1.95859,3.83607
3400,44,2.16449,4.685
3400,45,2.31781,5.37226
3400,46,2.42277,5.86982
3400,47,2.48803,6.19028
3400,48,2.52387,6.36993
3400,49,2.53922,6.44766
3400,50,2.53922,6.44766
3400,51,2.52387,6.36993
3400,52,2.48803,6.19029
3400,53,2.42277,5.86983
3400,54,2.31782,5.37227
3400,55,2.16449,4.685
3400,56,1.95859,3.83608
3400,57,1.70252,2.89859
3400,58,1.40612,1.97716
3400,59,1.08593,1.17924
3400,60,0.763044,0.582237
3400,61,0.459657,0.211285
3400,62,0.195127,0.0380745
3400,63,-0.0178139,0.000317334
3400,64,-0.17586,0.0309266
3400,65,-0.286369,0.0820071
3400,66,-0.366595,0.134392
3400,67,-0.440933,0.194422
3400,68,-0.536481,0.287812
3400,69,-0.677664,0.459229
3400,70,-0.880718,0.775665
3400,71,-1.14918,1.32061
3400,72,-1.47111,2.16415
3400,73,-1.81885,3.30822
3400,74,-2.1515,4.62894
3400,75,-2.41986,5.85571
3400,76,-2.5734,6.62241
3400,77,-2.56809,6.5951
3400,78,-2.37395,5.63564
3400,79,-1.98114,3.92493
3400,80,-1.40346,1.9697
3400,81,-0.678567,0.460453
3400,82,0.135257,0.0182943
3400,83,0.965554,0.932295
3400,84,1.7345,3.00849
3400,85,2.36882,5.61131
3400,86,2.80943,7.89289
3400,87,3.01935,9.11644
3400,88,2.98875,8.93261
3400,89,2.73627,7.48717
3400,90,2.30623,5.3187
3400,91,1.7623,3.10571
3400,92,1.17849,1.38883
3400,93,0.628599,0.395137
3400,94,0.175773,0.0308963
3400,95,-0.136334,0.0185869
3400,96,-0.289249,0.0836649
3400,97,-0.291694,0.0850856
3400,98,-0.177573,0.0315321
3400,99,0,0
3410,0,0,0
3410,1,0.180758,0.0326734
3410,2,0.295893,0.0875524
3410,3,0.290627,0.0844642
3410,4,0.130086,0.0169223
3410,5,-0.194611,0.0378734
3410,6,-0.664052,0.440965
3410,7,-1.23265,1.51941
3410,8,-1.83479,3.36644
3410,9,-2.39398,5.73115
3410,10,-2.83358,8.0292
3410,11,-3.08773,9.53409
3410,12,-3.11089,9.67762
3410,13,-2.88434,8.31943
3410,14,-2.41891,5.85115
3410,15,-1.75361,3.07514
3410,16,-0.95037,0.903203
3410,17,-0.0858184,0.0073648
3410,18,0.758862,0.575871
3410,19,1.50823,2.27477
3410,20,2.10175,4.41736
3410,21,2.50045,6.25223
3410,22,2.69027,7.23758
3410,23,2.68187,7.19242
3410,24,2.50688,6.28445
3410,25,2.21169,4.89159
3410,26,1.84952,3.42074
3410,27,1.47226,2.16754
3410,28,1.12321,1.26159
3410,29,0.83189,0.692041
3410,30,0.611431,0.373848
3410,31,0.45875,0.210452
3410,32,0.357374,0.127716
3410,33,0.282092,0.0795759
3410,34,0.204625,0.0418716
3410,35,0.0992079,0.00984222
3410,36,-0.0527906,0.00278685
3410,37,-0.259947,0.0675724
3410,38,-0.519912,0.270309
3410,39,-0.820565,0.673327
3410,40,-1.14282,1.30604
3410,41,-1.46444,2.1446
3410,42,-1.76406,3.11192
3410,43,-2.02465,4.0992
3410,44,-2.23581,4.99883
3410,45,-2.39456,5.73392
3410,46,-2.50456,6.27283
3410,47,-2.57402,6.6256
3410,48,-2.61287,6.82711
3410,49,-2.62979,6.91578
3410,50,-2.62979,6.91578
3410,51,-2.61287,6.82711
3410,52,-2.57403,6.62561
3410,53,-2.50456,6.27283
3410,54,-2.39456,5.73391
3410,55,-2.23581,4.99884
3410,56,-2.02465,4.09919
3410,57,-1.76407,3.11193
3410,58,-1.46445,2.14461
3410,59,-1.14282,1.30604
3410,60,-0.820566,0.673329
3410,61,-0.519912,0.270308
3410,62,-0.25995,0.0675738
3410,63,-0.0527926,0.00278706
3410,64,0.0992062,0.00984186
3410,65,0.204624,0.041871
3410,66,0.282092,0.0795759
3410,67,0.357375,0.127717
3410,68,0.458751,0.210453
3410,69,0.61143,0.373847
3410,70,0.831889,0.692039
3410,71,1.1232,1.26159
3410,72,1.47226,2.16754
3410,73,1.84952,3.42074
3410,74,2.2117,4.8916
3410,75,2.50688,6.28446
3410,76,2.68187,7.19243
3410,77,2.69028,7.23761
3410,78,2.50045,6.25224
3410,79,2.10175,4.41736
3410,80,1.50823,2.27477
3410,81,0.75886,0.575869
3410,82,-0.085817,0.00736456
3410,83,-0.950371,0.903205
3410,84,-1.75361,3.07513
3410,85,-2.41891,5.85114
3410,86,-2.88434,8.31942
3410,87,-3.11089,9.67763
3410,88,-3.08773,9.53409
3410,89,-2.83358,8.02919
3410,90,-2.39398,5.73115
3410,91,-1.83479,3.36644
3410,92,-1.23264,1.51941
3410,93,-0.664053,0.440966
3410,94,-0.194611,0.0378736
3410,95,0.130083,0.0169217
3410,96,0.290627,0.0844642
3410,97,0.295894,0.0875532
3410,98,0.180759,0.0326738
3410,99,0,0
3420,0,0,0
3420,1,-0.183289,0.0335948
3420,2,-0.299112,0.0894678
3420,3,-0.291058,0.0847149
3420,4,-0.123345,0.015214
3420,5,0.212835,0.0452987
3420,6,0.697206,0.486096
3420,7,1.28259,1.64505
3420,8,1.90111,3.61423
3420,9,2.47366,6.11901
3420,10,2.92124,8.53367
3420,11,3.17621,10.0883
3420,12,3.19191,10.1883
3420,13,2.94951,8.69962
3420,14,2.46082,6.05565
3420,15,1.76678,3.12153
3420,16,0.932001,0.868625
3420,17,0.0361227,0.00130485
3420,18,-0.836589,0.699881
3420,19,-1.60795,2.5855
3420,20,-2.21532,4.90766
3420,21,-2.61854,6.85673
3420,22,-2.80334,7.85872
3420,23,-2.78117,7.73493
3420,24,-2.5853,6.68379
3420,25,-2.2643,5.12705
3420,26,-1.87389,3.51147
3420,27,-1.46845,2.15634
3420,28,-1.09352,1.1958
3420,29,-0.780385,0.609
3420,30,-0.543275,0.295148
3420,31,-0.379596,0.144093
3420,32,-0.272696,0.0743633
3420,33,-0.196682,0.0386839
3420,34,-0.122186,0.0149294
3420,35,-0.0221736,0.000491668
3420,36,0.123296,0.0152019
3420,37,0.323998,0.104975
3420,38,0.578535,0.334703
3420,39,0.875446,0.766406
3420,40,1.19598,1.43038
3420,41,1.51795,2.30418
3420,42,1.81976,3.31152
3420,43,2.08397,4.34292
3420,44,2.29966,5.28842
3420,45,2.46328,6.06777
3420,46,2.57795,6.64583
3420,47,2.65138,7.0298
3420,48,2.69309,7.25276
3420,49,2.71152,7.35231
3420,50,2.71151,7.35231
3420,51,2.6931,7.25277
3420,52,2.65138,7.0298
3420,53,2.57795,6.64583
3420,54,2.46328,6.06777
3420,55,2.29966,5.28842
3420,56,2.08397,4.34291
3420,57,1.81976,3.31154
3420,58,1.51795,2.30419
3420,59,1.19599,1.43038
3420,60,0.875446,0.766407
3420,61,0.578534,0.334702
3420,62,0.323995,0.104973
3420,63,0.123295,0.0152016
3420,64,-0.0221768,0.000491811
3420,65,-0.122187,0.0149297
3420,66,-0.196682,0.0386837
3420,67,-0.272696,0.0743633
3420,68,-0.379594,0.144092
3420,69,-0.543275,0.295147
3420,70,-0.780382,0.608996
3420,71,-1.09352,1.1958
3420,72,-1.46845,2.15634
3420,73,-1.87389,3.51147
3420,74,-2.2643,5.12705
3420,75,-2.5853,6.68378
3420,76,-2.78117,7.73493
3420,77,-2.80334,7.85874
3420,78,-2.61854,6.85674
3420,79,-2.21533,4.90767
3420,80,-1.60795,2.5855
3420,81,-0.836589,0.699882
3420,82,0.0361198,0.00130464
3420,83,0.932002,0.868627
3420,84,1.76678,3.12153
3420,85,2.46082,6.05565
3420,86,2.94951,8.69962
3420,87,3.19191,10.1883
3420,88,3.17621,10.0883
3420,89,2.92124,8.53366
3420,90,2.47366,6.119
3420,91,1.90111,3.61423
3420,92,1.28259,1.64505
3420,93,0.697209,0.4861
3420,94,0.212834,0.0452984
3420,95,-0.123346,0.0152142
3420,96,-0.29106,0.0847157
3420,97,-0.299111,0.0894674
3420,98,-0.183289,0.033595
3420,99,0,0
3430,0,0,0
3430,1,0.18525,0.0343175
3430,2,0.301292,0.090777
3430,3,0.290459,0.0843666
3430,4,0.116236,0.0135108
3430,5,-0.230297,0.0530368
3430,6,-0.728058,0.530069
3430,7,-1.32824,1.76422
3430,8,-1.96095,3.84533
3430,9,-2.54495,6.47679
3430,10,-2.99909,8.99453
3430,11,-3.25399,10.5884
3430,12,-3.26213,10.6415
3430,13,-3.0047,9.0282
3430,14,-2.4944,6.22205
3430,15,-1.77398,3.14701
3430,16,-0.910456,0.828929
3430,17,0.0137262,0.00018841
3430,18,0.91149,0.830814
3430,19,1.70218,2.89742
3430,20,2.32133,5.38857
3430,21,2.72771,7.44042
3430,22,2.90695,8.45033
3430,23,2.87116,8.24353
3430,24,2.65509,7.04951
3430,25,2.30935,5.33311
3430,26,1.89196,3.57953
3430,27,1.45964,2.13056
3430,28,1.06005,1.1237
3430,29,0.726097,0.527217
3430,30,0.473131,0.223853
3430,31,0.29902,0.0894128
3430,32,0.187006,0.0349713
3430,33,0.110561,0.0122236
3430,34,0.0393475,0.00154823
3430,35,-0.0548737,0.00301112
3430,36,-0.19329,0.0373609
3430,37,-0.386825,0.149634
3430,38,-0.635052,0.403291
3430,39,-0.927208,0.859716
3430,40,-1.24495,1.5499
3430,41,-1.56618,2.45291
3430,42,-1.86916,3.49376
3430,43,-2.1361,4.56294
3430,44,-2.35561,5.5489
3430,45,-2.52357,6.3684
3430,46,-2.64253,6.98295
3430,47,-2.71967,7.39663
3430,48,-2.76413,7.64039
3430,49,-2.78399,7.75062
3430,50,-2.78399,7.75061
3430,51,-2.76413,7.64041
3430,52,-2.71968,7.39663
3430,53,-2.64253,6.98296
3430,54,-2.52357,6.36841
3430,55,-2.35561,5.54891
3430,56,-2.13611,4.56295
3430,57,-1.86916,3.49376
3430,58,-1.56618,2.45291
3430,59,-1.24495,1.5499
3430,60,-0.92721,0.859719
3430,61,-0.635053,0.403293
3430,62,-0.386824,0.149632
3430,63,-0.19329,0.0373611
3430,64,-0.0548752,0.00301128
3430,65,0.0393463,0.00154813
3430,66,0.11056,0.0122235
3430,67,0.187006,0.0349713
3430,68,0.29902,0.089413
3430,69,0.473131,0.223853
3430,70,0.726094,0.527212
3430,71,1.06005,1.1237
3430,72,1.45964,2.13055
3430,73,1.89197,3.57953
3430,74,2.30935,5.33309
3430,75,2.65509,7.0495
3430,76,2.87116,8.24354
3430,77,2.90694,8.45033
3430,78,2.72771,7.44043
3430,79,2.32133,5.38857
3430,80,1.70219,2.89744
3430,81,0.911493,0.830819
3430,82,0.013728,0.000188457
3430,83,-0.910459,0.828935
3430,84,-1.77398,3.147
3430,85,-2.4944,6.22205
3430,86,-3.00469,9.02819
3430,87,-3.26213,10.6415
3430,88,-3.25399,10.5885
3430,89,-2.99909,8.99453
3430,90,-2.54495,6.47678
3430,91,-1.96095,3.84532
3430,92,-1.32824,1.76421
3430,93,-0.728058,0.530069
3430,94,-0.230298,0.0530373
3430,95,0.116236,0.0135109
3430,96,0.290459,0.0843666
3430,97,0.30129,0.0907756
3430,98,0.18525,0.0343177
3430,99,0,0
3440,0,0,0
3440,1,-0.18653,0.0347933
3440,2,-0.302476,0.0914919
3440,3,-0.288923,0.0834764
3440,4,-0.10868,0.0118112
3440,5,0.247032,0.0610249
3440,6,0.756397,0.572136
3440,7,1.36937,1.87517
3440,8,2.01423,4.05712
3440,9,2.60768,6.79999
3440,10,3.06676,9.405
3440,11,3.32075,11.0274
3440,12,3.32134,11.0313
3440,13,3.04973,9.30087
3440,14,2.51956,6.34816
3440,15,1.77518,3.15125
3440,16,0.885838,0.784709
3440,17,-0.0635094,0.00403344
3440,18,-0.983309,0.966896
3440,19,-1.79071,3.20663
3440,20,-2.41956,5.85427
3440,21,-2.82772,7.99602
3440,22,-3.00071,9.00426
3440,23,-2.95136,8.71055
3440,24,-2.7158,7.37557
3440,25,-2.3465,5.50604
3440,26,-1.90359,3.62366
3440,27,-1.44593,2.09071
3440,28,-1.02307,1.04667
3440,29,-0.669475,0.448197
3440,30,-0.401523,0.161221
3440,31,-0.217556,0.0473304
3440,32,-0.100759,0.0101524
3440,33,-0.0240967,0.000580653
3440,34,0.0436534,0.00190562
3440,35,0.131819,0.0173762
3440,36,0.262746,0.0690354
3440,37,0.448489,0.201143
3440,38,0.689585,0.475527
3440,39,0.976002,0.952579
3440,40,1.28986,1.66374
3440,41,1.60925,2.58969
3440,42,1.91238,3.65718
3440,43,2.18115,4.75739
3440,44,2.40371,5.77782
3440,45,2.57543,6.63282
3440,46,2.69826,7.28058
3440,47,2.77886,7.72206
3440,48,2.82588,7.98562
3440,49,2.84712,8.1061
3440,50,2.84712,8.10609
3440,51,2.82588,7.98562
3440,52,2.77886,7.72204
3440,53,2.69825,7.28057
3440,54,2.57543,6.63282
3440,55,2.40371,5.77783
3440,56,2.18115,4.7574
3440,57,1.91237,3.65717
3440,58,1.60925,2.58969
3440,59,1.28986,1.66374
3440,60,0.976003,0.952581
3440,61,0.689585,0.475528
3440,62,0.44849,0.201143
3440,63,0.262747,0.0690358
3440,64,0.131817,0.0173757
3440,65,0.0436542,0.00190569
3440,66,-0.0240971,0.000580669
3440,67,-0.10076,0.0101526
3440,68,-0.217555,0.0473303
3440,69,-0.401521,0.161219
3440,70,-0.669477,0.4482
3440,71,-1.02307,1.04666
3440,72,-1.44593,2.09071
3440,73,-1.90359,3.62367
3440,74,-2.34649,5.50603
3440,75,-2.7158,7.37558
3440,76,-2.95136,8.71056
3440,77,-3.00071,9.00426
3440,78,-2.82773,7.99603
3440,79,-2.41956,5.85428
3440,80,-1.79071,3.20664
3440,81,-0.98331,0.966898
3440,82,-0.0635112,0.00403367
3440,83,0.885835,0.784703
3440,84,1.77517,3.15124
3440,85,2.51955,6.34815
3440,86,3.04973,9.30085
3440,87,3.32134,11.0313
3440,88,3.32075,11.0274
3440,89,3.06676,9.405
3440,90,2.60768,6.79999
3440,91,2.01423,4.05713
3440,92,1.36937,1.87516
3440,93,0.7564,0.572141
3440,94,0.247031,0.0610242
3440,95,-0.108679,0.0118111
3440,96,-0.288923,0.0834765
3440,97,-0.302475,0.0914913
3440,98,-0.186527,0.0347923
3440,99,0,0
3450,0,0,0
3450,1,0.187237,0.0350577
3450,2,0.30262,0.0915786
3450,3,0.286367,0.0820063
3450,4,0.100809,0.0101625
3450,5,-0.262888,0.0691102
3450,6,-0.782247,0.611911
3450,7,-1.40591,1.97659
3450,8,-2.06064,4.24625
3450,9,-2.66155,7.08383
3450,10,-3.12408,9.75987
3450,11,-3.37628,11.3993
3450,12,-3.36928,11.3521
3450,13,-3.08442,9.51366
3450,14,-2.53616,6.43211
3450,15,-1.77036,3.13416
3450,16,-0.85821,0.736524
3450,17,0.113113,0.0127946
3450,18,1.05182,1.10633
3450,19,1.87314,3.50867
3450,20,2.50954,6.29778
3450,21,2.91811,8.51538
3450,22,3.08432,9.51303
3450,23,3.02163,9.13028
3450,24,2.76742,7.65859
3450,25,2.3758,5.64441
3450,26,1.90883,3.64363
3450,27,1.4273,2.0372
3450,28,0.982553,0.965411
3450,29,0.610473,0.372678
3450,30,0.328417,0.107858
3450,31,0.135229,0.0182868
3450,32,0.0140818,0.000198298
3450,33,-0.0624981,0.00390601
3450,34,-0.126497,0.0160016
3450,35,-0.20825,0.0433682
3450,36,-0.331214,0.109703
3450,37,-0.508509,0.258581
3450,38,-0.741641,0.550031
3450,39,-1.02134,1.04314
3450,40,-1.33027,1.76961
3450,41,-1.64675,2.7118
3450,42,-1.949,3.7986
3450,43,-2.21869,4.9226
3450,44,-2.44358,5.97107
3450,45,-2.61848,6.85641
3450,46,-2.74477,7.53377
3450,47,-2.82856,8.00078
3450,48,-2.87802,8.283
3450,49,-2.90056,8.41327
3450,50,-2.90056,8.41328
3450,51,-2.87802,8.28301
3450,52,-2.82857,8.00079
3450,53,-2.74477,7.53376
3450,54,-2.61847,6.85641
3450,55,-2.44358,5.97108
3450,56,-2.21869,4.9226
3450,57,-1.949,3.79859
3450,58,-1.64676,2.71181
3450,59,-1.33027,1.76961
3450,60,-1.02134,1.04315
3450,61,-0.74164,0.55003
3450,62,-0.50851,0.258582
3450,63,-0.331215,0.109703
3450,64,-0.208252,0.0433688
3450,65,-0.126499,0.0160019
3450,66,-0.0625004,0.00390629
3450,67,0.0140829,0.000198328
3450,68,0.135229,0.0182868
3450,69,0.328418,0.107858
3450,70,0.610474,0.372678
3450,71,0.982554,0.965413
3450,72,1.42731,2.0372
3450,73,1.90883,3.64363
3450,74,2.3758,5.64441
3450,75,2.76742,7.65859
3450,76,3.02163,9.13027
3450,77,3.08432,9.51303
3450,78,2.91811,8.51537
3450,79,2.50954,6.29778
3450,80,1.87314,3.50866
3450,81,1.05182,1.10633
3450,82,0.113112,0.0127944
3450,83,-0.858209,0.736522
3450,84,-1.77036,3.13416
3450,85,-2.53616,6.43212
3450,86,-3.08442,9.51367
3450,87,-3.36928,11.3521
3450,88,-3.37628,11.3993
3450,89,-3.12408,9.75987
3450,90,-2.66155,7.08383
3450,91,-2.06064,4.24626
3450,92,-1.40591,1.9766
3450,93,-0.782247,0.61191
3450,94,-0.262889,0.0691106
3450,95,0.100807,0.010162
3450,96,0.286368,0.0820067
3450,97,0.30262,0.0915791
3450,98,0.187235,0.0350569
3450,99,0,0
